Date,Open,High,Low,Close,Volume,Return_1D,Return_5D,Return_10D,Return_20D,MA5,MA20,MA50,Price_to_MA5,Price_to_MA20,Price_to_MA50,High_Low_Range,Open_Close_Return,Volatility_10,Volatility_20,Volume_Change,Relative_Volume,RSI_14,MACD,MACD_Signal,MACD_Histogram,BB_Position,ATR_Percent,India_VIX_Return_1D,India_VIX_Return_5D,NIFTY_Bank_Return_1D,NIFTY_Bank_Return_5D,SP500_Return_1D,SP500_Return_5D,USD_INR_Return_1D,USD_INR_Return_5D,Gold_Return_1D,Gold_Return_5D,Crude_Oil_Return_1D,Crude_Oil_Return_5D
2024-09-18,25402.400390625,25482.19921875,25285.55078125,25377.55078125,215700,,,,,,,,,,,0.007748913171135968,-0.0009782386307150323,,,,,,0.0,0.0,0.0,,,,,,,,,,,,,,
2024-09-19,25487.05078125,25611.94921875,25376.05078125,25415.80078125,314500,0.0015072376499098983,,,,,,,,,,0.009281566200897725,-0.0027955372558215452,,,0.45804357904496995,,,3.051282051284943,0.6102564102569886,2.4410256410279545,,,,,,,,,,,,,,
2024-09-20,25525.94921875,25849.25,25426.599609375,25790.94921875,533100,0.014760441377741573,,,,,,,,,,0.016387546927421094,0.010381592383853257,,,0.6950715421303657,,,35.33348628461681,7.554902385128953,27.778583899487856,,,-0.06731485611322718,,0.005444567880189322,,,,-0.0009418049941802842,,,,,
2024-09-23,25872.55078125,25956.0,25847.349609375,25939.05078125,209200,0.005742385099666292,,,,,,,,,,0.0041886802852299345,0.0025702916021791314,,,-0.607578315513037,,,72.03752038440143,20.451425984983448,51.58609439941799,,,0.025661562788439563,,0.01424645221484222,,-0.0019410273951238066,,-0.0009200849727142302,,,,,
2024-09-24,25921.44921875,26011.55078125,25886.849609375,25940.400390625,384100,5.2030021699067674e-05,,,,25692.750390625,,,0.009638905770491757,,,0.004807218469922603,0.0007311000135475402,,,0.8360420650095601,,,100.08096300093894,36.37733338817455,63.70362961276439,,,0.07818608311044262,,0.005811172546715593,,0.0028092730585327352,,-0.0015260668644485609,,0.0023807909244859538,,-0.021551661037618852,
2024-09-25,25899.44921875,26032.80078125,25871.349609375,26004.150390625,278500,0.0024575565157058943,0.024691098631864694,,,25818.0703125,,,0.007207358097359728,,,0.006208669364302949,0.004042602257317549,,,-0.27492840406144237,,,125.9972674668752,54.301320203914685,71.69594726296052,,,-0.02900649888591611,,-0.002535758029064139,,0.0025111788443470395,,0.0008684232338260767,,0.009236569274269524,,0.016910540934567786,
2024-09-26,26005.400390625,26250.900390625,25998.400390625,26216.05078125,370900,0.008148714241454025,0.031486318565668414,,,25978.1203125,,,0.009158879314124846,,,0.009631504077669498,0.008100255618480687,,,0.33177737881508085,,,161.76993298187517,75.79504275950679,85.97489022236839,,,-0.04854373080944152,-0.04712042781102643,0.0024652644528118106,0.02561592025889614,-0.0018612489301417234,,9.56874540964936e-05,-0.0024233195324581125,0.0028763358878876044,,-0.026131849929932338,
2024-09-27,26248.25,26277.349609375,26151.400390625,26178.94921875,490300,-0.0014152231703233875,0.015044037220542705,,,26055.7203125,,,0.004729437711644469,,,0.00481108762989586,-0.002640205775623137,,,0.3219196548935024,,,184.99374932004503,97.63478407161443,87.3589652484306,,,-0.0580847554484073,-0.03769047770363798,0.005059053335799701,0.025222671474379954,0.00403867571712313,0.005553373980422327,0.0006761388182561223,-0.0008077749869435102,0.003799289066706679,,-0.02898556753760073,
2024-09-30,26061.30078125,26134.69921875,25794.099609375,25810.849609375,343100,-0.014060900852023384,-0.004942400281187975,,,26030.080078125,,,-0.008422197246109708,,,0.013195985972166048,-0.00961007948057562,,,-0.3002243524372833,,,171.71678474231885,112.45118420575531,59.26560053656354,,,-0.0033333301544189453,-0.06489444301654268,-0.009950294861599263,0.0007640661477088528,-0.0012532169669905446,0.006246349160899944,-8.366194443498731e-05,2.874206650527178e-05,-0.009944638264371974,0.008276073950752139,0.007536606325260875,-0.0520021963151891
2024-10-01,25788.44921875,25907.599609375,25739.19921875,25796.900390625,247400,-0.0005404401234794243,-0.005531911529471301,,,26001.380078125,,,-0.007864185934962298,,,0.006527931188438412,0.00032771151934391657,,,-0.27892742640629553,,,158.24495989090792,121.60993934278584,36.635020548122085,,,0.06939798671059627,-0.07251631637173883,-0.015904343630821494,-0.020842482736911916,0.004236552581176722,0.007678520609127881,0.001187515060638189,0.0027465495414755736,-0.0032608204317906564,0.0026012826932140243,-0.00014670190944121586,-0.03126338626928038
2024-10-03,25452.849609375,25639.44921875,25230.30078125,25250.099609375,423400,-0.021196375260987388,-0.028997324270276903,-0.005022201432029694,,25850.569921875,,,-0.023228513503366854,,,0.016203834591927275,-0.007965709266805296,0.010396506303970985,,0.7113985448666127,,,102.26731445301266,117.74141436483121,-15.474099911818556,,,-0.0625488814011661,-0.10455567858911474,-0.0010476026577608266,-0.019381639874226586,-0.009324107094664358,-0.004217769105822944,0.001324721066746859,0.0032037036157805954,0.011619217725451048,0.004968266278716937,0.024350941861482678,-0.024175458168825825
2024-10-04,25181.900390625,25485.05078125,24966.80078125,25014.599609375,374900,-0.009326695880144675,-0.045828839053603354,-0.015785501913871514,,25610.2796875,,,-0.023259413227561976,,,0.02071790106949262,-0.00664369164577764,0.010728555072423197,,-0.11454888993859236,,,38.45842056915353,101.88481560569568,-63.42639503654215,,,0.09841537345298357,0.03375198688390868,-0.02035807598153727,-0.04170758717928391,-0.0015432552824611312,-0.0039005262139322205,0.0011010782156890553,0.004212218849136029,-0.004125970135221535,-0.0020486460684737695,0.05556347059542044,0.05768397908216927
2024-10-07,25084.099609375,25143.0,24694.349609375,24795.75,374300,-0.008748875168602677,-0.052836315437722714,-0.038587149713221525,,25333.63984375,,,-0.02123223694137666,,,0.018093842316727664,-0.011495314317251053,0.009231665273032203,,-0.001600426780474784,,,-29.430663655453827,75.62171975346578,-105.05238340891961,,,0.07289294097081878,0.17750000953674316,-0.007390239468140214,-0.053577598995408815,0.008970249395274354,0.000992052194200621,0.001070047665759688,0.004607519648696545,-0.004254965120749521,-0.010055977771959657,0.009089651027908596,0.09915766611549826
2024-10-08,24832.19921875,25044.0,24756.80078125,25013.150390625,333200,0.00876764730346924,-0.030905577724968047,-0.035695230270117895,,25174.1,,,-0.006393460317349886,,,0.011481929075900935,0.007286957159169758,0.009623601763147896,,-0.10980496927598182,,,-64.94224362595196,47.508927077582236,-112.45117070353419,,0.011621308884943568,0.06723282389037166,0.26086955481669727,-0.019104414395164526,-0.06232833518882919,-0.009586022165882668,-0.007359485871577531,0.00021904810339945513,0.004911649883150959,-0.0006747315372888085,-0.0007871135187524914,0.03710677921682293,0.1314168237660227
2024-10-09,25065.80078125,25234.05078125,24947.69921875,24981.94921875,290600,-0.0012473907279866303,-0.031591050069378346,-0.03694820270474275,,25011.109765625,,,-0.0011659037583000575,,,0.011462338666715453,-0.0033452576772541646,0.009577680730628499,,-0.1278511404561825,,42.11132661883953,-94.51360638915139,19.104420384235514,-113.6180267733869,,0.011892303132353173,-0.032493353686817605,0.14073496451160872,0.010739171798116676,-0.0369417080789719,0.009689347495581924,-0.001969655026085926,-0.0007580564264916267,0.002958841419514746,-0.011477906097618118,-0.0090245923446296,-0.04627948824307726,0.07921375489106097
2024-10-10,25067.05078125,25134.05078125,24979.400390625,24998.44921875,261400,0.0006604768849507447,-0.00996631278759652,-0.03867464065419246,,24960.7796875,,,0.001509148821535744,,,0.006186399375086236,-0.002736722524666266,0.009465168902564566,,-0.10048176187198898,,41.60478810422943,-115.2887355467683,-7.774210801965248,-107.51452474480304,,0.01165230204793284,-0.03221386306465823,0.1776480529692519,-0.00027439681699692464,-0.03619628487533311,0.007113411987488272,0.014589890792642946,-0.0005896226950854455,0.0010413735281793457,-0.0035667840525418493,-0.02390069793744143,-0.004485548897968816,0.04883282175711412
2024-10-11,24985.30078125,25028.650390625,24920.05078125,24964.25,210500,-0.0013680536120755926,-0.0020128089260372795,-0.047749403283323666,,24950.709765625,,,0.0005426793266480878,,,0.004350205168390799,-0.0008425266293290883,0.008554174223682046,,-0.1947207345065034,,30.726954488164893,-132.97985720248835,-32.815340082069866,-100.16451712041848,,0.0107387939753848,-0.0439093406929254,0.025056941670035027,0.010271108622345926,-0.006062292863874941,-0.002070122839989974,0.014054510065852677,0.00032894336082645026,0.0002692847226830608,0.005064755837062007,-0.014892469047074308,0.035636273709432675,0.02903268777952328
2024-10-14,25023.44921875,25159.75,25017.5,25127.94921875,206400,0.006557345754428789,0.013397425718117084,-0.04014676033090159,,25017.149609375,,,0.004428946187117866,,,0.005661027040513746,0.004176082964681721,0.009252628402407715,,-0.019477434679334937,,31.227115003155305,-132.26635549739512,-52.70554316513492,-79.56081233226021,,0.01075538952039767,-0.020740720960829018,-0.06440197027897299,-0.006958886165839506,-0.005630362482669793,0.006051847587953629,0.011121402259480995,4.526255554204717e-05,-0.0007546806547468199,0.014018868380057281,0.003186145829682241,-0.0038233476778023467,0.01586448438758925
2024-10-15,25186.30078125,25212.05078125,25008.150390625,25057.349609375,257200,-0.0028096049048969007,0.0017670392597393114,-0.029193149834413568,,25025.989453125,,,0.0012531035509601995,,,0.008137348674287259,-0.005119893270352667,0.008558094341890065,,0.24612403100775193,,30.19666587825111,-135.83191296637233,-69.33081712538241,-66.50109584098992,,0.011011458635943187,-0.016641472207644226,-0.13793103012131014,0.012596612745741309,0.02650612516151929,0.0077076668832223305,0.02877666512219812,0.0026481031939558086,0.001672009713000966,-0.003998038701437889,-0.0001500008791259777,-0.02289565621276679,-0.04290896531998056
2024-10-16,25008.55078125,25093.400390625,24908.44921875,24971.30078125,226800,-0.0034340754096676696,-0.00042624526239964933,-0.032003829796351635,,25023.859765625,25432.275,,-0.002100354816054306,-0.018125559697274474,,0.007406549362213153,-0.0014894905476861117,0.008517324767196343,,-0.11819595645412129,0.7148372862658577,27.066638796059152,-143.9417928512812,-84.25301227056218,-59.688780580719026,0.2567965554781839,0.011116623143116683,0.0,-0.10897876188889999,0.0017195464257180326,0.01734579878873399,-0.007609466332438197,0.011150831944198414,-0.0014233001909789156,0.0010051481357737924,0.004989422344032102,0.0165060338513765,-0.044020044960001226,-0.040641536987526816
2024-10-17,25027.400390625,25029.5,24728.900390625,24749.849609375,252800,-0.008868227322834543,-0.009944601251046348,-0.01981180303202701,-0.024734505598498213,24974.13984375,25400.88994140625,,-0.008980899273338894,-0.025630611113746204,,0.012145512563483854,-0.011089876571997769,0.00620325491788382,0.008369029608443117,0.11463844797178124,0.7921536677842885,17.582008521061255,-166.3209455847391,-100.66659893339757,-65.65434665134153,0.17307518684682727,0.011354906433695975,0.0038461685180664062,-0.07577901582835966,-0.00202190919643197,0.015567486447938483,0.004679145956573816,0.008706807176942943,9.15906777210207e-05,0.0016874485287285967,0.004628820387624799,0.024866736035081827,-0.002692015251870572,-0.03891314250748956
2024-10-18,24664.94921875,24886.19921875,24567.650390625,24854.05078125,290900,0.004210173941240125,-0.0044142811720760955,-0.006418204993568155,-0.022102392320230146,24952.1,25372.80244140625,,-0.0039294976675309234,-0.020445185799014887,,0.012816777069004566,0.007666813372404888,0.0058915214486685566,0.008436904776834593,0.15071202531645578,0.9149237301462494,21.550387856989474,-173.6467302196761,-115.26262519065328,-58.38410502902282,0.246996903432644,0.011860816738181266,0.02605365115850966,-0.008148122716833073,-0.009888795541294626,-0.004698106642631705,-0.00017116047891174713,0.010626276975405968,-0.0002010453632766973,0.0011567400489636004,0.0060193775788504045,0.025840165919049696,0.003977820453541003,-0.06829268832408908
2024-10-21,24956.150390625,24978.30078125,24679.599609375,24781.099609375,242000,-0.00293518237799828,-0.013803339315736407,-0.0005908428107639363,-0.039155193583989556,24882.730078125,25322.3099609375,,-0.004084377736321865,-0.021372866551170766,,0.012053588282337463,-0.00701433428273294,0.00525341664101932,0.007571437602264179,-0.16809900309384673,0.7976400402116053,24.678505699872048,-183.2268916619214,-128.8554784849069,-54.37141317701449,0.23926875972955855,0.011647420261659172,-0.026138937452997335,-0.01361575654614089,0.01570320275053949,0.01801557529025133,0.00397155273894878,0.008536523208438895,0.00017257972370732233,0.0012841987208909167,0.008310249307479145,0.02006499652211602,-0.020517857447453047,-0.0839067832549123
2024-10-22,24798.650390625,24882.0,24445.80078125,24472.099609375,279500,-0.012469180337869368,-0.02335642073577615,-0.021630653188443927,-0.05655377231210723,24765.680078125,25248.96240234375,,-0.011854326948578797,-0.03076810763901483,,0.017824347960029418,-0.013168086815460361,0.005576846553954186,0.0076895623001087205,0.1549586776859504,0.9106904304193412,21.551291708538074,-213.29423305784803,-145.74322939949514,-67.5510036583529,0.13404761057517317,0.012576132589037909,0.05521474456557396,0.05846155606783343,-0.0025242733734675005,0.0028137689758844786,-0.0018227694906369774,-0.0010017521079332958,0.00017726988045851932,-0.001183273512484928,0.0032600374885531913,0.027498425120838332,0.01935851364142782,-0.04429099541326975
2024-10-23,24378.150390625,24604.25,24378.099609375,24435.5,284600,-0.001495564743491773,-0.021456662828406303,-0.021873762289928433,-0.05801376879166753,24658.519921875,25173.7173828125,,-0.009044335287826999,-0.02932492534124198,,0.009254993375416914,0.002352500434038453,0.005572833598424722,0.007666273800998395,0.018246869409660027,0.9425869806415288,27.59874919300175,-237.34019036311292,-164.0626215922187,-73.27756877089422,0.1545170678075709,0.011599785888578386,0.04651158277636491,0.1076922783484826,-0.013578024079923368,-0.012500511742380427,-0.0004748538883844189,0.0061803653037049155,5.7082945331243806e-05,0.00029746546173647914,0.007630854441409207,0.030199018042292636,0.02168365691943719,0.021394084268379077
2024-10-24,24412.69921875,24480.650390625,24341.19921875,24399.400390625,216700,-0.0014773427748562273,-0.014159650433481996,-0.023963439607113113,-0.061711302845662064,24588.430078125,25093.4798828125,,-0.007687749356074969,-0.027659754463265962,,0.005715352412044577,-0.0005447504188633894,0.005491525958726784,0.007569924553931185,-0.23858046380885456,0.7251250648329401,30.998303624644976,-256.3546250069776,-182.52102227517048,-73.8336027318071,0.16841351870210633,0.010508024985199397,0.015277796726168358,0.12030648826648105,-0.00035406646786306784,-0.010850181082686428,-0.009191323428069387,-0.007710829719643653,0.0001248674871017208,0.0003307491213455638,-0.01101534384611802,0.014156672546494775,-0.018310441973630964,0.005398455131594426
2024-10-25,24418.05078125,24440.25,24073.900390625,24180.80078125,372600,-0.008959220549493163,-0.027088139713140946,-0.031382846220094684,-0.07763373732307666,24453.780078125,24991.7173828125,,-0.01116307155797125,-0.03244741404286966,,0.015150433299920763,-0.009716172766016943,0.0058449540639643,0.007182361370842974,0.7194277803414859,1.246445656173686,31.003091596697473,-285.7686993361385,-203.1705576873641,-82.59814164877443,0.08657779081670146,0.010359908423325537,-0.044459618578541193,0.04331590058511736,0.005701681092527222,0.004725157394177115,0.002145772011323821,-0.005411369124535659,-0.0001950810893109889,0.0003367165677170547,0.0071444276022927244,0.015290822656971459,-0.00819548154828098,-0.006792072166063701
2024-10-28,24251.099609375,24492.599609375,24134.900390625,24339.150390625,278600,0.0065485676346082045,-0.0178341246238648,-0.03139129346601888,-0.0702777950616632,24365.390234375,24899.72744140625,,-0.0010769309868463584,-0.022513381003884114,,0.014696454601298625,0.003630795414157686,0.005843331616230537,0.007545249087597194,-0.2522812667740204,0.9662036796198997,28.390509778775254,-292.92541324119156,-221.1215287981296,-71.80388444306197,0.1694758096571891,0.01049940494556354,0.04724408266260394,0.12193252739564775,-0.014432032688966756,-0.025084366773981737,-0.00029944716993013376,-0.009642453103212434,0.00016898226212624934,0.00033311851576178775,0.0020736278202200253,0.009011024782509258,0.022652746581935723,0.03698349484900154
2024-10-29,24328.849609375,24484.5,24140.849609375,24466.849609375,332000,0.0052466588480091225,-0.0002145300192382127,-0.023565940101624716,-0.052071125915662764,24364.340234375,24832.52744140625,,0.004207352795680297,-0.014725759707467923,,0.014045551270864189,0.005672278065577848,0.0064248128112134005,0.007370821577222117,0.1916726489590812,1.1536189582681817,34.44745721931757,-285.00751166262853,-233.8987253710294,-51.10878629159913,0.25671005554852244,0.010611883980361591,-0.023239928224763617,0.03851742181360862,0.009290711972315346,-0.013536603141781955,0.0026514435020339455,-0.005203290930123949,0.00024018285473692558,0.00039604129320358616,0.0004718669285628252,0.006206871593026353,-0.06129843411404423,-0.045068033095311155
2024-10-30,24371.44921875,24498.19921875,24307.30078125,24340.849609375,285200,-0.005149825253829232,-0.0038734787757566114,-0.025247029676098487,-0.05644285783183289,24345.41015625,24759.72490234375,,-0.000187326762857154,-0.01691760690479638,,0.007842718744972423,-0.0012555514897923431,0.006479262863612245,0.007373639421815871,-0.14096385542168677,0.9845346589339962,31.376371088629156,-285.60736072030704,-244.24045244088495,-41.36690827942209,0.1678425915822706,0.010773186632072258,0.016095206194865597,0.008333391834189907,0.020706455634842413,0.020749316215802116,0.001614127248163344,-0.0031241921020143115,9.525177175007116e-06,0.0003484674058653603,0.009144089482737927,0.007717968132209263,-0.0025229767865074804,-0.06769312666552374
2024-10-31,24349.849609375,24372.44921875,24172.599609375,24205.349609375,287000,-0.005566773640794054,-0.007953096311520857,-0.022000133681367884,-0.04137607439822133,24306.6,24707.48740234375,,-0.004165551357450226,-0.02032330462388976,,0.008256423170917392,-0.005934328232744636,0.006198736276548927,0.006036690556793113,0.006311360448807868,1.0146362157958,29.673750079776013,-293.63166000230194,-254.11869395316836,-39.51296604913358,0.10310686528827506,0.011102767656938477,0.06818180026907794,0.06087553695549963,-0.009808722482938181,0.011095064306485325,-0.003300233889343751,0.002802971014517208,-0.00016047502785410117,6.306109631215584e-05,0.007083510294533024,0.02615965012054966,0.020830256583091344,-0.030521352764914522
2024-11-01,24302.75,24368.25,24280.19921875,24304.349609375,38800,0.004090004961616156,0.00510937703191372,-0.022117166200114835,-0.028393418687133853,24331.309765625,24671.97490234375,,-0.0011080437719833691,-0.01490052151981669,,0.0036228404653970195,6.5820097519828e-05,0.0061850197617923635,0.005935179353504013,-0.864808362369338,0.14583450790250135,27.14888774487224,-288.6748385280516,-261.02992286814504,-27.644915659906587,0.2126569238102763,0.010961734566980767,0.0025789788048191653,0.11309949130316621,-0.006411203734980497,-0.0010827795749143165,-0.018614700871699585,-0.017971116416873878,-2.3589713904481613e-06,0.00025583297364861757,-0.01838760322128241,0.00014556604408677565,0.009473859788609929,-0.01324975456372346
2024-11-04,24315.75,24316.75,23816.150390625,23995.349609375,285500,-0.0127137736646451,-0.014125422446234048,-0.03170763252582787,-0.03227974110986764,24262.549609375,24631.9548828125,,-0.011012857440866664,-0.02584469143704493,,0.020862359478997356,-0.013176660831971047,0.007026922832602286,0.006250610117557483,6.358247422680412,1.091298281826348,23.97696642979662,-306.1511198399312,-270.0541622625023,-36.096957577428896,0.04787082420522164,0.011986098775905623,0.022508001511405196,0.08680789433731917,0.0038571251865842093,0.017454100026404573,0.004092509543626166,-0.013656796157722972,2.8489183228730397e-05,0.00011532769488886707,-3.6408414677224776e-05,-0.0019604103292415465,0.003320758308477556,-0.03190305035485508
2024-11-05,23916.5,24229.05078125,23842.75,24213.30078125,289500,0.00908305881860727,-0.010362953636166017,-0.010575260490761407,-0.031977163887152216,24211.83984375,24591.96240234375,,6.033979695163616e-05,-0.015397779766354147,,0.015954073537513682,0.012409875243033053,0.00716995197915566,0.006278535314040172,0.014010507880910739,1.1159079520487223,32.55387630701179,-298.96804311317464,-275.83693843263677,-23.131104680537874,0.2309514779263447,0.012472184121611694,0.04968559336357825,0.16794965560611352,-0.008875824185294201,-0.0008593714814407738,-0.002812083478299976,-0.0190314582509018,0.0005006332311774386,0.0003757455605644111,-0.0010912265580105274,-0.003519703732209445,0.02849335757378002,0.060700565954352026
2024-11-06,24308.75,24537.599609375,24204.05078125,24484.05078125,351100,0.011181870759630508,0.005883162427487543,0.001986895346933748,-0.01993032781950843,24240.480078125,24567.06748046875,,0.010048097328930305,-0.003379186355260022,,0.01362310636851126,0.00721142721242351,0.008136024632869174,0.0069001502109084355,0.21278065630397247,1.3377531386332895,44.018123780781025,-268.3349426222594,-274.3365392705613,6.00159664830187,0.43899945528864426,0.012430388414068478,-0.03415216756051487,0.11019286026359776,0.01936923084432851,-0.0021683429396781584,0.012265644545291332,-0.008599493379274126,0.0002246190657424485,0.0005909182201477847,0.0012744884066093753,-0.011290548841027759,0.007275732953475611,0.07112035179898091
2024-11-07,24489.599609375,24503.349609375,24179.05078125,24199.349609375,322200,-0.011628025706147627,-0.00024787908858281416,-0.00819900399383855,-0.03196596726390688,24239.280078125,24527.1125,,-0.0016473454913389363,-0.013363288916500071,,0.013401138185935557,-0.011851970004805134,0.008963593860600694,0.007282581694171582,-0.08231273141555118,1.2135821766888266,36.372890423577985,-263.98790674479096,-272.2668127654072,8.278906020616262,0.25449458889028787,0.012593601909382041,-0.07754347944151607,-0.04126372236481224,0.0021098302917699208,0.009842174154321315,0.025295927786425976,0.019844628046975732,-0.0004300983242484513,0.000321092298112724,-0.02669378610290485,-0.044451584486401186,-0.00416718198729471,0.044891441534107734
2024-11-08,24207.69921875,24276.150390625,24066.650390625,24148.19921875,298700,-0.002113709312467793,-0.006424791987223899,-0.00134824163992453,-0.03268877619996591,24208.05,24486.3099609375,,-0.0024723503648579337,-0.013808154137021078,,0.008675595149030102,-0.0024578957075736653,0.008520560232094194,0.007283251942127927,-0.0729360645561763,1.1066856857042293,36.70600977218742,-261.6540732525318,-270.1442648628322,8.490191610300371,0.2417660073804995,0.012356427096972093,0.004707444207326272,-0.0392283345896689,-0.0076628129355270636,0.008570090812577869,0.007431229727488331,0.04691126785466415,0.0016036763470754778,0.0019276470919666888,0.011022680365348814,-0.015822209008631738,0.009345768532968313,0.044758856172478545
2024-11-11,24087.25,24336.80078125,24004.599609375,24141.30078125,273400,-0.00028567088740283353,0.006082477407121312,-0.008128862602007958,-0.03926498055654226,24237.240234375,24436.9775390625,,-0.003958348896048514,-0.01209956334983986,,0.013760698931890742,0.002243958162513363,0.008195729666442938,0.0070346222773293955,-0.08470036826247074,1.0005306398785017,42.04159614468339,-257.394061134637,-267.59422411719316,10.20016298255615,0.2524716207049033,0.012052251611726727,-0.03145912493676484,-0.08993706828992032,-0.006843696729363469,-0.0021809699317791864,0.0037568333092317108,0.04656127696358747,0.0006551677704906833,0.0025555158069181516,-0.0040653410457155426,-0.01978753939689304,-0.02736323024091214,0.01280758982599517
2024-11-12,24225.80078125,24242.0,23839.150390625,23883.44921875,255800,-0.010680930776533315,-0.01362274253642548,-0.023844524323289207,-0.046848545792959495,24171.269921875,24378.28251953125,,-0.01190755405302557,-0.020298119868977782,,0.016867312827610254,-0.014131692305707775,0.008437284229761937,0.007298864346514954,-0.06437454279444033,0.936361806102092,37.99655163627407,-271.69253456209844,-268.4138862061742,-3.278648355924247,0.06646392964750661,0.012710827537403147,-0.01382168663264327,-0.14499700412565553,0.006119927116343238,0.012916074801938793,0.0009690634297987444,0.05052963826336132,0.0009074037339387164,0.002963121757045162,-0.028610693283079858,-0.04679193149980421,-0.03324803110555652,-0.04799216799484529
2024-11-13,23822.44921875,23873.599609375,23509.599609375,23559.05078125,304600,-0.013582562322921432,-0.03777969618934007,-0.032118797850995584,-0.05655492328458933,23986.269921875,24307.67001953125,,-0.01781098695280603,-0.03079765513024224,,0.015450537603564978,-0.011056732037975603,0.009137417678687317,0.0077174350782416926,0.19077404222048466,1.0993413335739421,33.76355398840283,-305.6767690472989,-275.86646277439917,-29.81030627289971,-0.11374205315691055,0.013596521885699497,0.022424645028663592,-0.09491318901930457,-0.01385879452259442,-0.020101599275004878,-0.00289265965137242,0.03479834489168865,0.00016120814792808247,0.002899537227258442,-0.004354930876873997,-0.05215110917197907,0.0011758058491799783,-0.05375740008370189
2024-11-14,23542.150390625,23675.900390625,23484.150390625,23532.69921875,257700,-0.0011185324376894457,-0.027548277180422076,-0.02778932762716535,-0.04917809238582016,23852.93984375,24246.8125,,-0.013425624979468087,-0.02945184160804637,,0.008148236554488427,-0.00040145745899081777,0.009118823270791618,0.007594428969072329,-0.15397242284963886,0.9292514063176114,36.473093592749734,-330.9212167887199,-286.8774135772633,-44.04380321145658,-0.0372853727886236,0.01308178658224829,0.05825904173446106,0.03833219228049689,-0.020904909953478046,-0.04260622549232618,0.00023222772482434095,0.009502355082579017,-1.419270878066925e-05,0.0033168282527120674,-0.007596995149130148,-0.033553804577123536,0.004550756695459901,-0.045473594995270594
2024-11-18,23605.30078125,23606.80078125,23350.400390625,23453.80078125,263300,-0.0033527151631265184,-0.02875570270104577,-0.03499574527996896,-0.0563389047654298,23714.06015625,24176.8,,-0.010974897309240728,-0.029904669714354237,,0.01093214669197573,-0.006418049971230972,0.008794033946386505,0.007429711646144566,0.021730694606131085,0.9541929404943104,30.887475766716236,-353.2223407537822,-300.14639901256714,-53.07594174121505,-0.024099193870680623,0.012817287957178165,-0.042746105268723356,-0.010709494772824124,0.0018207670227718964,-0.03345659315920757,-0.006049734794859041,-0.004006324252064708,0.0003281545483169168,0.0020391247900362064,-0.00525810850811903,-0.049116765498593895,0.003945588804067146,-0.05058048136038551
2024-11-19,23529.55078125,23780.650390625,23464.80078125,23518.5,297500,0.002758581406631766,-0.025798145132830408,-0.019872584360625223,-0.050950104284207876,23589.5,24113.67001953125,,-0.003009813688293561,-0.02468185137514045,,0.013429836485107469,-0.0004696554283053308,0.008346689569787352,0.007535374043165123,0.12988985947588305,1.0673985971332722,28.955030846566387,-361.508214264828,-312.4187620630193,-49.08945220180868,0.0674591196168569,0.012731001658269023,0.026387033177865504,0.04837593616775182,0.003671814456913225,-0.02322285857665951,-0.009337404279417871,-0.016999289673818363,0.0006456107550942836,0.0020295545568012052,0.01620746896313907,-0.02976100256742653,0.006695876772945919,-0.017334379637949593
2024-11-21,23488.44921875,23507.30078125,23263.150390625,23349.900390625,420300,-0.007168807933116472,-0.02233968901385197,-0.03565810371849798,-0.04585627047382956,23482.790234375,24057.56005859375,,-0.0056590312489982475,-0.02941527180001624,,0.010456164118071636,-0.005898594106178851,0.007493142332690319,0.007257508086339432,0.4127731092436975,1.470840405242253,28.417745426331265,-377.3297852647702,-325.4009667033695,-51.9288185614007,0.025409180017524027,0.013020086276513276,0.03230057802596087,0.09740710196629321,0.005216032441455409,-0.0241003917940118,0.003963584828470035,-0.014058522801469242,-0.0009351884172105196,0.00018489661386045242,0.006272432391649874,0.005080814866566641,0.0033255597941077575,0.01984124714808777
2024-11-22,23411.80078125,23956.099609375,23359.0,23907.25,367600,0.023869464111237804,0.014779849238540699,-0.023558225164755697,-0.02161813754578379,23552.430078125,24031.14755859375,,0.015065108810345285,-0.005155707121004438,,0.024975670952326178,0.021162371206694806,0.010673283315803665,0.009329515627857398,-0.12538662859862004,1.2680015867266863,44.51538761731796,-340.9646109668356,-328.5136955560627,-12.450915410772893,0.4147125465910695,0.013930614760465667,0.021072792268295615,0.09595610718907022,-0.005009265157575604,-0.015342769465525485,0.00536252963056949,-0.005895777241552436,-0.0001824217069175127,-0.00015874137973737046,0.016685633730045613,0.026320781272466842,0.010232008801236203,0.02906628960226243
2024-11-25,24253.55078125,24351.55078125,24135.44921875,24221.900390625,687200,0.013161295867362366,0.029286957924736123,0.0009318755096321407,-0.007274768935231712,23690.2703125,24022.27255859375,,0.022440861632739173,0.008310114355098097,,0.008921742679762704,-0.0013049796671202622,0.011142317395104656,0.009853799723965571,0.869423286180631,2.192515075136394,48.59457566266087,-283.4874248890592,-319.50844142266203,36.02101653360285,0.6402678548343737,0.014579480219917475,0.006879337831527055,0.04274616703519629,0.015137107922151172,0.020903999479669366,0.003467959094991535,-0.0026798698456149683,0.001246625079948327,0.001101894156869232,0.013944465284642105,0.04859847329281841,0.01626247381544932,0.04106382501917394
2024-11-26,24343.30078125,24343.30078125,24125.400390625,24194.5,230700,-0.0011312238174179257,0.031581201940716896,0.0019173595857222558,0.0005665328817654469,23838.41015625,24022.95751953125,,0.014937650682910197,0.007140772751618174,,0.009006195235487404,-0.006112596750421422,0.011124469670942888,0.009645815151928177,-0.664289871944121,0.7530970995805246,53.75521583329957,-237.4106017168524,-303.0888734815001,65.67827176464772,0.6204206343351601,0.013761388592227275,-0.04968945166334415,0.035182710903820746,0.02096593739873498,0.04041385758096028,0.003020480305938378,0.006421096693177031,-0.0006190147236105892,0.00015399226297319046,-0.034547582353354755,0.017723230357586495,-0.03228516972672435,0.003493529895567171
2024-11-27,24204.80078125,24354.55078125,24145.650390625,24274.900390625,295000,0.003323085437806128,0.032161931697387125,0.00553406838287529,-0.002639779900647121,23989.690234375,24019.74501953125,,0.011888863651991599,0.010622734374835296,,0.008605612680729171,0.002896103546090821,0.011163738300599406,0.009558404768297366,0.27871694841785866,0.9604271459035341,51.225082911299474,-192.1912862845893,-280.90935604211796,88.71806975752867,0.6804958829240007,0.013193811495313923,0.0006536097226907955,0.009228763521335281,-0.00030646937700518073,0.03628993821749926,0.005722005647630368,0.021720057126126457,-0.0006927681314009559,-0.0011837290762316544,0.0010693331403952566,0.002562514695031437,-0.002465996407301163,-0.005639198935679657
2024-11-28,24274.150390625,24345.75,23873.349609375,23914.150390625,366700,-0.014861029054492936,0.024164985313022802,0.0012854580422536621,-0.02258971741659055,24102.540234375,23992.11005859375,,-0.00781618210852808,-0.003249387726980024,,0.0197540110314851,-0.014830591151772578,0.011698827549315257,0.010014278013219443,0.24305084745762717,1.1871540030431544,39.057630733991395,-183.350611387119,-261.3976071111182,78.0469957239992,0.44231621232861484,0.013807575146005379,-0.044415433477356214,-0.06577265281017253,0.0021133859201210026,0.03309138062575934,-0.003801238017440034,0.013817902743651578,-0.0004550827123905865,-0.0007037428088965125,0.007095659851660274,0.0033827070861840447,-0.0007269946895994694,-0.009655543663908195
2024-11-29,23927.150390625,24188.44921875,23927.150390625,24131.099609375,282100,0.009072001940535257,0.009363252125401234,0.02428148881873793,-0.008617201263147911,24147.31015625,23981.62255859375,24665.95203125,-0.0006713189489888638,0.006232983211041487,-0.02168383450990985,0.010828301749808561,0.008523757130306257,0.010901874072927066,0.010214085271972553,-0.2307062994273248,0.9137286021992971,48.65456141566752,-157.0282006539237,-240.5237258196793,83.4955251657556,0.6133654132654879,0.01353543789082472,0.03964456043534481,-0.04878047180338685,-0.007551350294837,0.030451952787732717,,,0.0009627757758270405,0.00044085754930578425,,,,
2024-12-02,24140.849609375,24301.69921875,24008.650390625,24276.05078125,220400,0.006006820004948565,0.0022355962889666348,0.03158802802815441,0.0029208903410185005,24158.140234375,23985.1576171875,24643.92203125,0.0048807791382559085,0.012128048883616627,-0.014927463637221305,0.012071519818674173,0.0056005142346976546,0.01087516502852849,0.010232788348723239,-0.2187167671038639,0.721664674776117,52.43050089259457,-123.05267767174519,-217.02951619009247,93.97683851834728,0.7186986028834178,0.013700448085006619,-0.051282033597300214,-0.10372671035561154,0.0028657103161207065,0.017995422996942345,,0.010560638313883874,0.0006076743010343666,-0.00019757902483730216,,-0.02035246374369426,,-0.04548003875526918
2024-12-03,24367.5,24481.349609375,24280.0,24457.150390625,339500,0.007460011144599932,0.010855789151460016,0.04277982996159513,0.006286972649169664,24210.6703125,23992.79765625,24624.7490234375,0.010180638327793146,0.01935383864057383,-0.00680610521768088,0.008232750183855516,0.003679096773366164,0.010690798344419127,0.01032760115175278,0.5403811252268602,1.059480714018225,55.63142356286655,-80.58467598147035,-189.74054814836805,109.1558721668977,0.8395670519914942,0.013228373508162913,0.018710983948663662,-0.03921571071829566,0.001025796185178729,-0.0018867021021883312,0.0024484564662998753,0.009984314312663667,0.0010109410684489006,0.0014330641142583644,0.0005645464809935774,0.015275921329005238,0.0014705657958984375,-0.012184565383488333
2024-12-04,24488.75,24573.19921875,24366.30078125,24467.44921875,348000,0.00042109681465385407,0.00793201310928393,0.04034905367051467,0.019674629336950744,24249.180078125,24016.40263671875,24598.2790234375,0.0090010936420033,0.018780771993789136,-0.0053186568280993995,0.008456068944916772,-0.0008698190495635751,0.010752383343255605,0.009859212790389194,0.025036818851251752,1.0755180566501321,61.4205396156079,-45.572122259956814,-160.9068629706858,115.334740710729,0.8149980296767052,0.012650759189009066,-0.022448974693051515,-0.061397812429397125,0.011260051046844133,0.009661534924269244,0.0004514491145146682,0.004691420852788397,0.002129918149824217,0.00426175511287652,0.0035357917411134032,0.01777738246198024,0.02701914843631581,0.017013317659625216
2024-12-05,24539.150390625,24857.75,24295.55078125,24708.400390625,361500,0.009847825562885104,0.03321255353112473,0.0581801197124352,0.020447423250876673,24408.030078125,24041.1576171875,24573.666015625,0.012306208716499345,0.027754186552168214,0.005482876462727715,0.022753363627833745,0.006897141804251735,0.010113259735318847,0.009893551133568103,0.0387931034482758,1.104947045069002,73.23467747985359,1.5998822270958044,-128.4055139311295,130.0053961582253,0.929752808928545,0.013071884316924414,0.00556714852770801,-0.012303506751042859,0.010838605342935681,0.01845247471088962,0.006051417924264779,0.014628071323568914,-0.0006372752351043731,0.004078702826316283,0.00311107955018608,0.013750539857930733,-0.020017178681853598,-0.0026193291906047023
2024-12-06,24729.44921875,24751.05078125,24620.5,24677.80078125,226700,-0.0012384293961259507,0.02265546041103761,0.03223084132428444,0.007913314742361788,24517.3703125,24050.8451171875,24548.4140234375,0.006543543075996361,0.026067926553419163,0.005270676862829893,0.005290211328279766,-0.0020885397423586723,0.008002252053812633,0.009610454202210742,-0.37289073305670817,0.7063515555624795,73.10911054527682,36.09877864456212,-95.50465541599118,131.6034340605533,0.8899340783786723,0.012910955138138697,0.0055363269731505405,-0.044707449274840716,0.006320104110153935,0.032687384568240274,-0.0018697756269248078,,0.0002822628561811591,0.003396071517589805,-0.010387881823236578,,-0.003501573687828219,
2024-12-09,24633.900390625,24705.0,24580.05078125,24619.0,248100,-0.0023827399277279726,0.014127059703421097,0.01639423839463472,0.017341391293525632,24585.96015625,24071.82763671875,24520.711015625,0.0013438500485651872,0.0227308192605451,0.0040084067836521076,0.005075316574596856,-0.0006048733813452736,0.0073355546367801705,0.009213693887982785,0.09439788266431415,0.7820577480771655,73.70700343336725,58.025785838937736,-64.7985671650054,122.82435300394313,0.8252011480884082,0.012560404946382876,-0.026840977069218952,-0.020097017028406383,-0.0017545625220577454,0.027929721180042222,0.0024954538421815275,0.009596566834872311,-0.0002738969455762241,0.002512043593028812,0.004229042337068556,0.0009785839880505076,-0.01610550592043225,-0.01176475076114425
2024-12-10,24652.650390625,24677.80078125,24510.650390625,24610.05078125,261000,-0.0003635086213900074,0.006251766382546764,0.017175423391679878,0.019125714440080932,24616.540234375,24094.92021484375,24488.591015625,-0.00026362165695148487,0.02137921859931713,0.004959851121998149,0.0067919563478653685,-0.0017279930839079248,0.00730715520207329,0.009191847433898372,0.051995163240628806,0.8276386929016505,72.72407164047048,73.8299046711254,-37.07287279777923,110.90277746890465,0.7944286127490714,0.012101459073312068,-0.002121689244489633,-0.04013606532266922,-0.0019015315037517189,0.024923717591970762,-0.006144213927296471,0.0009426251051409817,-0.0002101863342846011,0.0012890850040896407,0.0098510867084729,0.010268967022051934,0.017410801361211092,0.003964820536134672
2024-12-11,24620.5,24691.75,24583.849609375,24641.80078125,187300,0.0012901233029631864,0.00712585774435337,0.015114393250680314,0.020732105719370564,24651.410546875,24119.94521484375,24457.848046875,-0.00038982619703342714,0.02163585206176566,0.007521215031774053,0.004378754279480323,0.0008651644462947544,0.007286112259143661,0.009187110394886778,-0.28237547892720305,0.6021539945346407,78.52002666370021,87.90344615308277,-12.077609007606835,99.9810551606896,0.7872469615420753,0.011658459453436264,-0.023387663482322574,-0.0410577701660807,0.0031821078167495465,0.016736629021315785,-0.002963883313944371,-0.0024743840956295005,0.0021413235709957235,0.001300480855587427,0.012137855731237046,0.018928746148097808,0.003217691713777171,-0.019302345673302246
2024-12-12,24604.44921875,24675.25,24527.94921875,24548.69921875,266100,-0.003778196379659149,-0.006463436294953162,0.026534450012230426,0.027854016976649243,24619.4703125,24153.20771484375,24432.6050390625,-0.002874598553571195,0.016374284880728007,0.00475160874175673,0.006000349751219952,-0.002265850355126637,0.005001345357420376,0.00884588407652681,0.4207154297917779,0.8540753935775841,67.8115787030308,90.5010711471732,8.438127023349173,82.06294412382404,0.714812681639827,0.010367432228426964,-0.037010107771428435,-0.08166085585308214,-0.003478082466534582,0.002336406448481876,0.008165786048233592,-0.000377934224844112,0.00031471692785922656,0.002254318923512688,0.014089188568283673,0.0300799646770602,0.02478502213736955,0.025532535404497514
2024-12-13,24498.349609375,24792.30078125,24180.80078125,24768.30078125,310100,0.008945547808588916,0.003667263578396307,0.026405807534251258,0.0513284686733817,24637.5703125,24213.67021484375,24412.033046875,0.005306142898501287,0.0229056793738871,0.014593939541655887,0.02468881516744642,0.011019157460782395,0.004983385058873529,0.008250365390736616,0.16535137166478764,0.9944202154951257,66.017802074733,109.02296954827398,28.555095528334135,80.46787401993984,0.8030543364259839,0.010757693034292486,-0.006028701930719693,-0.09222299912003362,-0.0032758553329608198,-0.00722156567723875,-0.005414022527810203,-0.0039274784848686295,-0.0001991081930549088,0.0017719988514521834,-0.01715821441068255,0.02303277535466486,-0.003841289926648672,0.02518292114870313
2024-12-16,24753.400390625,24781.25,24601.75,24668.25,187600,-0.004039468921733236,0.00200048742840897,0.016155808137167105,0.04825416628557577,24647.4203125,24270.44775390625,24400.3960546875,0.0008451061910701441,0.01639039584795987,0.010977442526431735,0.007276559950543715,-0.0034399472105355474,0.005231416889473864,0.008343823820119894,-0.39503386004514673,0.6084291436262507,63.320651183020566,114.31074250300298,45.70622492326791,68.60451757973507,0.7267198212491849,0.010690133744431464,-0.010614055655972177,-0.07708628897612546,0.006902970188596758,0.0013885530840318516,-2.6466639124200775e-05,-0.006433241162641545,-0.0002109258891299648,0.0018350987754145454,-0.012401216035536011,0.006091122942186278,0.01813773683730524,0.0608631570390592
2024-12-17,24584.80078125,24624.099609375,24303.44921875,24336.0,264900,-0.013468730047733413,-0.011135725955461862,-0.0049535775300887375,0.037614339227067584,24592.61015625,24314.55771484375,24386.8240625,-0.01043444167250318,0.0008818702526987021,-0.002084078778349485,0.013175969371507232,-0.01012010564835457,0.006632532306788581,0.008991845930358362,0.4120469083155651,0.8589076406789553,51.50483975089786,90.64662453302299,54.69430484521892,35.952319687804064,0.513594354163059,0.011293665102258854,0.07432952129130865,-0.006378398377280159,-4.57081937879078e-05,0.0032504938421857865,0.0037993543260221863,0.0035074353612309928,-0.00043848747361074913,0.0016063305970024366,-0.002167594260514827,-0.00588280904791072,-0.008135808999945704,0.03422548257843405
2024-12-18,24297.94921875,24394.44921875,24149.849609375,24198.849609375,235300,-0.005635699812006956,-0.017975600720384177,-0.010977834549633636,0.02892827388545194,24504.019921875,24348.5751953125,24374.8860546875,-0.012453887707933542,-0.00614925451433912,-0.007222041773551013,0.010107902372360644,-0.0040785174288918095,0.006815470593928094,0.009143611705649111,-0.11174027935069841,0.7707047051309346,57.87983955542581,60.13257929833708,55.78195973584256,4.350619562494515,0.39266888365273983,0.010685266189405842,0.0335234877324293,0.051523951517079336,-0.01393303377909727,-0.013865814477528327,-0.003863994965801476,0.002601481484358237,0.0013595835888400298,0.0008250079466023408,-0.002996254681647992,-0.020747463349716555,-0.00890959215917042,0.021723364524236732
2024-12-19,23877.150390625,24004.900390625,23870.30078125,23951.69921875,271100,-0.010213311567061067,-0.024319007483053046,-0.030625259422383033,0.02577307903063364,24384.619921875,24378.66513671875,24353.65703125,-0.017753842566011646,-0.01751391700793581,-0.016505028874481464,0.0056196267390345314,0.0031221827942362196,0.006161867058009071,0.009318608715326903,0.1521461963450914,0.9102049723849653,45.1162439533259,15.82459156548066,47.790486101770185,-31.965894536289525,0.11399767788511223,0.010957308170775705,-0.008281565731855234,0.08289369931045099,-0.013158940503599448,-0.023445759371433783,-0.02949284635160343,-0.03484930404839448,-2.237140485239486e-05,0.000487747654860593,-0.0032682010412753426,-0.03750858061277018,0.0071347030099311315,0.004125777660408003
2024-12-20,23960.69921875,24065.80078125,23537.349609375,23587.5,442700,-0.01520556915080562,-0.047673871198458895,-0.04418144027154969,-0.013374603938135943,24148.459765625,24362.67763671875,24325.768046875,-0.02322962918005722,-0.031818244623096015,-0.03034921838654303,0.022403865262321146,-0.015575472791627043,0.007192678323678472,0.008390836082838048,0.632976761342678,1.4678381962864722,33.254706226582854,-48.122910194626456,28.60780684249086,-76.73071703711732,-0.12080421769583621,0.011839347225376638,0.009742543106311619,0.10007586736103424,-0.010814277339396772,-0.03083163240101905,-0.0008651123249070469,-0.030435021173311316,0.002945274815497001,0.0036342908313771183,-0.017035371175543546,-0.03738828092518609,-0.009492747967746795,-0.0015708795519904228
2024-12-23,23738.19921875,23869.55078125,23647.19921875,23753.44921875,189800,0.0070354729729729115,-0.03708413775804931,-0.035157836681018684,-0.019339984242372377,23965.499609375,24339.255078125,24300.868046875,-0.008848152305660717,-0.024068356138865377,-0.022526719089583924,0.009360811579502516,0.0006424244678153404,0.008062575035238691,0.00796136516638587,-0.5712672238536255,0.6858670906659922,32.759206462683665,-84.43770568821856,5.998704336348975,-90.43641002456754,0.06881667010177671,0.011987433169069124,0.03859403563810537,0.15478923176748305,-0.015831098993674297,-0.05271372170912492,0.010869123768910471,-0.019870758689518042,0.0013374766143154915,0.005188648534124596,0.014186572069549763,-0.011473185817946319,-0.006436912517008175,-0.02566982476579127
2024-12-24,23769.099609375,23867.650390625,23685.150390625,23727.650390625,177700,-0.0010861087115143775,-0.024997929379314554,-0.035855285243754365,-0.019295691556965422,23843.8296875,24315.91259765625,24276.1360546875,-0.004872509928046775,-0.02419247908828026,-0.02259361468509291,0.007691448457623404,-0.0017438278870963886,0.008034097455501652,0.007961316253771973,-0.06375131717597471,0.6483508464681844,32.011432077634794,-113.9852416582653,-17.99808486257388,-95.98715679569142,0.09730457897780366,0.011927019104291269,-0.10285330248499558,-0.035663336924010025,0.011001007745286229,-0.042248840949065,0.007287273468533639,-0.016465086501974757,-0.003921274976645517,0.001686254314824609,-0.006389227575678391,-0.015655448999297716,-0.0031673081428574834,-0.020789156268366082
2024-12-26,23775.80078125,23854.5,23653.599609375,23750.19921875,177700,0.0009503186263191132,-0.018540153679503235,-0.036182484000050086,-0.021614967041332922,23754.099609375,24289.6775390625,24248.5810546875,-0.00016419863051597705,-0.022210188646799245,-0.020553030909870817,0.00845889286126054,-0.0010767907560947359,0.008011730610790215,0.007911915326517508,0.0,0.6625281956639263,23.93217889384222,-134.03727652330417,-41.20592319471994,-92.83135332858424,0.15107426809364213,0.010829091494697752,-0.02514793942870397,-0.09040714193477817,-0.0016485876175831304,-0.03031715379947919,0.01104275925539211,-0.0017469022887913743,0.0018117622819151524,0.002138580520885336,0.0027775850253972667,-0.009954921111945958,0.01242057534495622,0.00028534021894888184
2024-12-27,23801.400390625,23938.849609375,23800.599609375,23813.400390625,176800,0.002661079652128029,-0.005774071679087278,-0.029952659469768883,-0.004212986802972329,23726.43984375,24284.6400390625,24223.7020703125,0.003665132546124772,-0.01940484387166108,-0.016938025347923547,0.005805554760437618,0.000504172015220021,0.008255313651168697,0.007245589745673828,-0.005064715813168252,0.6833642547928263,26.893892327113903,-143.17838099422443,-61.60041475462084,-81.57796623960358,0.19968919372751737,0.010974621354716071,0.06525035180306671,-0.022964504268206953,-0.001216028365506605,-0.01858189316906067,-0.00040565878647391695,0.02817186232972979,0.003695687041238571,0.005864673692283606,0.006981560365680206,0.00022607828160636778,-0.006847300113940302,-0.013601573527450173
2024-12-30,23796.900390625,23915.349609375,23599.30078125,23644.900390625,364900,-0.007075847935867907,0.0024335088765234936,-0.04535637711067497,-0.02014824134085913,23737.919921875,24260.330078125,24197.1740625,-0.003918604981234308,-0.02536773759953581,-0.022823891353945136,0.01336646900192951,-0.006387386487522625,0.007160220358022239,0.007056882535110626,1.0639140271493215,1.3881914327018186,25.40402401507896,-162.15014796153264,-81.71036139600321,-80.43978656552943,0.1307000860357771,0.011630119814867303,-0.05698007071997724,-0.0875258744128593,0.002747696721886461,-0.0051264149881632415,-0.011055736101235558,0.01768507745647807,-0.0017853912867938915,0.00112023744554679,-0.00828968718095624,0.009125341741633042,0.014076352899701217,0.009869757915428101
2024-12-31,23560.599609375,23689.849609375,23460.44921875,23644.80078125,193600,-4.212721278373799e-06,-0.004574006768424899,-0.041488521429367764,-0.026002993884308268,23716.190234375,24228.767578125,24175.0730859375,-0.003010156876778858,-0.024102208046365314,-0.021934672247007847,0.00970193797559552,0.0035738127751848685,0.0073079893685720895,0.006868540895409227,-0.4694436832008769,0.7402875497093913,25.518065413560663,-175.17414906313934,-100.40311892943043,-74.7710301337089,0.167211468828412,0.011818219815435772,0.05513599007026215,-0.07299266423828821,-0.0069877546620493725,0.0038131173113247208,-0.010701995701766776,-0.004031488885454904,0.0014672514435161155,0.0012499841202275874,-0.00524328629489712,-0.01020755321279676,0.005524070794298952,0.02202704865337224
2025-01-01,23637.650390625,23822.80078125,23562.80078125,23742.900390625,154900,0.004148887118253564,0.0006427100765959981,-0.024371285723824743,-0.02920413820057255,23719.240234375,24193.055078125,24152.850078125,0.0009975090271108211,-0.018606773144042577,-0.016973139243359414,0.010950641906523867,0.004452642215308486,0.006940757452981579,0.00668385424403556,-0.199896694214876,0.6139759800229894,27.943272472138958,-175.5562420665301,-115.43374355685037,-60.12249850967973,0.24884992653837845,0.012226969163890686,0.03435930802157494,0.06878693195364693,-0.0018164040459053288,-0.008913166824309315,-0.004284800394927402,-0.015473528787946278,0.0046915959432130006,0.009907569765916113,0.008746763488626907,0.004870272074397386,0.010283186067063577,0.03581749615031793
2025-01-02,23783.0,24226.69921875,23751.55078125,24188.650390625,283200,0.018774033191665485,0.01846094712034496,-0.00042147535583880735,-0.011394683018749241,23806.93046875,24179.11513671875,24141.00109375,0.016033983145204767,0.0003943590926440699,0.001973791256209889,0.01964344557578778,0.01705631714354791,0.009509809169349582,0.008071472347396455,0.828276307295029,1.1371210600281068,42.46869941717142,-138.296557188085,-120.0063062830973,-18.290250904987687,0.5053759711157308,0.012995321385773423,,,0.003940258725453782,-0.003364988142408265,,,,,,,,
2025-01-03,24196.400390625,24196.44921875,23976.0,24004.75,312300,-0.007602755327609123,0.008035375302820391,0.0022149067907661912,-0.0284781847266804,23845.200390625,24143.9326171875,24131.6541015625,0.006691057603262163,-0.00576470367915205,-0.005258823163484805,0.009183566533706871,-0.007920615774702412,0.009230052699995975,0.007828782454655915,0.1027542372881356,1.266474715114157,33.78631032366164,-122.19858387519707,-120.44476180151726,-1.7538220736798138,0.41847673486750003,0.011931267230592756,,-0.02136753501068167,0.010672596915705324,0.008498057856138441,,-0.027997933519364082,,0.004358791475533641,,0.005689776635100063,,0.05041646607818118
2025-01-06,24045.80078125,24089.94921875,23551.900390625,23616.05078125,278100,-0.016192595996625703,-0.0012201197255387042,0.001210419978802335,-0.04302449839074429,23839.43046875,24090.8451171875,24115.2651171875,-0.009370177185768713,-0.01970849646942263,-0.020701175521462556,0.022783183907793114,-0.017872143411214764,0.009417186363336343,0.008496711275213904,-0.10951008645533145,1.1161502648900306,30.09683988390445,-139.20098025256084,-124.19600549172597,-15.00497476083487,0.21934482030466904,0.01321210394252944,-0.014556027117667125,0.022658625069562843,-0.011951233746430368,-0.00628516516030031,0.01259602672149196,-0.004751363233422845,0.00021335628106577964,0.006369841678764088,-0.005357830209113845,0.008662961994801321,0.011349676770511463,0.04759207766248319
2025-01-07,23679.900390625,23795.19921875,23637.80078125,23707.900390625,262300,0.0038892874268343647,0.002668646268529251,-0.001917566905990431,-0.037007986082903455,23852.050390625,24045.29013671875,24101.4351171875,-0.006043505595504706,-0.014031427534265228,-0.016328269443252275,0.006639071149558284,0.001182437406328168,0.009212319065700456,0.008603219847679696,-0.05681409564904716,1.0497458678512828,36.93036480224468,-143.6085757518922,-128.07851954375923,-15.530056208132976,0.29526198276748333,0.01260157293623689,0.15583453933691738,0.12025764634138936,-0.02092225674862891,-0.02022952637492581,0.005538045085450305,0.011586361480756313,-0.0005244297293505173,0.004368410415062529,-0.0027498583502449936,0.011191246932739318,-0.005408349524478107,0.0362022788020937
2025-01-08,23746.650390625,23751.849609375,23496.150390625,23688.94921875,266400,-0.0007993610384197103,-0.0022723075524632153,-0.001631057910828404,-0.03742786110794105,23841.26015625,23999.23505859375,24091.5980859375,-0.006388543915119782,-0.012928988740107394,-0.01671324856704015,0.010794029586910168,-0.0024298657253058304,0.009209540495951744,0.00859981145233588,0.015630956919557848,1.0650035979851282,38.84096378332401,-146.93702951772866,-131.85022153855311,-15.086807979175546,0.30446918655797295,0.012645122517358238,-0.06325877285939108,0.014532874804076057,0.005611723037939109,-0.012938423194524318,-0.01110391288210788,0.004658556027780536,-0.0009130292286784192,-0.001234411881445574,0.00679912391930837,0.00923888767275649,0.009380131379920664,0.03527605599881878
2025-01-09,23674.75,23689.5,23503.05078125,23526.5,269200,-0.006857594959147506,-0.027374424779054052,-0.009418835467005171,-0.04526052260347124,23708.830078125,23943.47001953125,24075.345078125,-0.007690386979205099,-0.01741476983875434,-0.022796976589286033,0.007925072524599919,-0.0062619457438832515,0.00943641926100373,0.00863512731397347,0.010510510510510551,1.0588628630991013,40.336364233601266,-160.82920841383384,-137.64601891360928,-23.183189500224557,0.22543623447928046,0.012301009205804398,-0.012960408073731333,,-0.007312389363316241,-0.02400188685105642,0.001560360190925314,,0.0014682546148865327,,0.0026262475637688354,,-0.01252525663536408,
2025-01-10,23551.900390625,23596.599609375,23344.349609375,23431.5,261000,-0.004037999702463213,-0.02388069028004869,-0.01603720528611907,-0.04550950780710594,23594.180078125,23887.61005859375,24054.6380859375,-0.006894923984912094,-0.019094001345256406,-0.025905111675813997,0.010765422614856069,-0.005112130597874226,0.009392744874734687,0.008637698341563197,-0.03046062407132244,1.0276399716513112,45.96021720306545,-177.45893024510224,-145.60860117990788,-31.85032906519436,0.19008999850917377,0.01150891056681939,0.013130585824260965,0.06695779414988134,-0.006652963648122623,-0.04073303645494164,,,0.0011770427756088164,0.001419855367742473,0.006885251892217781,0.008167871423051754,0.008183285278483776,0.01080269308352011
2025-01-13,23195.400390625,23340.94921875,23047.25,23085.94921875,316500,-0.014747275302477436,-0.022446664237395497,-0.023639396345125574,-0.06792357608050237,23488.159765625,23803.49248046875,24029.540078125,-0.01712397015723799,-0.03014445305904201,-0.0392679533735224,0.01272199015804222,-0.004718658442267607,0.010172756731686947,0.008640269366396289,0.21264367816091956,1.2445930003932364,34.18545076277806,-216.03089508162157,-159.69305996025062,-56.337835121370944,-0.01584260921827738,0.011997383322575545,0.01773535004011162,0.10192024507598729,-0.015541356924257843,-0.04421857955480879,,-0.019424611585417084,0.00014546981421426075,0.0013518870134019423,0.008993589539443514,0.022714449820028237,0.03584958862988996,0.03528935428150248
2025-01-14,23165.900390625,23264.94921875,23134.150390625,23176.05078125,311200,0.003902874499386977,-0.02243343360702299,-0.019824654237379447,-0.0604906800745898,23381.78984375,23728.88251953125,24008.9541015625,-0.008799115203535046,-0.02329784126269807,-0.0346913620972058,0.0056437064864743695,0.00043816085081276436,0.010346115655906584,0.00879412819821562,-0.016745655608214838,1.1947174447174447,37.3178067748173,-236.60161587853145,-175.0747711439068,-61.52684473462466,0.05494184053689595,0.011939954082545043,0.07238605349754934,0.022364242172588256,-0.014217924385990233,-0.037673771082889274,0.0015754440882007614,-0.023288840324449778,0.0031192432123516856,0.005002400226891801,-0.013406962189226546,0.011785221902017362,0.029384876700634166,0.07150628481248456
2025-01-15,23250.44921875,23293.650390625,23146.44921875,23213.19921875,228000,0.0016028803979861728,-0.020083204012419476,-0.02230987634872761,-0.046137441701594395,23286.63984375,23672.74248046875,23987.13109375,-0.0031537665155976224,-0.01941233729458669,-0.03226446180559084,0.0063412703474366935,-0.0016021195827029553,0.010209722193583768,0.008497648351572865,-0.26735218508997427,0.8815512208324473,37.73581034184359,-247.05855464102933,-189.4715278433313,-57.58702679769803,0.11208831119352401,0.011755610292625954,-0.03312498331069946,0.0552524166471724,0.014318912132802453,-0.029341373742875487,0.0011462798112440442,-0.011189591406756016,0.0053672559940245446,0.011319869984357522,0.0013813003199367735,0.006340566933132452,-0.016747014716252284,0.04377104377104368
2025-01-16,23377.25,23391.650390625,23272.05078125,23311.80078125,299400,0.004247650725383689,-0.009125846120332404,-0.03625045611122013,-0.0366566527931701,23243.7,23628.3900390625,23973.4601171875,0.0029298597576976615,-0.01339868087876972,-0.02759965948608023,0.005130432028708636,-0.002799697087980836,0.007590252279513583,0.008581924303393842,0.3131578947368421,1.1434463794683776,38.726584592207345,-244.57017911715957,-200.49125809809698,-44.07892101906259,0.21648339093755284,0.011674636832630009,-0.013574662865038611,0.0545957116291913,0.00046277806965822066,-0.02173874703680645,0.018312792279639112,0.005349580745997562,-0.001329433754903242,0.00849466027316148,0.013234910097216668,0.01698853021381952,0.032774205361643105,0.09165304485370185
2025-01-17,23277.099609375,23292.099609375,23100.349609375,23203.19921875,272900,-0.004658651792672774,-0.009743327625205356,-0.033391340515939505,-0.03125039243203487,23198.03984375,23590.9650390625,23953.2580859375,0.0002224056443884681,-0.016437047813450123,-0.03131343821773647,0.00826394663047374,-0.0031748109457432638,0.007476552748186124,0.008383955079940405,-0.08851035404141616,1.0418814186996526,39.798119596275285,-248.49684511279338,-210.09237550103626,-38.40446961175712,0.15826506361595705,0.011407286744369,0.013761470183304203,0.0552524166471724,0.010809879623586927,-0.004541108835738883,-0.0021126894641922966,,-0.0012064500111440557,0.006093746503129438,0.012178914166219634,0.022335310102955974,-0.01699151167910251,0.06439396988824875
2025-01-20,23290.400390625,23391.099609375,23170.650390625,23344.75,301500,0.006100485537167577,0.01121031579848597,-0.011487982633633265,-0.010291467938526755,23249.8,23578.8275390625,23930.4720703125,0.0040839060981170405,-0.009927446081647084,-0.024475993143450392,0.00944320323627368,0.00233356268949662,0.0064845382022262425,0.007897366442335962,0.10480029314767325,1.1829560167928748,43.49484502905653,-237.44961973771933,-215.5638243483729,-21.88579538934644,0.29749270003740225,0.01131073056920109,0.018099529937821268,0.0556300214116503,-0.01497802636740786,-0.003971483676342813,0.009991058969353706,0.029109138782370536,0.002025919338910054,0.007985379834991146,-0.0007997205459931989,0.012412505035681365,-0.010167806922405265,0.017108496327737255
2025-01-21,23421.650390625,23426.30078125,22976.849609375,23024.650390625,312900,-0.013711845677293555,-0.006532622492676166,-0.028819506946729967,-0.030681810519952446,23219.519921875,23542.38759765625,23906.9780859375,-0.008392487523672387,-0.021991703470330748,-0.03690670113725081,0.019520434154257738,-0.01695012919153244,0.007305778497522004,0.008213488098421881,0.037810945273631935,1.198735753280337,35.79553267524987,-251.62341918331003,-222.77574331536033,-28.847675867949704,0.08369685632755604,0.012055705485581636,0.042539687383742475,0.026250004768371582,0.016691165594781454,0.027258882340696733,,,-0.00042839643804615246,0.00442053056635161,,,,
2025-01-22,23099.150390625,23169.55078125,22981.30078125,23155.349609375,276000,0.0056764909144164655,-0.002492099810536774,-0.022525254474041856,-0.024119572390366995,23207.95,23513.77255859375,23887.12109375,-0.002266481555889266,-0.01524310692066111,-0.030634561674594885,0.008129870771797047,0.002432956095770906,0.007783644739711639,0.008370205178139042,-0.11792905081495686,1.037828081522148,26.655988562956693,-249.43459595198146,-228.10751384268457,-21.327082109296896,0.21927254169208799,0.011075962046095079,0.03897682013853476,0.10277951981050304,-0.015803235842250185,-0.0032475428993586908,,0.035312895904157315,-0.004134303571094899,-0.0050720816534179924,,0.028669388563500542,,-0.02077420142389108
2025-01-23,23128.30078125,23270.80078125,23090.650390625,23205.349609375,275600,0.0021593282262408753,-0.004566407068844702,-0.013650580860944062,-0.02294084375279093,23186.659765625,23486.530078125,23868.4020703125,0.0008060602061237265,-0.01197198853192405,-0.027779507777028867,0.007763312928162864,0.0033313657087797434,0.007712307614683254,0.008390791786397029,-0.0014492753623188692,1.01759373788469,30.777200515121606,-240.88854246929986,-230.66371956800762,-10.224822901292242,0.2811452302611151,0.010928052797439226,-0.01699877006195971,0.0989515207230427,0.003160328611123475,-0.0005599965065320456,0.006137941522227575,0.022934793526950603,0.002793131703124452,-0.0009649660458909137,0.0042403419030598855,0.019537807256468698,-0.0059295948328017545,-0.05747124464648423
2025-01-24,23183.900390625,23347.30078125,23050.0,23092.19921875,264300,-0.004876047658393667,-0.004783823082047389,-0.014480540351663351,-0.03028551823950887,23164.459765625,23450.47001953125,23852.5770703125,-0.003119457462255726,-0.015277766308430363,-0.03187822637868709,0.012874511363499883,-0.003955381550555734,0.007749267522717343,0.0083809902185576,-0.04100145137880984,0.9603575451473421,35.47885161371359,-240.4739899333581,-232.62577364107773,-7.8482162922803695,0.2227395501639622,0.01023692002708185,-0.004174102141530467,0.07950875725142303,-0.002778863194661696,-0.013995889292621078,0.00531348622041139,0.030547370027744103,0.00024065821212393423,0.0004824920529162835,-0.0021292369091931995,0.005125630941437365,-0.010869560820350066,-0.051601392257832446
2025-01-27,22940.150390625,23007.44921875,22786.900390625,22829.150390625,257400,-0.011391241935562957,-0.022086319595412296,-0.011123598414417013,-0.034500039607840205,23061.33984375,23409.68251953125,23837.9790625,-0.010068341852562668,-0.024798804017179488,-0.042320226443272935,0.009660842578511832,-0.0048386779558935505,0.0071586257714071405,0.00858507740636448,-0.026106696935300766,0.9539162821724387,27.752636534094947,-258.3927058318841,-237.779160079239,-20.61354575264508,0.08266023152835421,0.010749578264641116,0.002993966154271277,0.06349206349206349,-0.004552454645084247,-0.0035599225326349293,-0.002855132319398823,0.017439720677851378,-0.0003758552692526562,-0.0019155830856083522,0.005027089455244216,0.010986994473150657,0.0005360615660010559,-0.04134557915854675
2025-01-28,22960.44921875,23137.94921875,22857.650390625,22957.25,361900,0.005611229817278129,-0.0029273143991990214,-0.009440813851987917,-0.02907830721903215,23047.859765625,23375.30498046875,23826.470078125,-0.003931374389917974,-0.0178844717028529,-0.0364812779767586,0.012209599500157903,-0.00013933606958297002,0.007309929094978255,0.008734629596835271,0.4059829059829059,1.30062893081761,32.44569190111147,-259.26816733121814,-242.07696152963484,-17.191205801583294,0.20736629052268865,0.010854809181428835,0.08238800959800607,0.10414123486768023,-0.006267647874275917,-0.026061428049586,-0.014580715690809543,,-0.0027440690068482043,-0.00422781034112607,-0.014574112570892472,,-0.01995721162709041,
2025-01-29,23026.75,23183.349609375,22976.5,23163.099609375,226300,0.008966649288351114,0.0003346958750674034,-0.002158238030996351,-0.02441996435612126,23049.409765625,23346.31494140625,23820.6560546875,0.004932440565985852,-0.007847719543365939,-0.027604464117314098,0.0089301351228175,0.005921357090123444,0.007936781251395889,0.008960337392298514,-0.3746891406465874,0.802994819388262,41.45945811962203,-240.57839576567494,-241.77724837684286,1.198852611167922,0.36882565680853563,0.010880613695469322,0.0038610924110982214,0.06682305584316728,0.016690086187629793,0.00609321907810334,0.009217869449967608,0.0030516164381437783,0.0030787340248521478,0.0029845499869423087,0.010626679336112943,0.0030081360448703798,0.008200061352136911,-0.027935205740312608
2025-01-30,23169.5,23322.05078125,23139.19921875,23249.5,361900,0.003730087599762788,0.001902595365646409,-0.0026724997281252216,-0.03882607650524372,23058.23984375,23299.357421875,23815.2760546875,0.008294655513432003,-0.0021398625280623085,-0.023756854776249337,0.007864752467795007,0.0034528151233302403,0.007906273982499592,0.007744528049129373,0.5992045956694654,1.2664695280922469,45.705323547901244,-216.301439352319,-236.6820865719381,20.380647219619107,0.4566721974871367,0.010626968648327307,0.024175747706832507,0.11150857965654071,0.006120665577717066,0.009062211036148238,-0.004678895760321544,-0.007732040228847659,0.0013438818040467648,0.0015350234476287916,0.0008310926208221492,-0.00039693007845387207,-0.015588910787790566,-0.03738069463895488
2025-01-31,23296.75,23546.80078125,23277.400390625,23508.400390625,304900,0.011135740150325812,0.018023453198734662,0.013153409105256975,-0.020677141373061536,23141.480078125,23274.53994140625,23818.4460546875,0.015855524852398606,0.010047908564787766,-0.013017039959308474,0.0114597499680342,0.009084974969684613,0.008481998781858263,0.008147590033920626,-0.15750207239568936,1.0683813094591517,60.39367119872601,-174.1630356241658,-224.17827638238367,50.015240758217885,0.7423028672783014,0.010245743866230759,-0.06706008803273766,0.04131728114888622,0.0029695348573544056,0.01487886597275101,0.005275414405311762,-0.007769618002160694,0.0006467634467979266,0.001941654204329346,0.019207145004702886,0.020976491862567892,0.0015147425804351577,-0.025328321094641226
2025-02-01,23528.599609375,23632.44921875,23318.30078125,23482.150390625,281000,-0.0011166221250199504,0.02860378020323351,0.005885708376615728,-0.005669889172634668,23272.080078125,23267.844921875,23809.9440625,0.009026709765297625,0.009210370340251073,-0.013767091220985517,0.013378180118692214,-0.0019741599381670064,0.00833775949287778,0.007325127571834894,-0.0783863561823549,0.9841347669246664,57.775339073109215,-141.25786990411143,-207.59419508672923,66.3363251826178,0.7299107495969448,0.010668295056511803,-0.06555488382173447,-0.02985074626865669,0.00558181139380598,0.025210954763374316,-0.005046825754019935,-0.00995050954996024,7.388062704660747e-05,0.0023924327597177886,-0.0037194473963868546,0.012091150756423863,-0.0027499596920842473,-0.0285293969774274
2025-02-03,23319.349609375,23381.599609375,23222.0,23361.05078125,329700,-0.005157091976693451,0.017589248766729515,0.01461044510634446,-0.014630127664622572,23352.840234375,23250.50244140625,23792.7270703125,0.0003515866503858156,0.0047546645549851885,-0.01814320350024634,0.006831867747280338,0.0017882647918377199,0.0070423045586966,0.0073348090005956115,0.17330960854092536,1.1412253374870198,53.60200379899582,-123.52806081541712,-190.78096823246682,67.2529074170497,0.6313787816682036,0.011068950309178729,,,,,,,,,,,,
2025-02-04,23509.900390625,23762.75,23423.150390625,23739.25,376700,0.016189306820631133,0.024873630919059364,0.02521665189579325,0.0021233859208151795,23468.0703125,23253.01748046875,23783.6220703125,0.011555261420686858,0.02091051279429257,-0.0018656565506011136,0.014305405999557694,0.009755447941687466,0.00839429027868113,0.008250586565334271,0.1425538368213528,1.2794864392099587,59.16506275765144,-78.05971931213207,-168.23671844839987,90.1769991362678,1.0625032354068977,0.011564333301614717,,-0.21153847363069667,,0.0070333816843184405,,-0.012052403503760023,,0.0009899779293156552,,0.0323758257113822,,-0.008268849243798448
2025-02-05,23801.75,23807.30078125,23680.44921875,23696.30078125,267000,-0.001809207062143936,0.019217651186046902,0.021156809965778622,0.007217426359636958,23557.43046875,23261.50751953125,23772.050078125,0.005894968582597304,0.018691534130093723,-0.0031864856680874354,0.005353222162016652,-0.004430313684918126,0.008506564481276407,0.008101156946032044,-0.2912131669763738,0.9072220995226041,60.87901518859925,-44.97295388292696,-143.5839655353053,98.61101165237835,0.9720222050446456,0.011330281994974023,-0.022996509751469163,-0.247854028066677,0.01925193728701302,0.02017656560613479,0.007224881828679752,-0.0002368111203721046,0.004498886979645178,0.004143868034879761,0.0065450808626603685,0.038269910510272176,-0.006287680301271359,0.0011015450101166113
2025-02-06,23761.94921875,23773.55078125,23556.25,23603.349609375,307000,-0.003922602634608197,0.0040389485108422996,0.022135197509034255,0.007334127536649415,23576.4203125,23270.1,23765.8340625,0.0011422131315128592,0.014320935852230932,-0.006836892519643589,0.009206353540757217,-0.006674520171512392,0.008424279869525375,0.008097877026962045,0.14981273408239693,1.03504661081236,55.83036317407643,-25.952670418359048,-120.05770651191607,94.10503609355702,0.8471905373363112,0.011365373395557305,0.004279562338327825,-0.1903392514155401,0.003690373418034465,0.02090977093454538,0.003908672930614365,-0.0015960583431104958,0.0021473616041636223,0.005649710549088027,0.005980927352332355,0.024796315975912142,-0.022971089945632905,-0.02337418533165314
2025-02-07,23649.5,23694.5,23443.19921875,23559.94921875,368100,-0.0018387386257991967,0.003313104925691146,0.032011652454009276,0.020531969273112072,23591.980078125,23293.8,23754.4110546875,-0.001357701187815974,0.011425753580351916,-0.008186346337520689,0.010666439851661661,-0.003786582433032411,0.007154870838331344,0.007302720186324699,0.1990228013029316,1.2303424302688972,63.789267562294285,-14.21712142425531,-98.88958949438393,84.67246807012862,0.7724851978074877,0.0107855615479783,0.007102299858777528,-0.12738459660456736,0.0007756935792326836,0.01603039405882467,0.003644298722618622,0.007125209309995384,0.002341353776900812,0.007929825809571467,-0.005634306542732448,0.022826649305555557,-0.005912968832370691,-0.026471779970487996
2025-02-10,23543.80078125,23568.599609375,23316.30078125,23381.599609375,234200,-0.007570033692307909,0.0008796191711331058,0.018484339778283454,0.008869018715272015,23596.08984375,23304.07744140625,23736.52203125,-0.009090075338554993,0.0033265495346754825,-0.014952587468700318,0.010790486208815208,-0.006889336746519494,0.007838492705638777,0.007513730009324768,-0.3637598478674273,0.7929977821795589,55.68853689102601,-19.087903770192497,-82.92925234954565,63.84134857935315,0.579658898191543,0.011063494499195598,-0.03455576264082505,,-0.004431137111719163,,-0.009464770111542897,,0.0029107049804513174,,0.003789114843185004,,0.0055232882917048975,
2025-02-11,23383.55078125,23390.05078125,22986.650390625,23071.80078125,268000,-0.013249684936046169,-0.02811585112208681,-0.003941563506813517,-0.006091294705547923,23462.6,23297.00751953125,23708.8150390625,-0.016656262253543885,-0.009666766776481706,-0.026868245281890357,0.017484564575160323,-0.013332021424649305,0.008701548682256399,0.008106317098047232,0.14432109308283514,0.9013402391242201,47.03019879170087,-47.39981464641096,-75.82336480891871,28.423550162507752,0.27305149888428065,0.011903215957695341,0.05551499285440853,0.006968601054850199,-0.0035457662398508116,0.015656179549275784,0.006712541085862833,0.011989203444947139,-0.0008585957217073226,0.011080929898669156,0.016207162731946667,0.027055336545930286,0.018591544997524245,-0.011481737633102451
2025-02-12,23050.80078125,23144.69921875,22798.349609375,23045.25,279700,-0.0011507892904301098,-0.027474785505978705,-0.0087851351641971,-0.01143415662098446,23332.38984375,23283.67998046875,23680.3710546875,-0.012306490919828161,-0.010240218928827205,-0.02682057021913853,0.015029110527115133,-0.00024080643890320378,0.008582657868022096,0.008037408742884307,0.04365671641791047,0.9438164332714696,48.91414136851254,-71.15935341385557,-74.89056252990609,3.731209116050522,0.2656256804003773,0.01206895629057429,0.029065749608152114,0.06062763195736687,-0.011556422690622403,-0.015043493464201196,0.00033958278885926063,0.0050713359294647375,-0.00026284778619833915,0.00628799356256593,-0.0006133467650617508,0.019751042445134814,0.0138274336866675,0.008528236211941431
2025-02-13,23055.75,23235.5,22992.19921875,23031.400390625,265700,-0.0006009745771905495,-0.02423169711992179,-0.02029061918607722,-0.007404100895973542,23218.0,23275.0900390625,23646.8310546875,-0.00803685112305108,-0.010469976615708698,-0.02602592553053762,0.010563872674847697,-0.0010561187285167473,0.007495267150648253,0.007979083876034203,-0.05005362888809439,0.8976654616710024,55.28717133882583,-90.0682560061432,-77.92610122515352,-12.142154780989685,0.26570538969210256,0.011883935774358131,0.0020174669268373524,0.058238615004791994,0.0015393835981993842,-0.017154335088918393,-0.0027238667143857365,-0.0015688850999495685,-0.0077596672754013385,-0.003659968778447098,-0.0013299278300822337,0.012340114473513575,-0.02659570316910187,0.004786765776831903
2025-02-14,23096.44921875,23133.69921875,22774.849609375,22929.25,254500,-0.004435266153706374,-0.02676997360622757,-0.023545560411951882,-0.017798434337484847,23091.86015625,23254.3150390625,23611.8600390625,-0.007041882080945694,-0.013978697653164951,-0.028909625837745034,0.015650298608763914,-0.007239174176360645,0.007524107908710836,0.007878565615271267,-0.04215280391418896,0.8667075330336467,49.25796333295376,-112.00525351712713,-84.74193168354824,-27.263321833578885,0.19962758596643315,0.012092795832366332,0.004026873902874373,0.05500703217097169,-0.0024171177759326756,-0.020289943616819572,0.010426292122230674,0.0051778809005524895,0.0007233806722457548,-0.0052682545860048835,0.005702172107181047,0.023881514352544375,-0.0011209447663713679,0.009630368209855078
2025-02-17,22809.900390625,22974.19921875,22725.44921875,22959.5,207400,0.0013192755977626813,-0.0180526403850384,-0.01718890066247758,-0.002829593045700629,23007.440234375,23251.05751953125,23578.6700390625,-0.0020836839686048103,-0.012539538009672668,-0.026259752481235354,0.010834295171933187,0.006558538477287095,0.007534790983128221,0.00728332332230669,-0.1850687622789784,0.7192273680925216,44.050620774515664,-125.50284127055056,-92.89411360094871,-32.60872766960185,0.23381981855662654,0.012147330032619549,0.004010723226183233,0.09715127232627219,-0.005275590090060844,-0.021120944972791933,-7.194380749464546e-05,0.014709557266100237,-0.0013802007930445725,-0.009524167069818512,-0.015176190892213226,0.004536588541556474,-0.007715009744627688,-0.0036620019187389996
2025-02-18,22963.650390625,22992.5,22801.5,22945.30078125,210600,-0.0006184463402948426,-0.005482883681225403,-0.03344457886201124,-0.009071287269182826,22982.140234375,23240.555078125,23545.3750390625,-0.0016029600702679447,-0.012704270439431342,-0.025485865347948722,0.008324144530547088,-0.0007990719708261758,0.004263789292105436,0.007154685425972048,0.015429122468659573,0.7387011347094828,40.71939993993679,-135.78034381217367,-101.47135964319372,-34.30898416897995,0.23789291993450185,0.012180213186061504,0.04660451317784853,0.08788930619565583,0.0032474746924271436,-0.014447521308097122,,,-0.0036827788645059645,-0.012323856021485335,,,,
2025-02-19,22847.25,23049.94921875,22814.849609375,22932.900390625,207000,-0.0005404326900405598,-0.004875174249574177,-0.03221601538874164,-0.011740793538397298,22959.6703125,23226.9326171875,23511.19703125,-0.0011659541060754508,-0.012659107055096985,-0.024596648135624788,0.010251629988813323,0.0037488271290855575,0.004334272583030068,0.007128657149129898,-0.017094017094017144,0.7349155912165161,29.334219843233626,-143.27436877284708,-109.83196146912441,-33.442407303722675,0.24641644184470274,0.011993062787563898,-0.0031806736568404936,0.053799609743896415,-0.003483586959779905,-0.0063982978144691005,,0.010065103093845229,0.004861438928019046,-0.007261389620860759,,0.005592273681248594,,-0.02004911656876196
2025-02-20,22821.099609375,22923.849609375,22812.75,22913.150390625,240800,-0.0008612081186238907,-0.005134294832029984,-0.02924157927465776,-0.007753649898344039,22936.0203125,23217.98017578125,23478.4860546875,-0.0009971181383431338,-0.013129039772125317,-0.02407888067167896,0.004848726931083943,0.0040335822035580254,0.004390088919473779,0.007057075418788698,0.16328502415458934,0.8584976291489893,29.47180021984836,-149.0884980865012,-117.68326879259976,-31.405229293901442,0.24335396772300463,0.011398638183091673,-0.015954052251614725,0.03489936047494768,0.009835553667974617,0.0018321211165714946,0.0023769693899173827,0.015231351812325489,0.0003730598603401969,0.0008754215619293237,-0.004374331076212323,0.0025267683981808897,0.005567175147860093,0.012330071732554515
2025-02-21,22857.19921875,22921.0,22720.30078125,22795.900390625,242800,-0.005117148798882476,-0.005815698698169336,-0.032429986203745154,-0.0014564711971783995,22909.350390625,23216.31767578125,23439.038046875,-0.004952126449051408,-0.018108697986796596,-0.02743873937845953,0.008804180370630993,-0.0026818171175896272,0.0044198089944590705,0.006669991543560423,0.008305647840531671,0.8678867600800686,29.553892050553344,-161.29798973581637,-126.4062129812431,-34.89177675457327,0.14884596604677988,0.011270982688026648,-0.04798960878449077,-0.018716559642861674,-0.004751872072584096,-0.0005125781469978996,-0.0043341850761716705,0.0004006814939048198,-0.00016569376823716286,-1.3787956509747623e-05,0.006811756866179408,0.003632849754624301,0.004429061520058397,0.017954815021163473
2025-02-24,22609.349609375,22668.05078125,22518.80078125,22553.349609375,214300,-0.010640105330068539,-0.01768986217578783,-0.03542315384050576,-0.01759358767382857,22828.1203125,23196.12265625,23396.7400390625,-0.012036501444866787,-0.027710365926255864,-0.036047347975803556,0.006617642283076195,-0.002476851433920926,0.004837601100294184,0.006928674338328626,-0.11738056013179576,0.7867684852044937,2.4269889697989555,-188.37445731307525,-138.79986184760952,-49.574595465465734,0.012733883269881997,0.010997578224894704,-0.010218022417322725,-0.032623216368758756,-0.007162354919714731,-0.0024083773215697324,-0.01706412670256352,-0.01659953291454397,-0.004853076319938365,-0.0034914154237349893,-0.0009810718137299723,0.0180990798371925,-0.02990213832259503,-0.004806281427169212
2025-02-25,22516.44921875,22625.30078125,22513.900390625,22547.55078125,250300,-0.00025711604818956513,-0.01733470412055027,-0.022722543635434245,-0.026574544793472432,22748.5703125,23165.34521484375,23360.9710546875,-0.008836578672354767,-0.026668906846157525,-0.03481962592793342,0.0049406869821815805,0.0013812818441240266,0.0035201927789190366,0.00653569171308655,0.16798880074661682,0.914906060384531,2.5015505478602478,-207.9040810794395,-152.6207056939755,-55.283375385463984,0.07137799346843784,0.010951458711600342,-0.006194091826695947,-0.08142497868337739,-0.006721966902638932,-0.012321615748677406,-0.00496910650440241,,0.000904571501391116,0.001096816038193893,0.0033861574445821496,,0.004261298520753742,
2025-02-27,22568.94921875,22613.30078125,22508.400390625,22545.05078125,289200,-0.00011087678764998277,-0.01691236619741099,-0.02170508971480023,-0.03029954273210178,22671.000390625,23130.12275390625,23327.895078125,-0.005555538229670809,-0.025294806209251175,-0.03355829123258902,0.00465292323547314,-0.0010589078502664837,0.0035725638155325035,0.006434971655507511,0.15541350379544538,1.0713293448665469,2.703792606817103,-221.035221282953,-166.303608811771,-54.73161247118199,0.12032678125150689,0.010596559502846619,-0.04986144974218765,-0.12444159539061883,-0.0008961132482888656,-0.009757090146071845,-0.004679730915472358,-0.028440786465477874,0.001857148323752389,-0.0018962192618702245,-0.01498376858645356,-0.010240743021998955,-0.02503531427819128,-0.04064019806482022
2025-02-28,22433.400390625,22450.349609375,22104.849609375,22124.69921875,551300,-0.018644959666695105,-0.034410421894564,-0.03936804347529277,-0.058859860683111886,22513.31015625,23060.9376953125,23291.355078125,-0.017261386033546766,-0.040598456529926996,-0.05008965152356948,0.015616031503253134,-0.013760783764373383,0.006242213997872233,0.006788780235717623,0.9062932226832643,1.9531291516837015,2.022396790907564,-262.33655011724113,-185.51019707286503,-76.8263530443761,-0.03831768744405645,0.0114077418475801,-0.02988337022101961,-0.13683525591683166,0.002786542114596058,-0.01666933807283344,-0.0157306873399522,-0.04599172914339322,0.005445827093955691,0.0031650407398564617,-0.007845740064849283,-0.013691697822083793,0.020600582658617528,-0.026297598974102554
2025-03-03,22194.55078125,22261.55078125,22004.69921875,22119.30078125,282400,-0.00024400049223838316,-0.02968075828464567,-0.03532384263549837,-0.058037683376693794,22377.990234375,22992.79521484375,23261.99109375,-0.011559994906407023,-0.03798991925217676,-0.04912263562885699,0.011612101351672332,-0.0033904718658947287,0.006348840382321486,0.006804352840477356,-0.4877562125884274,1.000230222962084,2.2868178710800606,-292.136195356441,-206.83539672958022,-85.3007986268608,0.035995853148052794,0.011425227901850323,0.04507884364234216,-0.05245234616869798,-0.008187739899296442,-0.020064063558397738,0.01585414463498891,-0.026648056567167733,0.001890757111631114,0.005228342246740736,-0.01636793533691816,-0.036399341734591806,-0.008386586363717696,-0.038721201190719645
2025-03-04,21974.44921875,22105.05078125,21964.599609375,22082.650390625,253300,-0.0016569416451024388,-0.020870479414478615,-0.03819114568588167,-0.054723582538978355,22283.850390625,22928.8751953125,23228.5751171875,-0.009028960277199127,-0.0369065118754931,-0.04933254497020778,0.006360249761261779,0.004923953760928664,0.006161078707180031,0.006789947544430331,-0.1030453257790368,0.9094662765021633,2.8819119461279,-315.07798623067356,-228.4839146297989,-86.59407160087466,0.07994376760724253,0.010639747421097174,-0.010783581608606596,-0.05299377276257533,-0.004765743529761002,-0.017698595610704304,-0.0175967394669998,-0.027175476191829584,0.0015687405126187937,0.011715215828112635,0.018465893507547904,-0.017641830684356763,-0.01992544935612217,-0.028835209308207932
2025-03-05,22073.05078125,22394.900390625,22067.80078125,22337.30078125,305900,0.011531695069225467,-0.009324737841364117,-0.02649780039043259,-0.059056171477616215,22241.800390625,22858.777734375,23200.768125,0.004293734722358833,-0.022812984980417506,-0.03721718777145011,0.014643649766742114,0.011971612017694797,0.007842092526398005,0.006154994608080388,0.20765890248716934,1.1124647695245022,22.297037027978874,-309.14770021355434,-244.61667174655,-64.53102846700435,0.22953033682777932,0.01045689561295202,0.005087187039233498,-0.04224374476478021,0.0027205723740042487,-0.008360405010108929,-0.012234826602200433,-0.03427904527744119,-0.0015366255698995301,0.00924765169444619,0.006721588136773926,-0.014376300694382005,-0.0016089016517856214,-0.03451195074022395
2025-03-06,22476.349609375,22556.44921875,22245.849609375,22544.69921875,372100,0.009284847776867,-1.559377725124378e-05,-0.016927696246990975,-0.04859836871294354,22241.730078125,22801.19765625,23176.658125,0.013621653511701082,-0.011249340555130494,-0.02726704181602113,0.013777057141515562,0.0030409568529976517,0.008704425396464573,0.006741872511035128,0.2164105916966328,1.327837847482425,33.46015226236385,-284.4338093145161,-252.58009926014324,-31.85371005437287,0.3555685884112491,0.010573921584998019,-0.011569041814516123,-0.0036443286998339985,0.005073043618086581,-0.0024358436347663437,0.011159277893187936,-0.018911064554384738,-0.0012893063491654644,0.006077986243519851,0.0018489016514391388,0.0024667503944868496,-0.02856730906256022,-0.038009614608768616
2025-03-07,22508.650390625,22633.80078125,22464.75,22552.5,289800,0.00034601398645017767,0.01933589139541625,-0.015739886679771553,-0.04452120681030858,22327.290234375,22748.65517578125,23151.4401171875,0.010086748694575931,-0.00862271524472713,-0.02587053393464067,0.007495877674315486,0.0019481225490651207,0.008725259888652163,0.006760879062844246,-0.22117710292932002,1.0373340015033825,36.31939381388316,-261.2073788031339,-254.30555516874136,-6.901823634392542,0.37875995821963016,0.009969130807876859,0.004389134279993989,0.03155515472415926,0.002840794890887066,-0.002381873400086998,-0.017819007085749905,-0.020992636508241236,-0.003757356622243746,-0.0031309838379262045,0.00020509147513680936,0.010601262594626792,0.0007540801326924029,-0.05671638877486673
2025-03-10,22521.849609375,22676.75,22429.05078125,22460.30078125,293900,-0.004088203913091726,0.015416400517011652,-0.014721928224998626,-0.04667448249951467,22395.490234375,22693.67275390625,23127.748125,0.0028939106131073977,-0.010283570014733678,-0.028859158277866226,0.011028312628688431,-0.002732849619037485,0.008684502576683153,0.006772330446531682,0.014147688060731634,1.0661684684031052,32.65342411458418,-247.38823412837155,-252.9220909606674,5.5338568322958395,0.3382811581134662,0.010006712239966851,-0.01893658294799705,-0.03163188966282848,-0.002677470265749271,0.0031606522270126725,0.00552061780274804,-0.03095134850743131,0.0027564033782800923,-0.0022696764188754326,-0.0042711677656303015,0.023029699019220695,0.010247141333957543,-0.03899084199268488
2025-03-11,22345.94921875,22522.099609375,22314.69921875,22497.900390625,347900,0.0016740474556060647,0.018804355122892913,-0.002458580198080651,-0.037794643374000625,22478.540234375,22649.48779296875,23104.8101171875,0.0008612728428154526,-0.0066927518948489695,-0.02626767861255963,0.009218655386678879,0.006799942593062955,0.00808890144867923,0.006713606127342401,0.18373596461381414,1.2365600952567133,34.70215587881346,-230.74263075352064,-248.48619891923806,17.74356816571742,0.38316355005255187,0.010042058116162255,0.03860426828366026,0.016715082733324893,-0.0057879111036651665,0.0021303437509361256,-0.0269730913054258,-0.04020023994537003,-0.0006312528754011115,-0.004461238541493162,-0.005044505960630219,-0.0005860519303948486,-0.015065664117503652,-0.034225594168228124
2025-03-12,22536.349609375,22577.400390625,22329.55078125,22470.5,369700,-0.0012179087892316698,0.00596308479947627,-0.00341725724436881,-0.026062152102954372,22505.180078125,22619.42275390625,23079.362109375,-0.0015409820318971201,-0.006583844138132622,-0.02638123646960233,0.011029999749671792,-0.0029219288179487117,0.008095140534580336,0.0061595534580624915,0.06266168439206665,1.2907167545299025,34.34980175230078,-217.25744410509287,-242.24044795640904,24.98300385131617,0.38018499124585076,0.01009483266950001,0.005718364904566453,0.01735356272177402,-0.007525417626652264,-0.008109615181108976,-0.007567865323653167,-0.035665408756773376,0.0032306320450203874,0.0002920552327727588,0.007415327558857987,0.00010265174192825022,0.0033318374189050814,-0.029446265357844448
2025-03-13,22541.5,22558.05078125,22377.349609375,22397.19921875,287500,-0.003262089461738671,-0.0065425579010309765,-0.006558049655091658,-0.028120796313773955,22475.680078125,22587.02021484375,23043.5330859375,-0.0034918124435924236,-0.008403985753242638,-0.028048384107467017,0.00806802538612616,-0.006401560732426857,0.008147578394746927,0.00617490895781369,-0.22234243981606705,1.0023708249076075,33.14820839632813,-210.06361439073953,-235.80508124327517,25.741466852535638,0.34048669988959046,0.010320977683229834,-0.02700782677207192,0.0014630215053208495,0.004235788729231471,-0.008935888534245984,0.004886869929446425,-0.04164735453135815,-0.0017743528974459855,-0.00019375933970311454,0.008867180441066269,0.007108697480562309,0.021584910266804203,0.02066057603714211
2025-03-17,22353.150390625,22577.0,22353.150390625,22508.75,251100,0.004980568336268254,-0.0019399179691830248,0.017358463383065015,-0.022692948833356485,22466.930078125,22560.8876953125,23013.6130859375,0.001861399030912425,-0.002310977121850244,-0.02193758468312823,0.00994500402621203,0.006960970004490244,0.005254248384984811,0.006337250238334567,-0.12660869565217392,0.8776958299835717,40.58616145692599,-193.13489785509591,-227.27104456563933,34.136146710543414,0.4532442696390455,0.01034329283651596,-0.029948857558739994,-0.032774932575987625,7.80329074525632e-05,-0.011666206511190658,-0.013890984206835322,-0.037814628033261743,0.001611182719231996,0.0051939834682530606,0.015101126395629327,0.022107547670653593,-0.016696176836919374,0.0028632073486842824
2025-03-18,22662.25,22857.80078125,22599.19921875,22834.30078125,272600,0.01446329899483545,0.016651602471513538,0.03232471076147614,-0.004140964870198549,22541.730078125,22556.140234375,22997.9780859375,0.012979070466685894,0.012331921329833184,-0.007117030204824015,0.011325136030105477,0.0075919549581352245,0.006539899939450529,0.007172108190024429,0.08562325766626833,0.9498423317479399,58.73522692631408,-151.70082801543322,-212.15700125559812,60.4561732401649,0.7547997206446371,0.010420899870468698,0.010542194739293853,-0.0037119665733972296,0.006112100805448106,-0.0029558546832311183,0.02781844439808623,-0.016477778050446035,-0.00459804573884115,-0.0021783434292346193,0.0049476978526186155,0.03157063824746231,0.015477065846200233,0.008054906147864749
2025-03-19,22874.94921875,22940.69921875,22807.94921875,22907.599609375,324000,0.0032100316461272094,0.01821055350217149,0.03735734634010357,-0.002260519202290978,22623.669921875,22553.54521484375,22981.9720703125,0.012550116249064658,0.01569839203364909,-0.003236121804950365,0.005795020092182495,0.001427342649497002,0.006315063479540826,0.007205336499345621,0.18855465884079248,1.1064629044651242,60.74355456661534,-111.66225335597483,-192.05805167567348,80.39579831969866,0.8289200475095864,0.010454126064512594,-0.015648288893673867,-0.0557540919036662,0.019860789477893492,0.02276590733860684,-0.010653512117636543,1.782822789420102e-05,-0.0002600201890802234,-0.0018076854362728545,0.011543178884471983,0.048768762932658305,-0.010062152807804536,0.013175871008115347
2025-03-20,23036.599609375,23216.69921875,22973.94921875,23190.650390625,313700,0.012356195589090069,0.032048703438953385,0.038202897374749245,0.010692804235344244,22767.7,22565.8126953125,22972.00609375,0.01857677282400072,0.027689571997657092,0.00951785821328377,0.010467580508140192,0.0066872187676217335,0.006433068626857033,0.007720757270574628,-0.03179012345679011,1.0527552184710383,66.50136035743704,-56.44094589223096,-164.934630518985,108.49368462675403,1.0340869104275943,0.010955475088212109,0.006813031970325012,-0.054726334100249296,0.007869927962363965,0.03863113439811294,0.010798495567894584,0.01852457311197142,-0.0039151862669418724,-0.0089176167844911,0.00013151221301255234,0.04118595393549618,0.003886429451423812,0.0137359043337264
2025-03-21,23168.25,23402.69921875,23132.80078125,23350.400390625,541000,0.0068885519512889015,0.04255894509689506,0.03573794283336085,0.018205285545594307,22958.340234375,22586.6876953125,22968.4841015625,0.017077025266093893,0.033812514062032895,0.01662784045188781,0.011558621393419963,0.007862069453886246,0.00624694925213783,0.007842756131551772,0.7245776219317819,1.7192068132706242,86.14359088956132,0.21040264365728945,-131.90562388645654,132.11602653011383,1.0746469541516221,0.010359570181257527,-0.052631563851613716,-0.0796201046255296,0.007248111540941959,0.04174663007573587,-0.0021848931523151816,0.01135683643480112,-0.0027606468022647324,-0.009896852808506273,0.0008549578120464751,0.03291706203092226,0.01637877328975934,0.008569766968667292
2025-03-24,23515.400390625,23708.75,23433.5,23658.349609375,311900,0.013188177230298859,0.0510734540734159,0.04903445779292759,0.03252277430409145,23188.26015625,22623.94765625,22973.02109375,0.020272734994233543,0.045721549962976615,0.029831884662807617,0.011634370298210817,0.0060789617176576025,0.006812897561846319,0.008290146758619533,-0.42347504621072085,0.9800933272581582,88.51183663016481,69.15871421572592,-91.69275626602004,160.85147048174596,1.139023382041821,0.010531164523812963,-0.0015873378696944496,-0.05271083007081678,0.010600659015347125,0.05270768504019441,0.0008246534476661349,0.026449245596486648,-1.157614416491537e-05,-0.011500966945311442,-0.007359270032536891,0.010062465491356143,0.000292948175221186,0.02599542671986943
2025-03-25,23751.5,23869.599609375,23601.400390625,23668.650390625,338200,0.00043539728764163677,0.036539310634819744,0.0537993511816075,0.03828539276996157,23355.130078125,22667.58515625,22984.6751171875,0.0134240448009173,0.044162853143577374,0.029757883022067944,0.011331411564397098,-0.003488184298886386,0.006285513665635013,0.008143835151219397,0.08432189804424506,1.0470426154393895,90.21704461934978,123.21162789223672,-48.7118794343687,171.92350732660543,1.036444565883045,0.010869102006269287,0.08903019812015467,0.02086436150367854,0.021967195825122632,0.06929706942478919,0.017646000146633645,0.016290352472233982,-0.004043479086923263,-0.010950246106520178,-0.0019195753210294875,0.0031602407409543343,0.012155855973833951,0.022639815593994195
2025-03-26,23700.94921875,23736.5,23451.69921875,23486.849609375,278600,-0.007681079328545448,0.025286368274174853,0.04395740053867869,0.041390747546074635,23470.980078125,22714.26015625,22990.89109375,0.0006761341536303256,0.03401341042192896,0.021571957067807013,0.012125967764374796,-0.009033376992581554,0.0074658282398159465,0.007927812463540166,-0.17622708456534597,0.8540248911777328,80.26799333102258,149.6540292440077,-9.038697698693419,158.6927269427011,0.8862992350307126,0.01082459481832236,-0.0043795231224605935,0.03255112066116994,-0.0018760293060073874,0.04650658972006205,0.0015743334544251475,0.028851211219512507,-0.0052903654216215346,-0.01592680182572348,0.0034155074790935824,-0.004900074403154986,-0.0015916742783979032,0.03139011100483691
2025-03-27,23433.94921875,23646.44921875,23412.19921875,23591.94921875,510300,0.004474827877002596,0.01730433693602773,0.049907621937651525,0.04631981751066716,23551.23984375,22766.480078125,22998.46609375,0.0017285448778954215,0.036258092502325034,0.025805335128906037,0.009929234665096128,0.006742354800085546,0.007207855784908112,0.007925637479563347,0.8316582914572865,1.5043334709038383,79.14448094655208,177.0495657604224,28.17895499312975,148.87061076729265,0.8857466568337325,0.010545211196701319,-0.012463348388196072,0.012781960440299223,-0.0077303831054975625,0.030308241221653764,-0.011156934922627149,0.0065036599003664985,0.0006816602789634363,-0.011385387862195562,-0.0011236004010299894,-0.006148872639784586,0.00942031196925952,0.037075606432319885
2025-03-28,23600.400390625,23649.19921875,23450.19921875,23519.349609375,295400,-0.0030773044101545244,0.007235388512559782,0.05010226411191554,0.043215641320945464,23585.0296875,22815.19501953125,23002.6170703125,-0.0027848206678242615,0.030863404377694303,0.022464076043303915,0.008461118326192023,-0.003434296872446136,0.007184790576205497,0.008000462065294239,-0.421124828532236,0.8700262127057992,75.97031885615117,190.70422449681064,60.68400889386593,130.02021560294472,0.8156869726443706,0.010668718358787714,-0.01262064386962658,0.05555553873590324,0.007163810316545893,0.030222009989006038,-0.003306980860763864,0.005371801525470898,0.005900162276524457,-0.0027994828026216556,0.012737799834574126,0.005650815065364467,0.0038764772024604266,0.024318722249699
2025-04-01,23341.099609375,23565.150390625,23136.400390625,23165.69921875,314300,-0.015036571865236992,-0.0208235315970553,0.029186392791692217,0.04705148710531559,23486.499609375,22867.24501953125,23001.8670703125,-0.013658927296979928,0.013051602804091011,0.007122558700852322,0.0185079671436369,-0.007514658416287726,0.009562300024116156,0.007533962984257328,0.06398104265402837,0.95916748046875,66.61401052141545,171.01762426039932,82.75073196717261,88.2668922932267,0.6386785215728628,0.011389836030135476,-0.04360901619460866,0.01112880319330789,-0.00021327810722948648,0.019198114507708475,-0.01973722070834405,-0.015283493477260546,-0.004651786809321212,-0.007426756843811666,0.008330610911466918,0.021546336056260218,-0.008009118610681987,0.01581725029822567
2025-04-02,23192.599609375,23350.0,23158.44921875,23332.349609375,341000,0.0071938424586863725,-0.014208701201789076,0.021811433286101023,0.054841192319843746,23419.239453125,22927.8974609375,23001.6190625,-0.003710190671388558,0.017640176083592918,0.01437857682871524,0.008209665312619626,0.006025628965866755,0.00883618198454197,0.00758370629440626,0.08495068405981554,1.0314267566014337,68.52723330442325,166.9387791761983,99.58834140897775,67.35043776722054,0.6954814891978672,0.011259963315656846,0.08333328959826991,0.005839410570790848,-0.014299499371316582,-0.01697031390627124,0.009340699480697934,-0.023320047108093545,-0.002646587018289015,-0.006034610036406596,0.01927749878503149,0.04324177547450603,0.026528205330148324,0.03024159049967623
2025-04-03,23150.30078125,23306.5,23145.80078125,23250.099609375,283200,-0.0035251486188494496,-0.010080108824194967,0.014951370106007555,0.052867259957420254,23371.889453125,22986.269921875,23006.128046875,-0.005210954124794442,0.011477707709719676,0.010604633774223382,0.00691176474294339,0.004310908487453845,0.00900530300861382,0.0076514045108054705,-0.16950146627565987,0.8527423555803134,66.89783867856875,155.2794130369948,110.72655573458118,44.55285730241363,0.6369886734138165,0.011111469532514604,-0.004354097757986342,0.005865096898272304,0.010241518493925517,-0.005036015602913668,0.006728194715792668,-0.01829428635741326,0.0016614185704497686,0.000911972610850853,0.00642083635469648,0.04636638796922976,0.007162951658568284,0.03927534905032837
2025-04-04,23190.400390625,23214.69921875,22857.44921875,22904.44921875,466800,-0.014866619775066536,-0.02914129704270474,-0.012341230929456826,0.025390195666616266,23234.389453125,23014.62734375,23001.1100390625,-0.014200512350051153,-0.004787308669150336,-0.004202441540792634,0.015597406276311968,-0.012330583649198193,0.009468904045338414,0.008281772449566759,0.6483050847457628,1.3723357342348963,59.833657194178684,116.80176552152625,111.9415976919702,4.8601678295560475,0.4397728067176806,0.011940125725631374,-0.008746347173728575,0.0096510847708835,0.004855116746535382,0.007583658390126757,-0.04839563335990149,-0.05526420030591728,0.00048007826692719746,0.0007103442036171526,-0.014054703015054293,0.03282049666563269,-0.06637849947011298,-0.038765319719821
2025-04-07,21758.400390625,22254.0,21743.650390625,22161.599609375,647100,-0.03243254628305536,-0.05772906234867947,-0.05091136603067814,-0.016992890686090112,22962.839453125,22995.47236328125,22980.2350390625,-0.0348928905497774,-0.03626247553139039,-0.03562345764940866,0.02302855472396078,0.018530738083288773,0.013175427800983287,0.010976520815919743,0.38624678663239065,1.8284826222096637,44.593432946960945,26.06572793936357,94.76642374144889,-68.70069580208532,0.07037596569019929,0.015360215577608433,0.01176469433266436,0.03458646853760361,-0.0018344419022233716,-0.0014183448558547918,-0.05974960534553109,-0.10876449272845334,-0.004300014412361386,-0.009437205929162862,-0.027645209398080794,-0.008363311877246038,-0.0740850708867078,-0.11341528458449801
2025-04-08,22446.75,22697.19921875,22270.849609375,22535.849609375,468300,0.016887318902814252,-0.027188888339930162,-0.04744625126155,-0.0007382946735394746,22836.86953125,22994.63984375,22969.108046875,-0.0131813128530196,-0.019952051325548337,-0.01886265834162182,0.01891872801625535,0.003969376830721597,0.013784796067259556,0.011668681653596863,-0.27630968938340283,1.2907048852752705,45.42133476360128,-15.466104672752408,72.71991805860863,-88.18602273136104,0.2640199115681111,0.015696406834918346,0.6562500389855954,0.7916667010299308,-0.031893428522519085,-0.03306031043129698,-0.0023314724921273955,-0.0929395311277178,0.0028891950403464595,-0.0019324794906644405,-0.020359691202395447,-0.036578617315324746,-0.02080982223905059,-0.12485582138417195
2025-04-09,22460.30078125,22468.69921875,22353.25,22399.150390625,383800,-0.006065856008070525,-0.03999593844483784,-0.053636349307979114,-0.0027225989188910393,22650.2296875,22991.58232421875,22960.508046875,-0.011085066259330811,-0.025767340639695657,-0.024448834281190934,0.005154178472694233,-0.0027225989188910922,0.013665185469200267,0.011713693822755862,-0.18043988896006835,1.0448655123597952,42.34851094497474,-58.73381884551782,46.42917067778334,-105.16298952330115,0.19759313052805472,0.015951165289410103,-0.10311541408796598,0.4833092111860602,0.013054494818549367,-0.00622694407554969,-0.015700524562941354,-0.11544323521281574,0.005819100243200648,0.006539269223988509,0.005582409527329801,-0.04952321958935946,-0.01845138250094691,-0.16320218560731803
2025-04-11,22695.400390625,22923.900390625,22695.400390625,22828.55078125,402200,0.019170387409190415,-0.01813105471406329,-0.028028400533643083,0.014696944376319854,22565.919921875,23008.11484375,22957.9340625,0.01163838479814916,-0.007804379616471624,-0.005635667429733537,0.010009395786423559,0.005866844749740642,0.015662161185302913,0.012479180681693219,0.04794163626889003,1.086924209872039,44.780772455248275,-57.70953162223668,25.60143021777933,-83.310961840016,0.4060175308440471,0.016325878638765,0.048434429806819335,0.5619533446129183,-0.005362229266892338,-0.021576327180749644,0.09515387644904849,-0.03774844592547344,0.0047462111325642375,0.009639083985357288,0.029830764707529767,-0.027414582201606863,0.04649205367467135,-0.13052573880702056
2025-04-15,23368.349609375,23368.349609375,23207.0,23328.55078125,388300,0.02190239778210845,0.01851612140722514,-0.011164759429486248,0.0381856559155338,22650.740234375,23051.0173828125,22961.2430859375,0.0299244324848309,0.01203996308832922,0.015996855829528478,0.0069164008895350034,-0.0017031082121877089,0.017423245210514977,0.013324271233649347,-0.03455992043759326,1.0467294758265604,49.71319576369607,-16.36332902140566,17.208478369942334,-33.571807391347996,0.6491487346249127,0.01680236173088698,-0.061595878489344336,0.47867647399126856,0.015171195721051633,-0.011531599626373734,-0.0171416080075657,-0.006144729590548348,-0.002023523538367211,0.007112562679965295,0.05364687944127211,0.03936962181078263,-0.013632694385291688,-0.08140399098831153
2025-04-16,23344.099609375,23452.19921875,23273.05078125,23437.19921875,348400,0.004657316201027051,0.05755900439765127,-0.0034928853046282127,0.04643437734524225,22905.86015625,23103.0173828125,22964.9970703125,0.023196643080658053,0.01446485670681752,0.02056182053895972,0.007643764761647774,0.003988143082529136,0.017491588381855362,0.013278503260571705,-0.10275560133917072,0.9315258950295446,46.93684758984614,24.884007962395117,18.743584288432892,6.140423673962225,0.6873239389201636,0.016178326669477973,-0.1979115528985249,0.1722382916033829,0.02700166551756733,0.01702436560705145,0.006203204778225668,0.06356813446402887,-0.0024993979032794655,0.008933817609275252,-0.0012945186420767474,0.06753640594167232,-0.0027641978690294833,-0.01064687577902379
2025-04-17,23401.849609375,23872.349609375,23298.55078125,23851.650390625,505300,0.017683476937954135,0.05838700577335332,0.029610639652948745,0.05966126020436491,23169.0203125,23170.16240234375,22971.8620703125,0.0294630532028457,0.029412309523230373,0.03829852005987289,0.024056986360597263,0.01922073634170376,0.017470582898458303,0.013707518639145858,0.4503444316877152,1.3066301199834505,52.279521674140504,89.97835112819303,32.990537656384916,56.98781347180811,0.8762192298421903,0.0168123883311225,-0.016118988762251263,-0.30364198121876806,0.014094254431600062,0.06533577621009279,-0.0224083715440897,0.042165083769568845,-0.00369691110105419,0.002308015631065752,0.03271201184870143,0.12536985218063967,0.01858795623043985,0.02915980948132635
2025-04-21,23949.150390625,24189.55078125,23903.650390625,24125.55078125,406100,0.011483498464016417,0.07707436936302603,0.03399576918546976,0.05654869892316938,23514.300390625,23234.72490234375,22984.730078125,0.025994836353655737,0.03834028087917618,0.04963385252936847,0.011850522842661785,0.0073656220679148895,0.017635236316500415,0.013591971350893238,-0.19631901840490795,1.032295784135538,57.777468067466316,161.80240213554862,58.752910552217664,103.04949158333096,0.9519767690911404,0.016778727317638263,-0.02520476505448832,-0.24315069164248193,0.022072644619736348,0.0748193308140801,0.0013268380955802073,0.06019346158975769,-0.0012388342498511618,-0.004725281225669509,-0.005378914811524194,0.11310278800564255,0.03537696560409609,0.08559916611924034
2025-04-22,24185.400390625,24242.599609375,24072.0,24167.25,440900,0.0017284255654137493,0.05864144559932072,0.03944715962658418,0.054988318815799575,23782.040234375,23297.707421875,23000.8540625,0.016197507103205222,0.037323096319278104,0.05071098378914818,0.0070591237883913145,-0.0007504688916390918,0.01748062717374715,0.013593899162196879,0.08569317901994578,1.1043482616972247,57.115305271559166,219.55733815686108,90.91379607314636,128.64354208371472,0.9117386242929904,0.016561651883156513,0.003232074329140744,-0.2757816035114439,0.01868294454332542,0.10080287817620959,-0.023567493023827546,-0.0547379853720531,,,0.02911313223394263,0.11232712783458498,-0.024737143886393254,0.011708153565337831
2025-04-23,24357.599609375,24359.30078125,24119.94921875,24328.94921875,415000,0.006690840652122221,0.04288300833089287,0.06219315672668002,0.04908438568782736,23982.119921875,23354.62236328125,23012.648046875,0.014461994936429523,0.041718801542285355,0.05719903112383218,0.009838138110606721,-0.0011762403145001508,0.01617382169534017,0.013441766843385581,-0.058743479246994745,1.0264528017214727,59.79718087754038,275.20393695525127,127.77182424956735,147.43211270568392,0.92356537325729,0.016570047161215316,-0.01868562544933916,-0.24266538637513857,0.006196588320118712,0.09107124502990893,0.025117204723895226,-0.014095660105491903,,-0.01276949190289367,-0.0017225196042004454,0.05387406750488832,0.01949898053004695,0.04569101721290658
2025-04-24,24277.900390625,24347.849609375,24216.150390625,24246.69921875,358800,-0.0033807460922566923,0.03453910991857723,0.09408615109592278,0.03838473058838243,24144.019921875,23399.4373046875,23023.656015625,0.004252783803494697,0.03620864480757291,0.053121155141259147,0.005431634943867198,-0.0012851676369447684,0.00983735214904172,0.013460826046709526,-0.13542168674698796,0.9079062235099128,64.00114544523618,309.10421878355555,164.03830315636498,145.06591562719058,0.8479967931642246,0.01575117171807604,0.04793174772502029,-0.010539313791976035,-0.0049804561845157025,0.05709391615517512,0.01666113847096007,-0.003848701871773663,0.0008631110683468002,-0.009441602743165856,-0.036643799574778035,0.016572088918302752,-0.03172130583540156,0.015326897091873404
2025-04-25,24289.0,24365.44921875,23847.849609375,24039.349609375,387700,-0.00855166336268387,0.007869443651739028,0.06671592267701931,0.016104250984989354,24181.559765625,23418.4873046875,23032.376015625,-0.005880933969038549,0.02651163145636759,0.04371991813032561,0.021531348301251196,-0.010278331369138293,0.010831795518689085,0.013384938667871965,0.08054626532887399,0.9717157286614785,59.0615521873351,315.6010038694476,194.3508432989815,121.25016057046611,0.7491444521122151,0.016855827282530832,0.018170423631571397,0.02394455684821395,-0.0030459127519368856,0.039226970974862496,0.020259113708281262,0.03962882962995318,0.0031384993762297864,-0.0026456052977963385,0.016544730999151103,0.0006574812863695545,0.008350737978818135,0.005122453794961235
2025-04-28,24070.25,24355.099609375,24054.05078125,24328.5,320500,0.012028211882747275,0.008412210796353348,0.0861349460014571,0.02787863264211987,24222.149609375,23451.47978515625,23047.74703125,0.00439062561911685,0.03739722281401048,0.05556955163615118,0.012374327563351625,0.010729011954591248,0.009970623206850581,0.013613530051535108,-0.17332989424812995,0.805074101984426,63.12561956358951,340.16061304507457,223.51279724820012,116.64781579687445,0.8354281768445253,0.017034826649153404,0.05599999060997596,0.1092436684687843,-0.00973431238084288,0.006886170393179958,0.007373133469998461,0.04590640328977713,-0.0028374241956311552,-0.004241943604115006,-0.014991397553752672,-0.009013340007273496,0.0036629963192029713,-0.025664808898884228
2025-04-29,24370.69921875,24457.650390625,24290.75,24335.94921875,357600,0.0003061930965739812,0.006980488833028264,0.06603128038850747,0.036152128680386086,24255.889453125,23493.934765625,23066.8340234375,0.003300632029170414,0.03583965229855779,0.05501904570098315,0.00685818289333087,-0.0014258926134242597,0.009465872890462463,0.013447268595273476,0.11575663026521066,0.8894416117398334,68.98643411655966,356.12023753543326,250.03428530564676,106.0859522297865,0.8082081775439706,0.01636701229747172,-0.012820472920206383,0.09149484757802373,0.014063172944799085,0.002319897680116423,0.0006407067039131409,0.07183703436408617,0.001496665054414592,,0.014946656041644246,-0.022654978118719526,-0.015391958325249866,-0.016328512430179742
2025-04-30,24342.05078125,24396.150390625,24198.75,24334.19921875,424500,-7.191007773188485e-05,0.0002157923037611198,0.04310805445781374,0.031462003970832875,24256.939453125,23531.047265625,23092.0819921875,0.0031850582706156594,0.034131585562631406,0.053789746068922284,0.008112056158104392,-0.00032255139760236794,0.007902933196848292,0.013439229469728494,0.18708053691275173,1.0672264682220434,85.86689950880026,364.4262654120903,272.91268132693546,91.51358408515483,0.7834805752196742,0.013540310205601707,0.025383724416730313,0.14051223646214495,-0.0007495703024995581,-0.00459949866917575,0.005802410694099036,0.05164196646662966,-0.0026304620352640695,1.648457925851332e-05,-0.004211803244400514,-0.025092065022488397,-0.02626915532888008,-0.06048825279621883
2025-05-02,24311.900390625,24589.150390625,24238.5,24346.69921875,421100,0.0005136803511647248,0.00412427271431115,0.038805831341502284,0.03517740171884731,24276.939453125,23572.41474609375,23118.1109765625,0.0028734991805574595,0.03284705792751086,0.053143971989452865,0.01440237904425892,0.0014313495681488931,0.007987806084735571,0.01339686376923713,-0.008009422850412284,1.0422106448539148,83.9498578152543,367.77798223383434,291.8857415083152,75.89224072551912,0.7646724414859858,0.01299075265615744,0.0489348550980615,0.1416039642735436,-0.005490064992214494,-0.005109302587921749,0.00147999135976562,0.03593847314215082,0.00012327395190037116,-0.000722726711644528,-0.004349651900416807,0.007589326146399511,-0.03657727824309254,-0.06519995733812178
2025-05-05,24419.5,24526.400390625,24400.650390625,24461.150390625,291500,0.004700890697612925,0.01754626427519912,0.02555378726495028,0.055921090904369475,24361.299609375,23637.1873046875,23146.7059765625,0.004098746078865734,0.03485876197182303,0.05678753665396097,0.005140804826914234,0.001705620124285919,0.00638198727074419,0.012803965388461534,-0.30776537639515555,0.7234956131097902,88.98363914847359,375.34277713282063,308.5771486332163,66.7656284996043,0.7744500940115061,0.012921506603212821,0.0021954400128887386,0.1236923217773438,0.0005119728611837626,-0.0015587807091050898,0.021118440462814414,0.03681100604488163,-0.005566440725123356,-0.009394160231569804,-0.02283753023346613,-0.03144599108798529,0.0013743657844520474,-0.07166746192684315
2025-05-06,24500.75,24509.650390625,24331.80078125,24379.599609375,302400,-0.0033338898599493128,0.0021004011498859665,0.010530280963468863,0.04488403515003103,24371.51953125,23689.5498046875,23175.71296875,0.00033153772437688467,0.02912886949632787,0.051946045511019,0.0072950176469103786,-0.004944762532779609,0.005766467269682872,0.01283031134186956,0.03739279588336197,0.7541617307812207,83.76470148054358,370.4867247501752,320.9590638566081,49.52766089356709,0.7256327918913691,0.011948363452706985,0.004381156774550199,0.06876458716016454,-0.003553484772348847,0.004673075176448771,-0.006381597588933863,0.022654328570304916,-0.00201191456979255,-0.008574078656124584,0.024357906703249554,0.0072459820494756855,-0.019900494582135275,-0.09346238252720973
2025-05-07,24233.30078125,24449.599609375,24220.0,24414.400390625,330100,0.0014274549954715887,0.003223674210108829,0.010226665864961904,0.05007723841236911,24387.209765625,23747.76484375,23204.8109765625,0.0011149543248825111,0.0280715069928128,0.05212666525421028,0.009404269844905347,0.00747317136075503,0.005763392932607719,0.012760050886517346,0.09160052910052907,0.8184568084895368,79.64129003364239,365.23618506575804,329.8144880984381,35.42169696731992,0.7154266594094374,0.011023790287885273,0.03598690523014958,0.12160563169999827,-0.011800937053323524,-0.02095153640771552,-0.007693239651855532,0.014137039339814583,-0.0036142149976834403,-0.013633565263854841,0.03025012747883782,0.02243334192180546,0.03430770257006954,-0.04770345077949234
2025-05-08,24431.5,24447.25,24150.19921875,24273.80078125,411400,-0.005758880297096702,-0.002482039246784029,-0.002266782547990065,0.0597853958164174,24375.130078125,23816.232421875,23231.3809765625,-0.0041570771745721435,0.019212457758630563,0.044871194086101296,0.012237505940126741,-0.006454749759531752,0.00575004222160166,0.012259447133412307,0.2462890033323235,1.0270877543377857,72.44582692283507,345.7443553906123,333.00046155687295,12.743893833739378,0.6514243532422516,0.011434584488608625,0.0031578666285465573,0.09729410161522889,0.006255597050644823,-0.014087993365378138,0.00434635623313584,0.012668919215565122,0.006796365138147964,-0.004310736005517235,-0.009027739290512815,0.017488541810545488,-0.017261811730068133,-0.038894381750063434
2025-05-09,23935.75,24164.25,23935.75,24008.0,335600,-0.0109501096942064,-0.01391150462355728,-0.009844606748180107,0.08331530318975355,24307.390234375,23908.55244140625,23252.88296875,-0.012316839919392475,0.004159497269333734,0.03247412513385184,0.009517660779740087,0.0030184974358438738,0.006642476063511155,0.00965876935871112,-0.18424890617403988,0.8717449185012014,54.55842743336123,305.32939112500753,327.46624747049987,-22.136856345492333,0.538382882231843,0.010859783392514996,0.10230854237031006,0.15312848631571518,-0.004490861842909921,-0.013097428719124782,0.005799775094835535,0.017036965271381543,0.0002830660461647927,-0.004151652343658663,-0.02532501100176765,-0.003946882368959126,0.03168589912618658,0.029204617585931514
2025-05-12,24420.099609375,24944.80078125,24378.849609375,24924.69921875,368700,0.038183073090219954,0.018950409965291737,0.03682918314186523,0.10600219875363526,24400.1,24027.994921875,23293.1139453125,0.021499879867295624,0.03731914792684776,0.07004582029127282,0.022706439379988758,0.02066329038155445,0.013556782176729036,0.012030654679017216,0.09862932061978547,0.9702759246832195,66.94726831725163,343.31271131719404,330.6355402398387,12.677171077355354,0.8737761888140787,0.012176687724662462,0.029509706098549637,0.184556346639823,-0.014170684239803832,-0.027580365894540826,-0.0007114809122162891,-0.004705700522912859,0.014914420589431154,0.016358347252040772,0.011494252873563315,0.031048607793244365,0.018527801922528564,0.046834782970626154
2025-05-13,24864.05078125,24973.80078125,24547.5,24578.349609375,423000,-0.01389583907654357,0.008152307797687275,0.010269832064245588,0.09728936949600042,24439.85,24136.9548828125,23328.7629296875,0.005666958241355768,0.018287092498018742,0.05356420670284723,0.01734456495351481,-0.011490532029095094,0.01424920161223974,0.012530763373035037,0.14727420667209112,1.107460302915265,57.72046929572629,341.53029862512267,332.81449191689546,8.715806708227205,0.7334053575269868,0.013091385449036345,-0.14979195084736807,0.0027262397298013497,0.03335373120752316,0.008436922450131501,0.032558782749008364,0.034300359022459315,-0.00782852664804623,0.01043466707512608,-0.03468899521531099,-0.02838396515732755,0.015240909508342337,0.08436897610202054
2025-05-14,24613.80078125,24767.55078125,24535.55078125,24666.900390625,345500,0.0036027960647213586,0.010342256863165034,0.013599271139997926,0.0805285288142299,24490.35,24228.87236328125,23371.0339453125,0.007208977847397158,0.018078762427572892,0.055447544526476156,0.009405316287253296,0.0021573104392495763,0.014266609280085217,0.01206103837712561,-0.18321513002364065,0.9113209537877189,56.526038755462224,343.30561825526456,334.91271718456926,8.392901070695302,0.7933993391567505,0.013023101068363204,-0.010331627678896615,-0.04210522300318664,-0.00798080971871229,0.012335284224727516,0.0072482009835321826,0.04987410902701672,-0.005182213590311124,0.008844559950191178,0.006133844122715226,-0.051127730952298944,0.027764283855099103,0.07750885098206983
2025-05-15,24694.44921875,25116.25,24494.44921875,25062.099609375,500800,0.01602143814146184,0.03247529446372943,0.029912650261535445,0.0743101808758011,24648.009765625,24315.5498046875,23421.324921875,0.016800133060946187,0.030702567315322726,0.0700547340072788,0.024810402597610078,0.014887976944464525,0.01496738145836481,0.011665481199638927,0.4494934876989869,1.301641346866106,64.04796467121199,372.31008705944623,342.39219115954467,29.917895899901566,1.027311580729286,0.014214562899645539,-0.053296768134116324,-0.09601259050274447,-0.0025400185341366566,0.003486526484597352,0.001024415597859818,0.04640158240006542,0.0011134433559039092,0.0031500770108801035,-0.018320093326394504,-0.0600253130627294,-0.008167059180473335,0.08748065882127887
2025-05-16,25064.650390625,25070.0,24953.05078125,25019.80078125,432700,-0.0016877607536591732,0.04214431777949024,0.027646522284286768,0.06752519990673211,24850.369921875,24394.6798828125,23470.819921875,0.006818041739726999,0.025625296230180616,0.06599602674857286,0.0046742665847940125,-0.0017893570696591572,0.01502492768770479,0.011722903912665674,-0.13598242811501593,1.1124537227478404,67.91007127765317,387.4172704936682,351.3972070263694,36.02006346729877,0.9841812485744584,0.013094784771249146,-0.019733033175911574,-0.1960971344288589,0.010114737667680451,0.01820916614538448,0.004132332074135769,0.04466682856672155,0.005023489051597663,0.007904087015029093,0.012012686460360689,-0.024016909359875993,-0.02422806899485419,0.028542799012317488
2025-05-19,25005.349609375,25062.94921875,24916.650390625,24945.44921875,255300,-0.0029717088137536374,0.0008325075387225489,0.019798693863172234,0.04585841273922586,24854.519921875,24449.36982421875,23527.234921875,0.0036584612038703668,0.02029006874606032,0.06027968444164178,0.005864750193194995,-0.0023955030247824315,0.01511446275606968,0.011294497789405557,-0.409983822509822,0.678159698241513,62.22964371664587,388.9071924664204,358.89920411437964,30.00798835204074,0.8893167214481098,0.012648609706291038,-0.0201302643501734,-0.23485899772573138,-1.270196656077971e-05,0.03283217146109041,0.007005272294898557,0.052734004307985805,-0.0004995077657526936,-0.007403372482022941,-0.012211041124369437,-0.04688996675482204,0.014118837417438801,0.024090481967803612
2025-05-20,24996.19921875,25010.349609375,24669.69921875,24683.900390625,414800,-0.010484831354666824,0.004294461708272745,0.012481779279631233,0.02314349688583861,24875.630078125,24477.2873046875,23578.5269140625,-0.007707530900638471,0.008441012411450233,0.046880514656038264,0.013800509045741401,-0.012493852581025209,0.015560778031559835,0.011422317356106963,0.6247551899725812,1.1005717772854509,56.26611365255923,364.77822547252435,360.07500838600856,4.703217086515792,0.6649711084216301,0.013285419249477142,0.048942683421832056,-0.05600863586089355,0.0011887074695708932,0.0006833822235983167,0.0008761131291423752,0.020432285303387587,0.000648336335568489,0.0010771229116228742,0.014526872972340898,0.0017038413878562864,0.003200463160030642,0.011945082399615226
2025-05-21,24744.25,24946.19921875,24685.349609375,24813.44921875,332700,0.00524831270888626,0.005941112413973881,0.01634481378777708,0.026738632601971624,24904.93984375,24509.597265625,23633.142890625,-0.0036735934948647353,0.012397264215808113,0.04994284228667767,0.010512428444566745,0.0027965777402830963,0.015609762768667086,0.01145785584560641,-0.1979267116682739,0.8955947077270953,58.250839287251445,352.0511267895854,358.47023206672395,-6.419105277138556,0.7428726236064864,0.013402875398276079,0.0017280402213226687,-0.04450556809538253,-0.009804056316672582,-0.0011557884196200519,-0.0038802294486252054,0.009158192496234507,-0.0014993715810057706,0.004783137151797456,0.015803339309184983,0.01133076183104409,-0.002073652197570497,-0.01743359239164688
2025-05-22,24733.94921875,24737.5,24462.400390625,24609.69921875,403300,-0.008211272774042211,-0.018051176783918432,0.013837900398336433,0.01153975033922272,24814.459765625,24523.634765625,23678.590859375,-0.008251662490700307,0.003509449310737489,0.0393227943717076,0.011178503521302815,-0.005023459816348702,0.01575905235390169,0.011578345412197997,0.21220318605350164,1.0873550822324076,54.24810208366984,321.8142132711655,351.1390283076123,-29.324815036446807,0.5692891222388607,0.013514997682230082,0.009200681600216143,0.018572240471614432,0.0036034902262873647,0.004996246026037321,-0.01613513066101424,-0.008140782850254324,0.0019210194343250997,0.005593673491060658,0.008798606066038772,0.03926855981383959,-0.01582483466647533,-0.025019822531709757
2025-05-23,24639.5,24909.05078125,24614.05078125,24853.150390625,270500,0.009892488718005854,-0.006660740110684182,0.03520286532093464,0.025011700207260734,24781.1296875,24553.95732421875,23724.7598828125,0.0029062719913584,0.012185126106378785,0.047561725108542285,0.0118697225648817,0.0086710521976907,0.01530332215837376,0.011715543264284086,-0.3292834118522192,0.7380929642413742,56.07846177701969,313.87753162400986,343.68672897089186,-29.809197346882,0.7399931237037642,0.013726488554291524,-0.016524160728526804,0.021906504002609184,-0.00242942414002012,-0.007484351530029465,-0.00044487103794299543,-0.01266204060729137,0.0007505761106474385,0.0013183363794353475,-0.005583220159951718,0.021198754191272373,-0.006009402853966006,-0.006815939244166236
2025-05-26,24919.349609375,25079.19921875,24900.5,25001.150390625,302800,0.005954979456279652,0.0022329191744172583,0.003067285635185879,0.04000943440145788,24792.269921875,24602.04736328125,23773.732890625,0.008425225661394586,0.01622235017478313,0.051629144890579015,0.00714763984688517,0.003282621036755527,0.00949539082007938,0.011520934886976157,0.11940850277264325,0.8359098939929329,59.44333594861855,315.8886496312334,338.1271131029602,-22.23846347172679,0.8302272801421177,0.013782937198101922,0.0011587750578476719,0.044108850950896894,0.008317044049782396,0.0007831567525853345,-0.006708297825321674,-0.026107777894873285,0.004376101790735554,0.006202813463608958,0.02148711648805013,0.056036678084969926,0.005392124383064578,-0.015362503974787445
2025-05-27,24956.650390625,25062.900390625,24704.099609375,24826.19921875,525700,-0.0069977248703164685,0.005764843718906176,0.010084062327783805,0.020457456018661224,24820.7296875,24626.93232421875,23821.050859375,0.000220361420428139,0.008091421696696077,0.042195802582714936,0.014452505520015948,-0.005227110603112193,0.00854915246098416,0.011436732628886665,0.7361294583883751,1.4112751677852349,56.00097454180312,299.90822239750923,330.48333496187,-30.57511256436078,0.6666638376619435,0.014251796569045216,0.04282405912692222,0.03801842305342773,0.0031363806618440737,0.002730041002420469,,,-0.009021198338578174,-0.003520395620653538,,,,
2025-05-28,24832.5,24864.25,24737.05078125,24752.44921875,684400,-0.0029706520659956714,-0.002458344241553778,0.003468162872928948,0.017114598500193257,24808.5296875,24647.75732421875,23866.1418359375,-0.0022605317387371926,0.004247522123580039,0.03713660083415338,0.005138853841325993,-0.0032236295681063124,0.008582570820892522,0.01147173512017234,0.3018832033479171,1.760106984878099,57.113746563127,278.08699624689325,320.0040672188747,-41.917070971981445,0.5896351807569509,0.013804116245801704,0.02885685041920394,0.06613004981262138,-0.003944418389656645,0.008663851392473054,,-0.0031849254097175983,-0.0004823930132084042,-0.002505475477332597,,0.004810267374337096,,-0.02669440452339178
2025-05-29,24825.099609375,24892.599609375,24677.30078125,24833.599609375,345400,0.003278479228775888,0.009098054739913763,-0.00911735263850455,0.020522573442244285,24853.309765625,24672.72734375,23913.403828125,-0.0007930596140262036,0.0065202465614628835,0.0384803346216962,0.008669658507489263,0.00034239540359346806,0.006753072020790291,0.011481092438887385,-0.4953243717124488,0.897410914948621,62.98276057999146,264.2950468483032,308.8622631447604,-44.56721629645722,0.6410964657238304,0.01340593772021927,-0.028047488246247587,0.026780697500579764,0.0011598187958674622,0.006207858502303543,-0.005571225417268844,0.007518028137738053,0.0023755009919497194,-0.0020530018227894464,-0.0016664647202583316,-0.0056134292006186914,0.015601917760914796,0.004385260014649228
2025-05-30,24812.599609375,24863.94921875,24717.400390625,24750.69921875,853900,-0.00333823496911434,-0.004122260971536451,-0.010755543773220855,0.01659362513045992,24832.81953125,24692.92734375,23960.473828125,-0.0033069266418441767,0.0023396122377778994,0.032980374106685195,0.005920997497071974,-0.002494716055532208,0.006794642158900644,0.01152328844728069,1.4722061378112334,2.1004858249800136,46.29124516048458,243.86434254771666,295.86267902535167,-51.99833647763501,0.5525481942628977,0.011170234796532286,-0.08879025198805635,-0.04866744736088047,0.0023287218949059607,0.011007202075681288,0.004011194261904327,0.012009592428761318,0.0002976304593402812,-0.0025046785580816744,0.00673774499088986,0.006707161655918004,-0.014553711572739103,-0.004248400865836555
2025-06-02,24669.69921875,24754.400390625,24526.150390625,24716.599609375,311100,-0.0013777230725331435,-0.011381507522817857,-0.00917400233478205,0.01044305826466374,24775.909375,24705.6998046875,24004.6308203125,-0.00239384818241406,0.00044118583054397753,0.029659643357649035,0.009234684528102517,0.001901133459679709,0.006763437237848597,0.011497492286597405,-0.6356716243119803,0.763426215629256,53.3992266452038,222.35810290283916,281.1617638008492,-58.80366089801004,0.5101150595242391,0.010613298003066977,-0.02070646473861837,-0.06944448583655727,0.0036662991272233825,0.0063440491125621445,-8.118516130162234e-05,0.018761588414845765,-0.0002881599499485743,-0.007136986371875431,-0.008501460457109866,-0.02284750887419751,-0.0024613999764007133,-0.012026619184957954
2025-06-03,24786.30078125,24845.099609375,24502.150390625,24542.5,349300,-0.007043833380258491,-0.011427412478658305,-0.005728446006803001,0.006681832074155958,24719.16953125,24713.84482421875,24038.7948046875,-0.007147065803592478,-0.006933151253375125,0.020953845623503442,0.013973687226240195,-0.009836110010995552,0.006292805871394407,0.011593513709590416,0.12279009964641596,0.852263023057216,47.0647818990045,189.08620154542587,262.74665134976453,-73.66044980433867,0.33610257523452675,0.011011493591655874,0.06716417467849967,-0.047724782935898435,0.00275695153344091,0.005963406706614771,0.0041020419271569075,,0.0019095540804663358,0.003814549392361144,0.032928958631713856,,0.028458620104979238,
2025-06-04,24560.44921875,24644.25,24530.44921875,24620.19921875,280900,0.003165904807986175,-0.00534290561839923,-0.00778811515869271,0.008429403337057773,24692.71953125,24724.134765625,24073.046796875,-0.002936910712010521,-0.004203809268161218,0.02272883970574191,0.004622252656807616,0.0024327730925371473,0.006111204472356725,0.0116081616635878,-0.19582021185227594,0.6895112791182896,37.735887920782204,167.0618723304069,243.60969554589303,-76.54782321548612,0.3972412915716072,0.009502923396709162,-0.034965057506117225,-0.10679618941802205,-0.005428099672495912,0.004464967156345256,0.005800290454605506,0.008246178832344908,-0.0018778143240389955,0.002413129142680104,-0.00591659419655044,0.023239667186401247,0.014235434790978552,0.041386114025681486
2025-06-05,24691.19921875,24899.849609375,24613.099609375,24750.900390625,388400,0.005308696762106768,-0.0033301341751028612,0.005737622821794464,0.01965491987326229,24676.1796875,24747.98974609375,24104.251796875,0.00302804988743266,0.00011761135191634686,0.026827158926120864,0.01158543711438528,0.0024179130120850563,0.005766557974803892,0.01155864192458059,0.38269846920612327,0.956085072863332,42.88624040360408,158.32880905134152,226.55351824698272,-68.2247091956412,0.5031695995424974,0.009942769375487298,-0.04891301280584237,-0.12597116537728348,0.0013831369422199202,0.004689022547232691,7.36874595066439e-05,0.013969526731482773,0.004042706669558749,0.004080397405484604,0.006544032713440284,0.03165499769930302,-0.008831436281952154,0.016332443710237232
2025-06-06,24748.69921875,25029.5,24671.44921875,25003.05078125,335600,0.01018752395450262,0.01019573468489443,0.00603144423419022,0.04144663367419188,24726.65,24797.74228515625,24137.3048046875,0.011178254282322886,0.008279322114604248,0.03586754956975846,0.014320283727876332,0.010277370953997424,0.0058199638482924355,0.011369793206619376,-0.1359423274974253,0.8261126427727452,51.39282185746103,169.79690961986125,215.20219652155842,-45.40528690169717,0.8265675995153366,0.01044743044414647,-0.042539687383742586,-0.08160780428512238,0.0015087059997582752,0.003867075664765407,-0.005277383403094138,0.0045888198700310134,0.002279770810530657,0.006070033500716221,-0.007089860514771007,0.017485152178850605,0.00827367494651221,0.03987529307410842
2025-06-09,25160.099609375,25160.099609375,25077.150390625,25103.19921875,279200,0.004005448710087123,0.015641294331942168,0.0040817653000186915,0.007161570875275469,24803.969921875,24806.66728515625,24166.201796875,0.01206376631714523,0.011953719142723696,0.0387730529501813,0.003304328584861958,-0.002261532804257982,0.005651492410128435,0.007605207325541526,-0.16805721096543502,0.6949336054658818,60.99713444738478,184.83593032602585,209.12894328245193,-24.293012956426082,0.937734641168601,0.009883331381198233,-0.029840836309138696,-0.09017411791945751,0.014661664090327653,0.014864640174978572,0.010280683010067904,0.014999081946761805,-0.0003107560769065598,0.006047293661799902,-0.008444194001769323,0.017543919555405685,0.019094254687782586,0.06234579467754675
2025-06-10,25196.05078125,25199.30078125,25055.44921875,25104.25,307300,4.18584595869298e-05,0.02288886625241937,0.011199893257925808,0.021396896007387145,24916.319921875,24832.9623046875,24194.9137890625,0.007542449234648307,0.010924499944225063,0.037583775617690884,0.00573016770068813,-0.0036434591296472087,0.005028738441806498,0.006826518088361226,0.10064469914040108,0.7760492954189605,58.178198939673905,194.59606949381123,206.2223685247238,-11.626299030912577,0.8924158619242549,0.009545902292796183,0.004101125459538446,-0.14393941078043238,0.004616658163071552,0.016746801646534415,0.0009199480792858594,0.011782454353755023,-0.0010736366369418215,0.003051782804055936,0.0024800706523950833,-0.012451445141912654,0.010994101336975204,0.04430582913439007
2025-06-11,25134.150390625,25222.400390625,25081.30078125,25141.400390625,301200,0.0014798446727146697,0.021169656965166483,0.015713643867628635,0.019236304216817546,25020.56015625,24856.6873046875,24228.0048046875,0.004829637450975088,0.011454184640437015,0.03769999194323992,0.005612241449669398,0.0002884521611959575,0.004818461049496152,0.006801705664565473,-0.01985030914415875,0.7649232410193897,66.49910847080014,202.98884707405523,205.5756642345901,-2.5868171605348778,0.8928128737661339,0.008935315510501158,-0.0456091995750858,-0.1533815875660215,-0.0037034038630361366,0.018509951145835535,0.00548298940767844,0.011463266106271242,-0.00034160286181550426,0.004595581417152328,-0.003427822091492505,-0.009979033590354125,-0.004748009714302559,0.02475955706196964
2025-06-12,25164.44921875,25196.19921875,24825.900390625,24888.19921875,328300,-0.010071084662786611,0.005547225594144667,0.0021986184135136533,-0.0069387798043843985,25048.019921875,24847.99228515625,24253.9298046875,-0.006380572341585511,0.0016181159882993068,0.0261512018534793,0.014878490198118806,-0.01097778845062766,0.0059977239528431385,0.006243243573333362,0.08997343957503312,0.8524173027989822,51.08105144828966,187.0527377685612,201.87107894138433,-14.818341172823125,0.5574751724468905,0.009229836384601469,-0.024964363055773764,-0.13206348721943206,-0.0029905394545787223,0.014061471069734655,-0.002743888954607865,0.008613601048525599,-0.0012033583002453163,-0.000653372291175458,8.974362531821711e-05,-0.01632737138068807,0.048784210606031886,0.08432781512222509
2025-06-13,24473.0,24754.349609375,24473.0,24718.599609375,318700,-0.006814458847919758,-0.011376658567134212,-0.001296917274590914,-0.012038511997294665,24991.1296875,24832.9322265625,24277.9148046875,-0.010905072380994252,-0.004604072372299428,0.018151674401724716,0.011382101487185091,0.010035533419482694,0.006319972952971774,0.0064050914055957565,-0.02924154736521478,0.839921990301497,41.39955626261835,158.90621334523894,193.27810582215528,-34.371892476916344,0.33407319404049995,0.00983974629338148,0.02560353910141422,-0.07029174212899314,-0.006680851735085591,0.005769266604356282,0.0038224199557175265,0.017840480262315328,-0.0021365168913635157,-0.005056735853338101,0.017555388350950052,0.008088591122514366,-0.0016140954935971452,0.07369420960007078
2025-06-16,24732.349609375,24967.099609375,24703.599609375,24946.5,305800,0.00921979376770854,-0.006242201138767944,0.009301457087883547,4.212316406038141e-05,24959.78984375,24832.984765625,24313.5308203125,-0.0005324501461428932,0.0045711474253442574,0.026033618250077106,0.010562603972501153,0.00865871597350478,0.006942009730069453,0.0067375874830123885,-0.04047693755883275,0.8005969133297554,53.547436612190545,153.22328419340192,185.26714149640463,-32.04385730300271,0.6647058800679994,0.009476982752017889,0.07560623618634765,0.030758701691393275,-0.009899678438585191,-0.018576822674842064,-0.011296379879250695,-0.003898040945949144,0.0025575981785816992,-0.002201998980822517,0.014813116603270782,0.031733684358119296,0.07260438528710988,0.1300712494225973
2025-06-17,24977.849609375,24982.05078125,24813.69921875,24853.400390625,242400,-0.0037319707924959866,-0.009992316415547209,0.012667837042884766,0.0068668240155584925,24909.619921875,24841.459765625,24343.9518359375,-0.002256940548523989,0.00048067324193734606,0.02092710986781654,0.00677378386273068,-0.0049823832193821105,0.006588370029552428,0.00634077332018003,-0.2073250490516677,0.6492654247411911,52.943266651861215,139.59796306511635,176.133305810147,-36.53534274503065,0.5176937824064002,0.00963075472917994,-0.015915104266073565,0.010211067153800046,0.007519661270536604,-0.01574084089974126,0.009392659896159117,0.0045338869574591545,0.006544627315505203,0.005407659570380918,-0.010281510512619607,0.018599704402739947,-0.016579976133314744,0.09924943539092501
2025-06-18,24788.349609375,24947.55078125,24750.44921875,24812.05078125,237600,-0.0016637405234334324,-0.013099891185767487,0.007792445576715323,-5.6358045496640585e-05,24843.75,24841.38984375,24375.190859375,-0.0012759433962263866,-0.0011810555965080516,0.017922317999285564,0.007943783616989287,0.0009561415845948927,0.006611671878299395,0.006248082027113887,-0.01980198019801982,0.6446186820043951,49.35680914843234,124.03344960346294,165.71333456881018,-41.67988496534724,0.4565281967458926,0.009594418484771506,-0.029649631370178064,0.027104076202520755,-0.004124594135384574,-0.016156942274462738,-0.008352184790166306,-0.009288227847169872,-0.001681136113643178,0.00406042235865689,-0.0030433811300654146,0.018992642775243818,0.042775530701112396,0.1517388807568434
2025-06-19,24803.25,24863.099609375,24733.400390625,24793.25,274600,-0.0007577278241026608,-0.0038150296819573493,0.0017110330818930208,0.007458473166147117,24824.76015625,24850.5673828125,24412.966875,-0.0012693035522466367,-0.0023064818573174106,0.01557709585021505,0.005231231030623254,-0.00040317297128400514,0.006427369012360829,0.005946556517302359,0.1557239057239057,0.7582388756195552,51.32059093807661,108.92576619785541,154.35582089461923,-45.43005469676382,0.41057428922985223,0.009553150762160208,-0.008333325606805109,0.04462323725477413,0.0020569561900163347,-0.011176103330248544,-0.0003092402101070313,-0.006869556108266672,0.0030021664296442374,0.008288110719068875,0.00035228370275119936,0.01926014517594643,0.00400859254994268,0.10256783136116576
2025-06-20,24787.650390625,25136.19921875,24783.650390625,25112.400390625,574700,0.01287247095983779,0.015931354828881306,0.004373450677346957,0.010431273135408814,24903.5203125,24863.5298828125,24471.982890625,0.008387572339327187,0.010009459999665404,0.026169415975087817,0.014038834306600738,0.01310128208532522,0.0069280088982899115,0.006227906229200581,1.0928623452294248,1.5229287294794165,60.43722522774937,121.30723325246436,147.74610336618827,-26.438870113723908,0.8646820175904212,0.009785290893533218,-0.0014005255226425817,0.017118385398144698,-0.004501279022904869,-0.009006394243196048,,,0.0029051924550864694,0.013382490539332492,,,,
2025-06-23,24939.75,25057.0,24824.849609375,24971.900390625,248500,-0.0055948454872697395,0.0010181945613612076,-0.005230362352657059,-0.0011699461641960784,24908.600390625,24862.0673828125,24520.70390625,0.0025412909198954114,0.004417694076737533,0.01840063344429499,0.009296464706072365,0.0012891224100081197,0.00704598057270108,0.006234596493177171,-0.5676004872107187,0.6632857333511277,61.52751517668291,118.41741703310981,141.8803660995726,-23.462949066462784,0.6620072835828881,0.009681886753717412,-0.041374484089622965,-0.09350131661443595,0.012152453076636371,0.013065633054430759,,-0.001527591867711675,-0.00034406160763977844,0.010449500727873318,,-0.019433531252127878,,0.02671960617355773
2025-06-24,25179.900390625,25317.69921875,24999.69921875,25044.349609375,450200,0.0029012296868362597,0.007683021870199536,-0.002386065730902165,0.008787103845531163,24946.790234375,24872.97490234375,24573.607890625,0.003910698494011822,0.006889996379769725,0.019156394162600288,0.012697474877964536,-0.0053832929895333646,0.007128043911748898,0.006043165178291484,0.8116700201207243,1.213886080215706,61.41876281005729,120.58325463010988,137.62094380568004,-17.037689175570165,0.7462039034159537,0.010315556390928774,0.027798106241411213,-0.05323449822979032,-0.0034398256199512645,0.0020458188002230315,0.009606504133156335,-0.0013160611336739958,-4.044511835354925e-05,0.0038388816132537418,0.002746861494594688,-0.006525633836505618,-0.08567994318427696,-0.045422804226240454
2025-06-25,25150.349609375,25266.80078125,25125.05078125,25244.75,260600,0.008001820520425307,0.017439075172173357,0.004110733999269867,0.019888972476997724,25033.330078125,24897.58994140625,24621.931875,0.008445537258334967,0.013943520614274396,0.025295258234077966,0.005615028867388269,0.0037534424805693942,0.007584229222114409,0.006211534375192713,-0.4211461572634385,0.7452421465032816,62.814274087040424,136.89232374165658,137.47521979287535,-0.5828960512187678,0.9564472889765355,0.010051738568698159,-0.02918148340542226,-0.05277772884309895,0.007180726565329643,0.013421186915184125,0.01112172017970181,0.018296018701646544,-0.004011278211721203,0.0014958554295865234,-0.01799708325662741,-0.021427104432912847,-0.060429123639729965,-0.1398983712404026
2025-06-26,25268.94921875,25565.30078125,25259.900390625,25549.0,428900,0.012052010814129765,0.030482086858318214,0.026550767110228524,0.02880776052920364,25184.480078125,24933.3599609375,24666.340859375,0.01447399036010344,0.024691419047693897,0.03578395132286216,0.011953516404751653,0.01108280280377458,0.0074032122255409775,0.006673300395881266,0.6458173445894091,1.2120612671678064,63.79320894447109,172.38071323086115,144.4563184804725,27.924394750388643,1.1450813061805842,0.0098271969863232,-0.049853393552784175,-0.09243695514758743,0.0028204861049134777,0.014193375948772013,-3.2861029504172024e-06,0.018607666925031685,-0.003805982482819159,-0.0053020689889125006,0.0027595895443748297,-0.019072209775968907,0.008544281480436622,-0.13601279350171347
2025-06-27,25576.650390625,25654.19921875,25523.55078125,25637.80078125,564000,0.003475704773181043,0.02092195020995069,0.03718662005133888,0.03584147480681965,25289.56015625,24977.7150390625,24710.352890625,0.013770133717170951,0.026426986662118512,0.0375327659111202,0.005095929975224267,0.0023908678302696895,0.006614938916711381,0.006589815157245392,0.3149918395896478,1.6619274232758239,63.584405993663296,205.3043774234684,156.6259302690717,48.67844715439671,1.0863189374504176,0.009719605661274739,-0.028549373801698308,-0.11711080290949583,0.01034155606886622,0.029314947391474444,0.008020121275230219,,0.0011792484249599777,-0.0070138887787821735,0.0014656762288347558,,0.004929138999533844,
2025-06-30,25661.650390625,25669.349609375,25473.30078125,25517.05078125,271000,-0.004709842354665206,0.02183055282527313,0.022870975136792815,0.03238516561846927,25398.590234375,25017.73759765625,24743.6608984375,0.0046640599254470505,0.019958366804539773,0.03125608154698467,0.007683052003370908,-0.005634852286345026,0.006782682681689886,0.006714862806485912,-0.5195035460992907,0.8032961821199905,59.88790643274854,219.12714136442082,169.12617248814152,50.0009688762793,0.9178365471743372,0.009911713226592294,-0.015885608168481724,-0.09363567855357391,0.004146353870951192,0.021173093308464175,0.005218970885222163,0.034389324419234146,-0.003949794340313506,-0.010595563619906878,-0.018040592097894215,-0.02897476295312884,0.004291826923133124,-0.12558392664866147
2025-07-01,25551.349609375,25593.400390625,25501.80078125,25541.80078125,260700,0.0009699396772837598,0.01986281055942407,0.027698438837555406,0.04071715518997654,25498.08046875,25067.70263671875,24771.9858984375,0.0017146511304482193,0.018912708172818427,0.031076026200267615,0.003586262776046802,-0.0003737113017895719,0.006475271833461196,0.00640274640782315,-0.03800738007380078,0.7830474874598264,59.64819310222787,229.43412574705144,181.18776313992353,48.24636260712791,0.8968692981536974,0.009763680234695808,0.03228406839761244,-0.08967973037557186,-0.0022830699354901007,0.022358418400587388,0.005164427424532603,0.029838208012157308,-0.0024641834423331233,-0.012993718063917026,0.006113837729216032,-0.025714300096649434,-0.00625757102748925,-0.04962781228816904
2025-07-02,25588.30078125,25608.099609375,25378.75,25453.400390625,309800,-0.0034610085397696055,0.008265100293130212,0.02584831117062092,0.0338421783053835,25539.810546875,25109.3626953125,24797.70890625,-0.0033833514971227663,0.01370157018667495,0.026441615507863947,0.009010568562755727,-0.005271955796449335,0.006634520110679319,0.006510719594039851,0.1883390870732642,0.9265046728971963,64.79428397900662,227.84288148704218,190.51878680934726,37.324094677694916,0.7956124232902393,0.009402051216515932,-0.02032839950408938,-0.0813783418191002,0.0025596262393621227,0.017667680486411985,-0.001118531087121899,0.017371382130893398,0.0030272845762671086,-0.006018633371117743,0.01272790708883198,0.004769233315372601,0.005221875820971444,0.01677791138074025
2025-07-03,25505.099609375,25587.5,25384.349609375,25405.30078125,293400,-0.00188971251922454,-0.0056244557027672615,0.024686186008288535,0.026439457971107583,25511.070703125,25142.08271484375,24819.2359375,-0.0041460400900399375,0.01046922283215812,0.023613331418655736,0.00799637809346198,-0.003912897014850967,0.006706962402281406,0.006498845466703309,-0.05293737895416395,0.8901023890784983,69.19552529713971,220.1626741937289,196.4475642862236,23.71510990750528,0.73068235500217,0.008823663658669025,-0.006384670822900729,-0.03935186939665747,-0.00800999672391245,0.006676847638781069,0.004745096791088033,0.02220226687347271,-0.0008306404128991529,-0.003049899846479187,0.002955371126468709,0.004965407265927313,0.030557679041323782,0.03897102357755622
2025-07-04,25428.849609375,25470.25,25331.650390625,25461.0,193500,0.0021924250859925998,-0.006896097787736255,0.013881572607656434,0.018315733658126998,25475.710546875,25164.98017578125,24843.521953125,-0.0005774342131864563,0.011763165404900189,0.02485469041145061,0.005443604311496013,0.0012643273729986955,0.005628634731419443,0.006162225622379297,-0.3404907975460123,0.5999627930050849,65.91401175378905,216.0796839446266,200.3739882179042,15.705695726722382,0.7536004321698411,0.008453963817911988,-0.004819234286070562,-0.015885608168481724,-0.0036360159939198278,-0.0072500250086804385,0.008338955206607324,0.022525586577644585,0.0005990001401290357,-0.0036276970656947682,-0.005000461074586515,-0.0015233266595728878,-0.006671563656073909,0.026977348158496284
2025-07-07,25450.44921875,25489.80078125,25407.25,25461.30078125,196100,1.1813410706551508e-05,-0.002184813616507908,0.01959804351969674,0.014265176298028592,25464.560546875,25182.88525390625,24871.9609765625,-0.00012801185471078558,0.011055743793319417,0.023694947304028435,0.003242205964229108,0.00042637999851120016,0.005110548256727215,0.006121755887695609,0.013436692506459957,0.6159596689334569,69.94814999967954,210.44230736547615,202.3876520474186,8.054655318057542,0.7329984583784593,0.008213160330351662,-0.005649769698050089,-0.005649769698050089,0.004225056932379179,-0.0071722151735272854,,,-0.004376030584493651,-0.004054071143823168,0.0010769385148881039,0.01791577460584093,-0.007462686567164201,0.014957316958857048
2025-07-08,25427.849609375,25548.05078125,25424.150390625,25522.5,210400,0.0024036171315751087,-0.0007556546781998241,0.019092146455502723,0.01666052560821374,25460.700390625,25203.79775390625,24895.8409765625,0.0024272548840704733,0.012645008867536944,0.02517123338100724,0.0048545554167891075,0.0037223120349942343,0.005102721680989119,0.006130632296030464,0.07292197858235605,0.6710895636642,73.01347086795107,208.50934536055502,203.61199071004592,4.897354650509101,0.7591504913214394,0.007988601837664247,0.019480578793626746,-0.017982763324653317,-0.001450052006258029,-0.006343279309577676,,0.004033841427955265,0.0020769126558344286,0.0004797872865653918,-0.0011056181598311232,0.010611632909392155,0.021503763987605673,0.04331131421270307
2025-07-09,25514.599609375,25548.69921875,25424.349609375,25476.099609375,239100,-0.00181801902732881,0.000891795139417173,0.009164266208815608,0.013312672068768627,25465.240234375,25220.53271484375,24918.643984375,0.00042643913428874747,0.010133286930170016,0.022371025700657965,0.004881030113779283,-0.0015089400025644019,0.004730284167913717,0.006156933263232376,0.13640684410646386,0.7702591691767473,71.73087991606468,200.91728590102502,203.07304974824174,-2.1557638472167184,0.704169932978899,0.00798815276148236,-0.028662468019451603,-0.026336786172285298,0.005392552778843873,-0.003535509655280711,-0.0007158868810946961,0.004438562529995638,0.004628253486405054,0.0020766900421507195,-0.007748039399920081,-0.009821525465642189,0.005888436980449052,0.04400313242321463
2025-07-10,25511.650390625,25524.05078125,25340.44921875,25355.25,219600,-0.004743646446198069,-0.001970092056022388,-0.007583467063290161,0.01876595317905272,25455.230078125,25243.88525390625,24939.065,-0.003927683144805627,0.0044115533315742805,0.01668807551526097,0.007241165537709153,-0.006130547739180131,0.003007704311220214,0.0057704598380303885,-0.081555834378921,0.7200472162108991,58.844727336359846,183.0390108085012,199.06624196029367,-16.027231151792478,0.5915432621576793,0.007550283022887624,-0.0213114945038263,-0.040963874433339376,-0.0007466427173373757,0.003760606560056612,0.0060621034026635545,0.0057551673405074055,-0.002149220343583891,0.0007542733769292376,0.0012361234215578776,-0.011518871248718643,0.0007316759991737865,0.013787996252830448
2025-07-11,25255.5,25322.44921875,25129.0,25149.849609375,250000,-0.008100901810276007,-0.012220666534111024,-0.019032489410396702,0.017446376688606602,25393.0,25265.44775390625,24955.1280078125,-0.009575488938880827,-0.004575345177224355,0.007802869274064372,0.007691863838338372,-0.004183262680406248,0.0033999155599603635,0.0058678623326145615,0.1384335154826959,0.8290636555074699,56.18846178925404,150.56068422394674,189.3651304130243,-38.80444618907757,0.3964895965592724,0.007437845127876979,-0.02261302458778547,-0.058111400086993004,-0.004501569606031208,0.002888627411221867,0.0027462050044453346,0.00017674811309920102,1.2907429694619665e-05,0.00016808971646176118,0.0014152216717480126,-0.005145218724561862,-0.02646969335032079,-0.006417915002623564
2025-07-14,25149.5,25151.099609375,25001.94921875,25082.30078125,259500,-0.002685854157148504,-0.014885335327372573,-0.01703762726057101,0.005443680726755273,25317.2,25272.23779296875,24967.551015625,-0.00927824636018204,-0.007515638831619209,0.004595955989163292,0.005946439759485531,-0.002671990248315076,0.0032728914099715975,0.005573977635791285,0.038000000000000034,0.8672258797580457,51.32432502429736,118.01040007822667,175.09418434606476,-57.0837842678381,0.3258116652839487,0.00689786678377519,0.012853437664921419,-0.04058441658972245,-0.0035343209012219656,-0.004860424189697565,-0.0032975229626984737,,0.0003068367992302701,0.004872330142015269,0.011516387344152612,0.0052293440908410815,0.028240908247505025,0.029323262379581827
2025-07-15,25089.5,25245.19921875,25088.44921875,25195.80078125,241300,0.004525103218794291,-0.012800439563130595,-0.01354642152929153,0.013776802580067082,25251.86015625,25289.3578125,24983.8750390625,-0.002220009720199756,-0.003699462514771934,0.00848250088731839,0.006221274781496483,0.004236863279459535,0.0037542873103971774,0.005566484024295596,-0.07013487475915225,0.806551349544581,48.18160974916053,100.21732389479075,160.11881225580998,-59.90148836101923,0.40831510719605796,0.006697965432563599,0.013536366458805515,-0.046178412261396296,0.00018769095593196283,-0.003228274651304819,0.001407413809457303,0.0061926488120267464,0.0010088603873197322,0.0038012984095994184,-0.0014565702567628236,0.004876166264817128,-0.021475436915214363,-0.01398493955504665
2025-07-16,25196.599609375,25255.30078125,25121.05078125,25212.05078125,228800,0.0006449487413033861,-0.010364570408094687,-0.009482018342189535,0.016121198667796932,25199.050390625,25309.3578125,24999.828046875,0.0005159079577790049,-0.003844705660684067,0.008488967763181421,0.0053248345866350804,0.0006132244872141803,0.003722961533770531,0.005538776355320903,-0.05180273518441769,0.765896195624885,34.07535953624901,86.43109812264447,145.38126942917688,-58.95017130653241,0.3943126995022511,0.006165837335750037,-0.04173622863984383,-0.05901641625289322,0.0042507774259854525,-0.00436025975034271,-0.003956298214731202,0.002929834943350418,0.0017140542222886523,0.0008894979550606585,-0.006668496273750324,0.005969444183146377,-0.006867821600662349,-0.02648917224477032
2025-07-17,25230.75,25238.349609375,25101.0,25111.44921875,243400,-0.003990217351728331,-0.00961539646621512,-0.01156654530604384,0.012834106813346402,25150.290234375,25325.2677734375,25016.581015625,-0.001544356556645643,-0.008442894132466572,0.003792212975296083,0.0054696010643800275,-0.0047283882266678555,0.0038395506399242886,0.005633422968860478,0.06381118881118875,0.8190460166568521,25.39838455246553,66.61975843651453,129.6289672306444,-63.009208794129876,0.23522058390357575,0.006209600162596579,-0.02090590424112604,-0.05862645174755232,0.0028470500493980033,-0.0007795629163190876,0.003193657417327689,7.03195626527986e-05,0.0002873611671940779,0.00333349949794548,0.006713263647367462,0.011472477463490005,-0.0021046211171603657,-0.02924831939650352
2025-07-18,25108.55078125,25144.599609375,24918.650390625,24968.400390625,317000,-0.0056965580472427835,-0.007214723808223522,-0.019347221608538523,-0.005734218862397444,25114.000390625,25318.0677734375,25035.7890234375,-0.0057975630220326035,-0.013810982178480202,-0.002691691991389411,0.00904940705912575,-0.005581779364568439,0.0038852899175883947,0.005009092281805941,0.3023829087921117,1.1150585669562771,24.87976835399344,38.92755149938603,111.48868408439273,-72.5611325850067,0.08800657297684322,0.0063307139771211045,0.0,-0.03684664116234837,-0.00594988087324233,-0.002233289183755871,0.00537376740890938,0.0026908701669721147,-0.001254781174964248,0.002061601470893848,-0.0041082576960875805,0.00589352555673095,0.01747519900732808,0.014571146539730906
2025-07-21,24999.0,25111.400390625,24882.30078125,25090.69921875,305200,0.004898144302865282,0.00033483521201849165,-0.014555484249764494,0.0047573002561551725,25115.680078125,25324.00771484375,25039.1090234375,-0.0009946320106519746,-0.009212937332861215,0.002060384627272871,0.009130857907849631,0.0036681154746189847,0.004428078374192465,0.004972012260252342,-0.037223974763406886,1.06295167609926,31.03974229732347,26.543791025862447,94.49970547268668,-67.95591444682424,0.21332820542874534,0.006691293393101318,0.013345246909170383,-0.03637896468726254,-0.009604298766587416,-0.008311192293204206,-9.048620868445933e-05,0.005917175456288115,0.0018780960891948695,0.003635617105402833,0.003886049027068239,-0.0016943969000817738,-0.0029612759094698182,-0.01621622585594673
2025-07-22,25166.650390625,25182.0,25035.55078125,25060.900390625,483700,-0.0011876443882732346,-0.0053540822852270464,-0.01808598724164956,0.000660858896643246,25088.7,25324.83525390625,25048.7600390625,-0.001108053002945586,-0.010421977502915403,0.0004846687637858338,0.005843733324313639,-0.004201989472520096,0.0042210336678496045,0.004941187265904143,0.584862385321101,1.6748614958448753,32.648039097173054,14.161806747164519,78.43212572758225,-64.27031898041773,0.17382601783793306,0.006462967048785299,-0.016681345770898304,-0.06510849438860555,0.011899685517829495,0.0033012820733377968,0.001399134882868358,0.005908859246186893,0.0011865277058475954,0.003813750642403635,0.014322678979327375,0.014081094136046302,-0.002078993128332929,0.0032844667107025938
2025-07-23,25139.349609375,25233.5,25085.5,25219.900390625,271500,0.006344544590244583,0.0003113435492854144,-0.010056453800946885,-0.00098434761187971,25090.269921875,25323.5927734375,25059.8200390625,0.005166563339240149,-0.004094694767057927,0.006387929015969407,0.0058683816235458285,0.0032041712495203493,0.004947245297643395,0.004812953661363225,-0.4387016745916891,0.9383262195648793,42.535594030677004,16.983194486107095,66.14233947928722,-49.15914499318012,0.37223033223569574,0.00633569412653917,-0.040178555082909684,-0.06358881283492823,-0.003454618082533334,-0.004396828166012945,0.0006375316336257875,0.010548187956412658,0.0005420810687950528,0.0026393209117816507,0.01094999116294626,0.032067612181437166,-0.014732111737029263,-0.004660216088962499
2025-07-24,25243.30078125,25246.25,25018.69921875,25062.099609375,338700,-0.006256994627491075,-0.0019652234701831306,-0.011561723533587753,-0.019057512647266073,25080.4,25299.24775390625,25059.8200390625,-0.0007296690094655833,-0.009373723157228397,9.096515094464408e-05,0.00907947796859286,-0.0071781885200049205,0.005095440255525544,0.004077299481793268,0.24751381215469603,1.189109484438359,35.159934140064266,6.41204626749095,54.19628083692796,-47.78423456943701,0.20884836060001288,0.006629102609127227,-0.021395306254542112,-0.06405687971672136,0.008007069186517723,0.0007259185373724719,0.007811886951519131,0.015200274273783343,0.0017112196279094327,0.00406652726822343,-0.013386721889036113,0.011461403018880656,-0.01449930671722044,-0.017023159086674733
2025-07-25,25010.349609375,25010.349609375,24806.349609375,24837.0,278100,-0.008981674037030651,-0.00526266755455973,-0.012439422669882738,-0.03123515890004336,25054.119921875,25259.20771484375,25056.1640234375,-0.00866603666590704,-0.016715002291842862,-0.008746910470114111,0.008213552361396304,-0.006931115001687973,0.005234640520584117,0.004309916833530296,-0.1789193976970771,1.0279441117764472,30.102561676443926,-19.899928113394708,39.37703904686343,-59.27696716025814,0.002372368241051522,0.007187285206690479,0.01901138788616108,-0.04626330201763207,-0.002523987129481875,0.004174819752280845,0.0006982236416543941,0.010479031817726803,0.0006474260286823963,0.005978869420266042,-0.00709327082750999,0.008429722524218253,0.011954004280411823,-0.022357153031712818
2025-07-28,24782.44921875,24889.19921875,24646.599609375,24680.900390625,262100,-0.006284962329387578,-0.01633269860485842,-0.016003332155440142,-0.032768300607819656,24972.16015625,25217.4001953125,25050.873046875,-0.011663378890836684,-0.021274984753869575,-0.01476885278839224,0.009829447286580804,-0.004097610661022552,0.005463910660873646,0.004383940609331687,-0.05753326141675652,0.9703993039486106,24.706948590829214,-52.74033354014682,20.95356452946138,-73.6938980696082,-0.06054071894201178,0.00757626809978938,0.05223875485010554,-0.009657647676547199,-0.009412817890781522,0.004368964651848772,0.00397432777929585,0.01458681281834906,0.00036575727739540653,0.004460340475463953,-0.01123459384726544,-0.006759357663647769,-0.013175755463746608,-0.03237292536879188
2025-07-29,24609.650390625,24847.150390625,24598.599609375,24821.099609375,284700,0.005680474234370125,-0.009568721694441118,-0.014871572256351606,-0.028216537199055258,24924.2,25181.36513671875,25053.61703125,-0.004136557667848928,-0.014306830681646399,-0.009280792533268745,0.010013689367578286,0.008592126072239985,0.00561783281970572,0.004650819526312917,0.08622663105684847,1.0494111575959748,31.365534685132218,-66.68498320736762,3.4258549820955793,-70.11083818946321,0.1279845390150764,0.007890892573767362,0.06914899867998958,0.0767857700890433,-0.007854389741751233,-0.015238097589668653,0.00017685810881817865,0.013348439572989257,0.0008770728083420387,0.004149873681206895,-0.0076748102010902874,-0.02829964334998447,0.023787528165297056,-0.007291635208658276
2025-07-30,24890.400390625,24902.30078125,24771.94921875,24855.05078125,243900,0.001367835124523431,-0.014466734750095411,-0.014159895325353666,-0.023507649280344656,24851.230078125,25151.44765625,25054.4490625,0.00015374301847392857,-0.011784485690482516,-0.007958597722607541,0.005244469771847491,-0.0014202105558862152,0.005652799110655797,0.00466459719574854,-0.1433087460484721,0.9100746268656716,35.02933315874512,-74.14198011095141,-12.08771203651382,-62.05426807443759,0.19591981750712315,0.007727083756218617,-0.04394698741331826,0.07255811469499451,0.002444536164272204,-0.009408696877863165,-0.002959442388724254,0.009705773874869594,0.003138502634557172,0.006755657522400371,0.004229607250755274,-0.03475911167322854,0.03747564134777348,0.045310376702656585
2025-07-31,24642.25,24956.5,24635.0,24768.349609375,346300,-0.0034882717656889994,-0.011720885503547995,-0.013663074814448284,-0.025071585546631026,24792.480078125,25119.60009765625,25057.6220703125,-0.0009732978981514817,-0.013983124210405817,-0.011544290201432217,0.01298027543499749,0.005117211674055737,0.005629529732469468,0.004691048366364059,0.4198441984419845,1.2795359234421475,37.70860287047618,-86.05576655124241,-26.88132293945954,-59.17444361178288,0.14916074985059732,0.008028820398476891,-0.027753660211209508,0.06558931087061759,-0.0012682007265838457,-0.018523714015038384,-0.0012494327466496813,0.0006274260833563083,0.003291157447516291,0.008343551625267231,-0.008483739823067049,-0.029962339858169096,0.011414548850999573,0.07279693486590033
2025-08-01,24734.900390625,24784.150390625,24535.05078125,24565.349609375,263400,-0.008195943742782208,-0.010937326997020547,-0.016142435035659486,-0.035177345376261715,24738.15,25074.817578125,25051.8660546875,-0.006985178383387636,-0.0203179132674709,-0.01942036749879028,0.010140283502414915,-0.0068547185787035956,0.005892760063620238,0.004860909681004248,-0.2393878140340745,0.9608229371853797,34.68156305596679,-110.60296941412889,-43.625652234393414,-66.97731717973548,0.020543572311501238,0.008385789893763802,0.029437994878062756,0.07649250694016008,-0.0033614897521520026,-0.019347782917944145,-0.0036948193411530106,-0.0037653060997421273,0.007481894656185206,0.015230585149830667,-0.0007889124393861691,-0.023803186254075848,-0.010571398053850434,0.04891721061104026
2025-08-04,24596.05078125,24736.25,24554.0,24722.75,259300,0.006407415043054421,0.0016956273358201823,-0.014664765439260319,-0.029006796926647094,24746.519921875,25037.8900390625,25046.298046875,-0.0009605359440454375,-0.012586525404929771,-0.012917998750532678,0.0073717527378629,0.005151201706193623,0.006093878153224749,0.0051844357759975165,-0.015565679574791158,0.9350883519653804,36.337883574007215,-116.01851919229739,-58.10422562597421,-57.91429356632318,0.19741920565193427,0.008388310966836503,0.03812821333082983,0.062056722148587706,-0.006153246287115111,-0.016120902762815303,-0.015992133140148468,-0.023577845655760266,-0.0025673814779043624,0.01225386173321441,0.03236976170193273,0.019246896897798127,-0.02786601567495739,0.0333026096836635
2025-08-05,24720.25,24733.099609375,24590.30078125,24649.55078125,251800,-0.0029608040671041946,-0.006911411292197744,-0.016413999615467967,-0.03420312346948773,24712.21015625,24994.242578125,25042.765078125,-0.0025355633755062,-0.013790847864166622,-0.015701712476569818,0.005793161481612954,-0.0028599718348317673,0.006110861720725748,0.005112406697638438,-0.02892402622445045,0.9013136700433118,34.27188665272982,-124.7785768482172,-71.43909587042282,-53.33948097779438,0.15214238720259496,0.00843799334850056,-0.0008346640725874765,-0.0074626989599019256,3.1464859160390546e-05,-0.008300752751095652,0.01473710033091602,-0.009363416514541312,-0.0027900805159943864,0.008545024539340584,0.007823946447907737,0.03516613363859511,-0.01544632240077648,-0.00629588029844641
2025-08-06,24641.349609375,24671.400390625,24539.19921875,24574.19921875,225100,-0.003056914228121266,-0.011299577094884383,-0.025602843860359825,-0.03540182384485213,24656.03984375,24949.14755859375,25039.200078125,-0.0033192931840896334,-0.015028503036553675,-0.018570915122054443,0.0053796736446301415,-0.0027251100970318645,0.005431994532532683,0.005121076622811928,-0.10603653693407467,0.8077654573509886,34.76274885612045,-136.2308426544405,-84.39744522722636,-51.83339742721414,0.10491993912598468,0.008448901962249214,-0.021720987726124186,0.015611475225021154,-0.0046584786629316755,-0.015327629753477234,-0.004857865996303334,-0.011249646580373418,0.007427364251549662,0.012857001433254522,0.0024223818190187707,0.033303234407904725,-0.017046269992633034,-0.05851748989940242
2025-08-07,24464.19921875,24634.19921875,24344.150390625,24596.150390625,616700,0.0008932609229541644,-0.006952389701606165,-0.018591787041485675,-0.029938557473304317,24621.6,24911.192578125,25034.45109375,-0.0010336293894385173,-0.012646612020359216,-0.01750790147080261,0.011792448148127854,0.005393643613475367,0.005363939142729699,0.005104944718572944,1.7396712572190136,2.0658236328615693,38.663713319090014,-141.89983671026494,-95.89792352383408,-46.001913186430855,0.15676605582468595,0.008627510409420355,0.02134927405513154,0.06690454928169443,0.0009194040399023162,-0.013170820515856496,0.007281907295092482,-0.00280372849232291,-0.0019364861365769315,0.0075795150666675415,-0.000378504337091079,0.04175006113145452,-0.012431018147092243,-0.08071430751255582
2025-08-08,24544.25,24585.5,24337.5,24363.30078125,312600,-0.009466912735407229,-0.0082249522737462,-0.019072320278213928,-0.03127449429486062,24581.190234375,24871.86513671875,25026.703125,-0.008864072530560319,-0.02044737508317973,-0.026507780127351444,0.010179244685550195,-0.007372367000417613,0.005437197216010741,0.005205958976556775,-0.4931084806226691,1.0362831711723657,29.245678365636465,-163.29916172739104,-109.37817116454548,-53.92099056284556,-0.003245511488865535,0.00879660418513602,-0.02257528903867001,0.012998233884412125,0.001985160082434989,-0.007876794632848627,-0.0007974800154801898,9.620220054262774e-05,0.0004491199458134254,0.0005460589124328674,0.005912520942948474,0.04873679168581502,-0.007303767166286335,-0.07767832662686147
2025-08-11,24371.5,24600.849609375,24347.44921875,24585.05078125,241100,0.009101804471857822,-0.005569737134825226,-0.0038835539975441424,-0.01982473634841797,24553.650390625,24847.00263671875,25024.0721484375,0.001278848160067847,-0.010542593780774157,-0.017543961853343393,0.010307092422939309,0.008762315870996861,0.006187147511158418,0.005715815092906052,-0.2287268074216251,0.8017024955525629,37.763294957654836,-160.5145968635734,-119.60545630435107,-40.90914055922232,0.24348281335413285,0.009027993678377477,0.029084701864184437,0.0041736387850921375,-0.009298258673109738,-0.011016352877271762,0.007799715348974834,0.024277042739179855,-0.0037521713511867727,-0.0006424292283585542,0.010886903375463053,0.026913347457459658,0.0,-0.051240170341837254
2025-08-12,24563.349609375,24702.599609375,24465.650390625,24487.400390625,237000,-0.003971941790719136,-0.006578229034029381,-0.013444175479798703,-0.0281158117090754,24521.2203125,24811.5826171875,25022.97015625,-0.001379210391815655,-0.013065761727667158,-0.021403125299705117,0.009676372949768731,-0.0030919732022628033,0.005883509188840016,0.005599285836789477,-0.017005391953546223,0.7886330360708106,30.549695155471753,-164.29350630088447,-128.54306630365775,-35.75043999722672,0.18028449519849957,0.00925170006172202,0.01579389345594695,0.020885546735418314,0.009196482074678825,-0.0019525859156765968,-0.0025041278217863283,0.006873723022494227,0.0006301895525009371,0.0027852069395639667,-0.02480454170225721,-0.006333163609137271,0.0012523170792080318,-0.03514861666729774
2025-08-13,24586.19921875,24664.55078125,24535.25,24619.349609375,236000,0.005388453516712133,0.0018373087246135178,-0.009483029181851732,-0.02350864580662304,24530.250390625,24781.94755859375,25022.9531640625,0.0036322180707968332,-0.006561144915439243,-0.01612933341805345,0.0052519982575316496,0.0013483332795790066,0.00621682804320491,0.005788188267823669,-0.00421940928270037,0.7843658601435788,38.07986858240208,-154.85603605887445,-133.8056602547011,-21.050375804173342,0.3294959428305022,0.009055887313882268,0.0008182712756970023,0.04440644768534452,-0.008413699711317224,-0.005718015746858041,0.01134543584661274,0.02326804328526566,0.0020139935709173606,-0.002603219294273207,-0.001674141995952727,-0.01039390679808716,-0.012351484159403792,-0.03054029130328695
2025-08-14,24607.25,24673.650390625,24596.900390625,24631.30078125,270200,0.00048543816407109475,0.0014291013051537238,-0.005533224065648934,-0.019120698025723137,24537.28046875,24757.94013671875,25020.561171875,0.0038317332118260605,-0.005115100641225334,-0.015557620308794595,0.0031159539921019573,0.0009773859838055857,0.006162249348905724,0.005759980307034054,0.14491525423728824,0.8940506915492026,43.74395590034809,-144.7438956791375,-135.9933073395884,-8.750588339549097,0.36077597320401467,0.00853240936742731,-0.007358888166983268,0.015050192692446673,0.0025025570947287967,-0.0041453610911725836,0.0032300788824048965,0.01915191005428918,-0.0007859631216112772,-0.0014534648594951571,0.0027361132180421244,-0.007310495202871969,-0.008231702677522601,-0.026417979620090515
2025-08-18,24938.19921875,25022.0,24852.849609375,24876.94921875,363100,0.009973019276634965,0.021082875514770283,0.012684517596121658,-0.003662676440791879,24640.01015625,24753.367578125,25018.039140625,0.009616029417094163,0.004992518300185322,-0.005639527585752813,0.006799482892279641,-0.0024560714854643018,0.006329579108382047,0.006133799652983264,0.3438193930421909,1.1923487398407355,55.65453891991586,-115.57588873571149,-131.90982361881302,16.333934883101534,0.6380251309099103,0.008873390507155387,0.01812185396481447,0.05731395212522128,0.0029068164395997798,-0.003229343773424209,0.00030309080129242716,0.02027445411080442,-0.0016621767687192701,-0.00356074645624882,-0.007364403748689963,-0.020412890811802753,0.0209097769622979,0.0012523170792080318
2025-08-19,24891.349609375,25012.650390625,24873.94921875,24980.650390625,252300,0.004168564680625764,0.016091063341496348,0.010431703213639176,-0.004386040706381045,24719.130078125,24747.86513671875,25015.5881640625,0.010579672976899435,0.009406276162417848,-0.0013966400953023816,0.005552344302734937,0.0035876231161192655,0.00616550534444673,0.006104197658592309,-0.3051500963921785,0.8357625546574798,54.70081437048563,-83.13389934287261,-122.15463876362494,39.020739420752335,0.7690074806048587,0.008522455622488437,-0.0016180829000712604,0.025768946508541113,0.007102163442365361,0.01327154527572616,-0.0029976063534671304,0.009343481083090355,0.0007181838533216744,0.000910467708501006,-0.0015369919741438087,-0.0324521087398818,-0.008442791170371278,-0.007201047142742278
2025-08-20,24965.80078125,25088.69921875,24929.69921875,25050.55078125,287100,0.0027981813736617234,0.02299755717804164,0.016268044945672022,-0.00041297835327858134,24831.76015625,24747.34765625,25014.5141796875,0.008810918904793574,0.012251944297692274,0.0014406276813387908,0.0063471658323380805,0.0033946437665900776,0.006015830435540423,0.006135312392039676,0.13793103448275867,0.9830508474576272,55.64049507606238,-51.19289188446419,-107.9622893877928,56.769397503328605,0.851645946716553,0.008580362292878906,-0.044570517336624205,-0.035188240243822166,0.0023369559046753086,0.006384320829749157,-0.005858103118756786,0.0059496694432301656,-0.0024876905740109923,-0.0022082857413441292,-0.005713454360013359,-0.013510735353982395,-0.016871644997116464,-0.02517199239207646
2025-08-21,25142.0,25153.650390625,25054.900390625,25083.75,226500,0.0013252889742787488,0.018863227420441664,0.020735193717368983,-0.005398530070150898,24924.640234375,24740.54013671875,25013.361171875,0.006383633389643206,0.013872367433557908,0.002814049165217547,0.003936811680869089,-0.0023168403468300054,0.005791813213416908,0.005962226635370135,-0.21107628004179724,0.7815734989648033,59.38970002500276,-22.936120535177906,-90.95705561726982,68.02093508209191,0.9257230721061537,0.00794708819205661,0.0,-0.03597707251449689,-0.002983048325494786,0.01189601699274867,-0.0024316693228262354,-0.007753931621108712,-0.0024743175175754306,-0.006677684017064367,0.008872495090765042,-0.0030891438658429138,0.013793113574950722,0.0006332264791326647
2025-08-22,25064.150390625,25084.849609375,24859.150390625,24870.099609375,210200,-0.008517482060098724,0.00969493370430441,0.011137890051868382,-0.007660970269553036,24972.4,24730.94013671875,25012.9991796875,-0.0040965382031763475,0.0056269382355438324,-0.00571301223359677,0.00907512323211286,-0.00774216473432041,0.006697849077137194,0.006101810281193696,-0.07196467991169975,0.7417732686369651,59.015459497687665,-17.579580177072785,-76.28156052923042,58.70198035215763,0.683448401721239,0.0079481513974223,-0.03562341625554455,-0.06342672454595011,0.0010224551603723597,0.0104020464871184,-0.004004181529308926,-0.014908986680012504,-0.0006993391761710432,-0.006591570837176541,-0.0020362704275490584,-0.007833803007178064,0.004904309093197945,0.013886654600086423
2025-08-25,24949.150390625,25021.55078125,24894.349609375,24967.75,213000,0.003926417350905487,0.003649996647561604,0.02480982458728187,0.005264323388493031,24990.56015625,24737.47763671875,25017.9821875,-0.0009127508990348643,0.009308643616091405,-0.002007843283424293,0.005094618933424117,0.0007455007117993513,0.005591458284958945,0.005818723565558484,0.013320647002854402,0.7603884049692988,57.51348282033528,-5.3927486765387584,-62.10379815869209,56.711049482153335,0.7942387230565379,0.007828955379224914,0.03166223925248035,-0.05097088446119602,-0.010869803575113024,-0.003477533179074288,0.015186444876893468,-0.0002519707387845793,0.003162555400174405,-0.0017906612717961679,0.010911965128379553,0.010433923308581727,0.002204020602007528,-0.004690419658454625
2025-08-26,24899.5,24919.650390625,24689.599609375,24712.05078125,750500,-0.010241179872034878,-0.010752306492220143,0.005165740804442764,0.001262125373547196,24936.840234375,24739.03515625,25013.293203125,-0.009014351899128359,-0.0010907610110729715,-0.012043293117331877,0.009309254957688438,-0.00752823224361935,0.006337469798049654,0.006113387096723577,2.523474178403756,2.464372496223813,51.723755287080664,-16.180863968977064,-52.91921132074909,36.73834735177203,0.46545788541063354,0.008301187596105545,0.0025576033943977006,-0.0470016139817,-0.00018309639880198514,-0.010686260726174845,-0.004266385548063467,-0.0015242440125988743,0.00042039130302162775,-0.002087707242889092,-0.00029252596167905764,0.011693309650680828,0.017907684685488423,0.021759774876314086
2025-08-28,24695.80078125,24702.650390625,24481.599609375,24500.900390625,326600,-0.008544430103923584,-0.021941648925196677,0.0005513039271072273,-0.012900283379430166,24826.91015625,24723.0251953125,25006.243203125,-0.013131306456310221,-0.008984531744505753,-0.02020866582777403,0.00902214929760633,-0.007892045791565336,0.0068434115553497234,0.006253497470108777,-0.5648234510326449,1.0651099841831493,48.119290192285526,-41.2925995446094,-50.59388896552116,9.301289420911758,0.22407237903376506,0.008659160405536754,0.036564569994260054,0.033927024582229626,-0.012492932495332676,-0.025323466567581332,0.004133995191134998,0.008511413819716873,0.0031890011043520516,0.003591260680113617,0.004535479151426491,0.02212166907085611,-0.023919799054944124,0.014434667969598358
2025-08-29,24466.69921875,24572.44921875,24404.69921875,24426.849609375,325500,-0.0030223697933294824,-0.026188284870683254,-0.007819053023508604,-0.01722793389736399,24695.530078125,24701.61513671875,24998.5391796875,-0.010879720657949954,-0.011123383059082337,-0.022868919107762342,0.006867443107997755,-0.0016287284614371416,0.006631556665576427,0.006256715020195245,-0.003368034292712818,1.0475837986579342,45.76917445163558,-66.40365014323834,-53.7558412010646,-12.64780894217374,0.17147821689287368,0.008327786809809066,-0.0008202851149897716,0.03307890963397919,-0.01157194596721578,-0.03371991054516732,0.005555251394306682,0.01658594912401412,0.0005765026908393089,0.0066606317778599156,0.01203030842648567,0.025320952878301606,0.021343849393218983,0.021990182087977317
2025-09-01,24432.69921875,24635.599609375,24432.69921875,24625.05078125,229300,0.008114070174605414,-0.009853150247642217,-0.00025374218176721364,-0.005785562235069541,24646.5203125,24694.4501953125,24995.1751953125,-0.0008710978660591007,-0.0028103243244376186,-0.014807834358845029,0.00823959278002758,0.007872710287874648,0.007205324990505033,0.006531078271288314,-0.29554531490015357,0.7521361914289931,56.656401799994036,-69.50989373739867,-56.90665170833141,-12.60324202906726,0.41704206649818626,0.008116015034504891,-0.035303800854016076,0.03342129448246989,-0.0030602387427501876,-0.03766090688305057,-0.00639818429357164,0.014142455359100303,-0.0007689526594969465,0.006590505582759532,0.012031214414605307,0.039774070296845654,-0.009133070461711856,0.007714132162083498
2025-09-02,24653.0,24756.099609375,24522.349609375,24579.599609375,271600,-0.0018457290617897026,-0.015546070055371453,-0.01195281651139457,0.000580085373365069,24568.890234375,24695.1626953125,24984.5191796875,0.00043589168651236854,-0.0046795839073145995,-0.0162068186063673,0.00950991894558138,-0.0029773411197420194,0.006299740815899763,0.006274796124611835,0.18447448757086793,0.8896896241094095,49.847720167393234,-74.77715933838044,-60.48075323434122,-14.296406104039221,0.36156874724811644,0.008073918460413866,-0.03914893941676367,-0.037510622127391424,0.006463453361372773,-0.020797130181752,,,0.006651354750911054,0.010091226660744468,,,,
2025-09-03,24616.5,24737.05078125,24533.19921875,24715.05078125,340300,0.0055107151470170646,0.00012139826138080068,-0.010632213542153268,-0.0003114224246898445,24569.490234375,24694.777734375,24979.3821875,0.005924443099407428,0.0008209446990397051,-0.010581983343938561,0.008248073787275056,0.004003444082221274,0.006439197475196544,0.006230006465772065,0.25294550810014726,1.1001373959427787,56.22793903131041,-67.24655133387205,-61.833912854247394,-5.412638479624654,0.5242901811038699,0.007934014235605198,0.009743105141622355,-0.030612296202803035,-0.006322846902126145,-0.02681029248293787,,-0.0036929032577032173,-0.0019608586245332127,0.007686957734181599,,0.051119224922275164,,0.012191253841482341
2025-09-04,24980.75,24980.75,24708.19921875,24734.30078125,314100,0.0007788776228048189,0.009526196462326997,-0.012624472921238472,0.0034381965315353202,24616.1703125,24699.015234375,24973.1812109375,0.0047988971172341355,0.0014286216086012438,-0.009565478569581565,0.011019142350553485,-0.009865565235231128,0.006335958386922506,0.006192381460010488,-0.07699089039083162,1.0053130200998592,53.35143390463261,-59.044547326531756,-61.27603974870427,2.231492422172515,0.5422989772396675,0.008203339974826654,-0.041228011322958835,-0.10336335673342989,0.007576280375878097,-0.007032052866299376,0.0051000736279842585,-0.0027343550885819967,-3.5285386821515274e-05,0.004448214644317883,0.012053908305966976,0.05898630935042237,-0.024698813960013055,0.011383418509140375
2025-09-05,24818.849609375,24832.349609375,24621.599609375,24741.0,210100,0.00027084730671167456,0.012860863993874538,-0.013664224846763329,0.0067876385214102886,24679.000390625,24707.3552734375,24963.1062109375,0.002512241516822389,0.0013617291770062767,-0.00889737875810448,0.008518249060264339,-0.0031367130467478766,0.006296962760271176,0.006145077249361268,-0.33110474371219356,0.6740671821360967,53.20813646375011,-51.41119286407047,-59.303070371777515,7.8918775077070435,0.5407083411371981,0.008587983788838077,-0.007319297481462206,-0.1091953932990366,0.00014608461796172811,0.0047397991437079234,0.008346486409699372,3.386951555106599e-05,0.0008488732510250063,0.004721639137262201,-0.007921894877767843,0.03810836729211342,-0.007659866642432012,-0.017337445175535704
2025-09-08,24802.599609375,24885.5,24751.55078125,24773.150390625,213200,0.0012994782193525012,0.006014184932676914,-0.0038982239827239917,0.007196248079027301,24708.6203125,24716.2052734375,24947.58921875,0.002611642305756501,0.002303958741138201,-0.006992211816358451,0.005407032074559679,-0.001187344037068947,0.005802425539395229,0.006147616423216827,0.0147548786292242,0.7313517314717939,46.53126333941208,-42.280058430642384,-55.89846798355049,13.618409552908105,0.5693121308096013,0.00786697070677183,-0.00645167244584488,-0.08255321421521777,0.0007230926985335451,0.008552731298822058,-0.003165152978388819,0.003287829769325956,0.0013614111829065578,0.006863708939231605,0.01292042539915439,0.039020490703131294,-0.025362328638335097,-0.03343232515117245
2025-09-09,24864.099609375,24891.80078125,24814.0,24868.599609375,226900,0.003852930178235292,0.011757717969082426,-0.003971138393527696,0.020740162946798923,24766.4203125,24741.47021484375,24932.2051953125,0.004125719243464054,0.005138312049660643,-0.0025511416033692225,0.003128474561175956,0.00018098383093282318,0.005796415492403452,0.0057325982358732855,0.06425891181988752,0.7899592660933746,46.23473416711296,-27.030029006378754,-50.12478018811615,23.094751181737394,0.6670854412565757,0.007779185511670543,0.0055659017720737225,-0.03985826490572264,0.0013369353566743403,0.0034155713568257973,0.0021059789159529885,,-7.482944941095138e-05,0.00013610584310264073,0.006596735333402437,,0.00630352992373262,
2025-09-10,24991.0,25035.69921875,24915.05078125,24973.099609375,244100,0.0042020862308871365,0.010440958847665716,0.010563624623297851,0.015783934374500097,24818.030078125,24760.87265625,24921.326171875,0.0062482610731735555,0.008571061128228363,0.0020774752171266453,0.004831135877690893,-0.0007162734834540434,0.004776739157142184,0.005468674765407217,0.07580431908329666,0.8493980096040086,47.4565356546815,-6.437783400404442,-41.38738083057381,34.94959743016937,0.7746364938380366,0.007769800158516548,-0.013837690968000582,-0.06228070718466461,0.0005389333186081036,0.010344599662697407,0.0026881536531127015,0.015130421387399728,-0.0023337288488249897,-0.00023754781299956118,0.0013052833402931174,0.02505428462317072,0.005942864705379636,-0.04512876101603669
2025-09-11,24945.5,25037.30078125,24940.150390625,25005.5,224600,0.0012974116602184615,0.010964499103834902,0.020595145538736093,0.021157803650458273,24872.269921875,24786.77763671875,24910.60015625,0.00535657093395514,0.008824154817011598,0.0038096169162826765,0.003885160889604287,0.0024052434306788798,0.003390309783321281,0.0053524959816735355,-0.07988529291274071,0.783233365880876,47.42895353583062,12.353753957842855,-30.639153872890482,42.99290783073334,0.7888787950282512,0.007742738561802118,-0.014031770291696777,-0.03568164066180979,0.005900432312183623,0.008664147200698746,0.002983469943562689,0.012992695158486667,0.0027028784801652606,0.0025000622067774536,-5.4302095086167235e-05,0.012790537752716213,0.016605414068235458,-0.0046897459126625796
2025-09-12,25074.44921875,25139.44921875,25038.05078125,25114.0,225700,0.004339045410009845,0.015076189321369338,0.028130946135652035,0.02009193575270718,24946.869921875,24811.51015625,24903.8121484375,0.006699440797518719,0.012191512803738203,0.00843998703129012,0.004037526379708529,0.0015773339986437265,0.0029363795205255873,0.005312838363978524,0.004897595725734671,0.7884853883910636,58.608632829680374,35.590955546693294,-17.393131988973728,52.98408753566702,0.8812453761144844,0.007448334700906722,-0.017077827877348017,-0.045161355535925374,0.002449786608845539,0.010987469403101802,0.008485890387959882,0.013132741475459397,-0.0018692463315370667,-0.00022254169819846403,-0.0022813422986828202,0.018548852798979887,-0.02041776777833515,-0.017485832047195005
2025-09-15,25118.900390625,25138.44921875,25048.75,25069.19921875,185400,-0.0017838966811339896,0.01195039078425153,0.01803644757712264,0.017778128787795833,25006.0796875,24833.405078125,24897.0901171875,0.002524167404039268,0.009495038633775765,0.006912819962188399,0.0035780647785076153,-0.001978636449131735,0.0025867151797890585,0.0053487108020878246,-0.178555604785113,0.6574351518590096,53.719484075721596,49.81729383656784,-3.951046823865415,53.76834066043325,0.7924618129492171,0.007285698369947203,-0.02316600184088602,-0.06122447715777446,0.00255533632507432,0.012838506279178485,-0.00048276131466740146,0.015858989286816394,0.002432647523011866,0.0008470001609048872,0.0034842672983557144,0.00906026142753924,0.0051306669922135395,0.013253591546477761
2025-09-16,25073.599609375,25261.400390625,25070.44921875,25239.099609375,240100,0.006777256391098607,0.014898305727690797,0.02683119377373666,0.014557668926382883,25080.1796875,24851.51259765625,24892.652109375,0.006336474612827603,0.01559611352410406,0.013917661263161296,0.007565688746046696,0.00660056803085105,0.00267500641419582,0.005105445435663784,0.2950377562028048,0.8703848036105926,70.6207885217014,73.94887444018968,11.628937428945605,62.31993701124408,0.938433669953094,0.006993410886482299,0.02766795811635747,-0.04059045460000055,0.0014331651769012854,0.012935841415771199,0.004706619226962694,0.018495321065515657,0.00010985866091184349,0.0010318585349373688,0.008843342697444134,0.011312367096582676,0.00973042947382785,0.01670415906785605
2025-09-17,25276.599609375,25346.5,25275.349609375,25330.25,268900,0.003611475529465391,0.014301404159334785,0.02489168337929204,0.013994816144026423,25151.609765625,24868.992578125,24890.03109375,0.007102536817311433,0.018547491235359814,0.017686555094764023,0.002808909924892174,0.002122531964509232,0.0025121474994630674,0.005087215427754579,0.11995002082465644,0.971863310262573,85.81095782739305,99.28391747647038,29.15993343845056,70.12398403801981,0.9719218003836417,0.006621255315496575,-0.012499919762975265,-0.03928897465911496,0.004732376884969192,0.01718124271488186,-0.0012879303382402618,0.01445655494805198,-0.0017422482097425585,0.001625334510370502,0.0016402521259075709,0.01165068357320509,0.019273260990682273,0.030177160190300034
2025-09-18,25441.05078125,25448.94921875,25329.75,25423.599609375,272200,0.0036853015416349333,0.01672030590770035,0.02786813479067618,0.014891841356407198,25235.2296875,24887.64501953125,24888.0530859375,0.007464561417021898,0.021534966021218294,0.021518216856428296,0.004688526431404508,-0.0006859454047338908,0.002463104896864324,0.005110219631233425,0.012272220156191782,0.9864463289120823,92.33368837037996,125.44856199946298,48.41765915065305,77.03090284880993,0.9932359084713642,0.006460538320008825,-0.0019474641550334404,-0.027514227979374972,0.006268617473023097,0.01755355693945293,-0.0009701681605103207,0.010457691346845266,-0.0027109594950808225,-0.0037826855415517002,-0.001959691991288537,0.009722989904433765,-0.00728446397647331,0.005968350773376319
2025-09-19,25410.19921875,25428.75,25286.30078125,25327.05078125,380400,-0.0037976065391384095,0.008483347186827972,0.023687433056464924,0.009699537798375513,25277.83984375,24899.81005859375,24885.072109375,0.001946801538588172,0.017158392841185366,0.01776079530460728,0.005624390300328901,-0.0032722465803670434,0.0031572483257103876,0.005207426956950832,0.3975018368846437,1.3411602940398752,82.63290164660764,136.81641330523053,66.09740998156855,70.71900332366198,0.8735053703618465,0.00629818176610337,-0.035121917724609375,-0.045366730591691384,0.004219400075389235,0.019349832923889698,0.004789119185128365,0.006753692182698501,0.0002969821715204102,-0.0016206097474859016,-0.010624562774012136,0.0012793856290655992,-0.007494197253132273,0.019240031801988522
2025-09-22,25238.099609375,25331.69921875,25151.05078125,25202.349609375,254500,-0.004923635718664832,0.0053113140736227304,0.017325177136631842,0.013359415732888902,25304.469921875,24916.42255859375,24882.0141015625,-0.004035662980306887,0.011475445566427656,0.012874179176370681,0.007167920463765043,-0.0014165091886205342,0.003910425666036567,0.004934917787077429,-0.3309674027339643,0.8903270946300508,76.96233958639165,134.21601627778364,79.72113124081157,54.494885036972065,0.7433866888424694,0.00617884455549796,0.008088970771377824,-0.01482209686032887,-0.004819844798488071,0.01185110504953224,0.004885418870829605,0.012160737717160197,0.0033693693740604047,-0.0006876754572898713,0.0074762797039249484,0.00526262668139732,-0.014000305079770237,-0.00015948830359269195
2025-09-23,25209.0,25261.900390625,25084.650390625,25169.5,299200,-0.0013034343973540308,-0.0027576106300221115,0.012099611371424679,0.008080423746633203,25290.55,24926.51005859375,24882.407109375,-0.004786372775601899,0.009748253599684231,0.011537987034897057,0.007042253521126761,-0.001566900710063866,0.0039386696955902535,0.004891956195929889,0.17563850687622784,1.0311552247036118,71.5941657757187,128.02865926878076,89.38263684640542,38.64602242237534,0.7031896615333385,0.006111416160928902,0.05917754631753058,0.01538469297646361,-0.0031392926033420032,0.007231079851031552,0.004410046474333074,0.011861964632218003,-0.0012210400853526204,-0.002017512882991679,0.01870042849452691,0.015084726446961572,-0.0006381766964356217,-0.010426537999477459
2025-09-24,25108.75,25149.849609375,25027.44921875,25056.900390625,244400,-0.00447365300760838,-0.010791429590114587,0.003355641973195045,0.013954714338668017,25235.880078125,24943.7525390625,24881.8991015625,-0.007092270487334518,0.004536119871511257,0.007033277015881412,0.004884897521913601,-0.002065001617961866,0.004155979676466536,0.00437329308545471,-0.1831550802139037,0.9227690623171169,64.07994585259152,112.73969380710332,94.05404823854501,18.685645568558314,0.595603416754713,0.005766868935837563,0.006628758716162864,0.03505351904878462,0.004069838427414485,0.0065668937041545306,-0.005502159197012135,0.007592247641723393,0.002329194832609849,0.0020528074789341044,0.010754642914192258,0.024321454763760242,0.012292472306296265,-0.01720391899266449
2025-09-25,25034.5,25092.69921875,24878.30078125,24890.849609375,342500,-0.006626948212322681,-0.02095493982699237,-0.004585006923476853,0.01591570973037415,25129.330078125,24963.25,24875.800078125,-0.009490124408751965,-0.002900279035181752,0.0006049868226443156,0.008613544369303007,-0.005738097051069524,0.004676614173240859,0.004176503336644373,0.4013911620294599,1.2892904197252024,55.741579171873944,86.23016060997907,92.48927071283182,-6.259110102852759,0.43475865222776866,0.0058158104460652735,-0.010348039086830352,0.026341508074504638,-0.006994266772954338,-0.006699921900764294,-0.002846617843333288,0.0056997154137110595,0.005703012398055929,0.010506970530097082,-0.012474737040318429,0.013529519653425082,0.024917174265249642,0.014675952649871427
2025-09-26,24818.55078125,24868.599609375,24629.44921875,24654.69921875,291500,-0.009487437927231501,-0.02654677673713801,-0.01828863507406231,0.009327834453426664,24994.859765625,24974.64248046875,24864.653046875,-0.013609220058230398,-0.01281072439651365,-0.008443867192885923,0.009699992220676744,-0.006601979460613273,0.005125865151065031,0.004704572308632986,-0.1489051094890511,1.1043758287554462,46.07504954160265,45.63969562664715,83.11935569559489,-37.47966006894774,0.19029294246027056,0.006210195050969733,0.024714758925285185,0.08998982393861299,-0.0026360092023983706,-0.013480789279464056,-0.0050090613431266195,-0.0041073447750277214,-0.0003310068639466035,0.009872571637501881,0.0007961571938777112,0.025229058966434792,-0.00015378530796217316,0.022180331428004907
2025-09-29,24728.55078125,24791.30078125,24606.19921875,24634.900390625,394400,-0.0008030448049409777,-0.022515726809016035,-0.017324000832071862,0.0003999833122172447,24881.369921875,24975.1349609375,24855.1220703125,-0.009905786217715873,-0.013622932202154048,-0.00886021316107466,0.00751379382765606,-0.0037871362318575015,0.005136267296539857,0.004351809859546259,0.3530017152658662,1.4489079921382781,41.8475165224501,11.738545084135694,68.84319357330305,-57.10464848916736,0.16976437125980337,0.006407860427488798,0.060296900584934976,0.1464393178579193,-0.010674576718462059,-0.01928456810532242,0.005901836747171263,-0.0031000228667991125,-6.196080244480484e-05,0.006419001760591625,0.010050091846489195,0.027848224354282136,0.011388085957840577,0.04850033345127969
2025-09-30,24691.94921875,24731.80078125,24587.69921875,24611.099609375,303000,-0.0009661407544825362,-0.022185597275472313,-0.024882028666614153,0.0012815505744847577,24769.68984375,24976.7099609375,24847.9760546875,-0.006402592659633721,-0.014638050893584387,-0.009533027752085865,0.005855145230695341,-0.003274330781208893,0.004210840552273059,0.00433628352203125,-0.23174442190669375,1.1067482421696648,36.61838008929551,-16.85459581195755,51.703635696250934,-68.55823150820848,0.14171045199298085,0.0063473102865659724,-0.005249380403737125,0.0767044918329447,0.0013173247233453367,-0.014900130687033997,0.00263554421636214,-0.004861257002801156,-0.0010847679737854277,0.0065563162696025135,0.012129154941421527,0.021217941628979498,-0.03454048106512475,0.012931056532303753
2025-10-01,24620.55078125,24867.94921875,24605.94921875,24836.30078125,308900,0.009150390492475902,-0.008803946455306022,-0.019500368877133023,0.004905917494290035,24725.569921875,24982.7724609375,24842.8880859375,0.0044783946224444815,-0.005862907326099176,-0.0002651585703205006,0.01054907501353,0.008763004610128638,0.005322785509639036,0.0046420945072819545,0.019471947194719563,1.1348064877573887,44.52572272087315,-21.099788264029485,37.142950904194855,-58.24273916822434,0.3534997848980614,0.006763859855462951,-0.026385241315251884,0.041392246062684324,0.003210583031894476,-0.01574315210390964,0.0040908483833717035,0.004737932772611142,0.00031231055955549536,0.004530926193474283,0.0046690185276974105,0.015069319059623831,-0.017021305249305896,-0.01640121302680919
2025-10-03,24759.55078125,24904.80078125,24747.55078125,24894.25,365900,0.0023332467769816567,0.00013661207545601073,-0.020821190449357152,0.006466696599373822,24726.25,24990.769921875,24839.555078125,0.006794398665386003,-0.0038622228197344732,0.0022019284042316123,0.006316719724434357,0.00544029332115369,0.005178831796682838,0.004664286226300209,0.18452573648429915,1.3315380556414782,42.64977187325247,-19.56261061805344,25.801838599745196,-45.36444921779864,0.4011360122889143,0.006814971301820989,-0.07046068242765002,-0.021863164059171325,0.01303352351771081,0.004108183172627733,0.003399920834961989,0.01103198388944171,0.0015354345472429198,0.00036820540328963425,0.0062738947470999396,0.034340887712679624,-0.009459678734839105,-0.04939220172312331
2025-10-06,24916.55078125,25095.94921875,24881.650390625,25077.650390625,268800,0.007367178791287232,0.01715499216284666,-0.009847194321165653,0.013606983979022713,24810.840234375,25007.60244140625,24836.710078125,0.010753773501001485,0.0028010661710924367,0.009700975360348085,0.008545410945082528,0.0064655662330369325,0.005920171546388558,0.004922120622761996,-0.2653730527466521,0.96784646959277,50.2586906796026,-3.505102832823468,19.940450313231466,-23.445553146054934,0.5737472742846583,0.007120027939113534,-0.022351753458598633,-0.0667902904628408,0.004359705908818956,0.011151203429154322,0.0006839080367779804,0.01681673418491325,-0.0013563452292785216,-0.0006578501285923188,0.0029249268361128955,0.03654100955133566,-0.01456778454134966,-0.06309636929836926
2025-10-07,25085.30078125,25220.900390625,25076.30078125,25108.30078125,288000,0.0012222193924698033,0.01921665535961159,-0.0037317484116645705,0.013528775522705816,24905.5203125,25024.3599609375,24837.6341015625,0.008141988852496507,0.0033543643251428,0.010897442106632571,0.005759036050857807,0.0009168716054300351,0.005781911144404197,0.004921645350368767,0.0714285714285714,1.0231996305112445,45.62311854029444,11.560555257685337,18.26447130212224,-6.703916044436902,0.5905308329185283,0.006975918495935298,0.0129223812469339,-0.10848649970997626,0.009275202714553732,0.031541100430820146,0.0036465919796933033,0.014537018077951824,0.00016794605500480841,-0.00042808027867413667,0.017242740455943206,0.04392230213392612,0.013304821688282953,-0.061320793048381894
2025-10-08,25079.75,25192.5,25008.5,25046.150390625,227400,-0.0024752925801897474,0.017677015174254018,-0.004900757240906661,0.0071395568724772485,24992.53046875,25033.2375,24841.817109375,0.002145437891615032,0.0005158298292420316,0.008225375798813328,0.007346438359999342,-0.0013397106978737827,0.005814965731043863,0.004910575942072006,-0.2104166666666667,0.8078296239720066,40.305098889204366,18.274523395462893,18.26648172079037,0.008041674672522703,0.5141029368106985,0.0072116815428322645,-0.013738900433121648,-0.11609496113546458,0.0023972971365973095,0.03265367074603853,-0.0038114057910215715,0.008013541552590153,-0.00015777227948787775,0.0004995248233552463,0.0070668342857844735,0.03870096313072491,0.0006484181620654006,-0.027107977935719174
2025-10-09,25074.30078125,25199.25,25024.30078125,25181.80078125,286300,0.005416017571936882,0.013911089378529029,0.004984670437199412,0.00835703917973607,25061.63046875,25043.67255859375,24851.8351171875,0.004794991796317483,0.0055154938770691775,0.01327731584032188,0.006947446700486354,0.00428725813484642,0.005899882261173935,0.004967641753664237,0.25901495162708876,1.0095026533382698,41.98014876120859,34.14761194761377,21.442707766155053,12.704904181458716,0.6496397501380302,0.007330969097558342,0.025870669049492312,-0.06865395629259663,-0.003931438687629352,0.025302038825525175,0.0058276636405680815,0.009757142045760725,0.00024232830549397733,0.00042952947170804556,0.016506867263072822,0.05093980463581027,0.013283649779766593,0.00288600782841697
2025-10-10,25167.650390625,25330.75,25156.849609375,25285.349609375,232900,0.0041120501676790155,0.015710439534229792,0.015849197845436924,0.01119152224010711,25139.850390625,25057.6650390625,24861.1201171875,0.005787592865081459,0.009086424052582753,0.01706397339250265,0.006877515767491041,0.004676607348051974,0.005413140225282291,0.005033009470182016,-0.1865176388403772,0.8200126751637209,48.623271109391624,54.45495123978253,28.04515646088055,26.409794778901983,0.7404388283900812,0.007389793635905303,-0.018428761040213515,-0.016520901547538158,0.0031025742726700223,0.015250819125454562,-0.002755570407195318,0.0035626515783941937,0.0003898838257963,-0.0007147563215958996,-0.024051075382324094,0.01926878708306612,-0.01662671348061584,-0.0043703538863479885
2025-10-13,25177.30078125,25267.30078125,25152.30078125,25227.349609375,234300,-0.0022938183927065925,0.005969427614556988,0.023226825261348116,0.004513403256152015,25169.790234375,25063.33251953125,24868.56609375,0.002286843651219339,0.00654410540641126,0.014427189499887083,0.004558544666034344,0.001987855193844778,0.004095562818204288,0.004989835259933631,0.006011163589523472,0.8236948497099666,50.86337845385108,65.11790993034447,35.459707154773334,29.658202775571134,0.671208614640581,0.007272010193992421,-0.0019762356043001583,0.003976139183357041,0.007433421862036438,0.01835786595429867,-0.02711167321141361,-0.024312891333376663,0.0009935369822033913,0.0016366355959298584,0.006997886523715691,0.023408120516244857,-0.0424320739209092,-0.03252298796810171
2025-10-14,25277.55078125,25310.349609375,25060.55078125,25145.5,292100,-0.003244479132464395,0.0014815506263881062,0.020726676433784563,0.0030436066419279317,25177.230078125,25067.14755859375,24876.1091015625,-0.0012602688233194215,0.0031257023250492733,0.010829302015747277,0.009934136450856017,-0.005224033862804091,0.004365390175757636,0.005031483532674725,0.24669227486128897,1.0079886812636956,49.19829010311054,66.200681832579,41.60790209033446,24.59277974224453,0.5815478358935083,0.007501763841584833,0.09009899139030408,0.08047111700348974,0.0002693882237601031,0.009271006392745917,0.015598671787557583,-0.012693771332893844,-0.0012164564432355363,0.0002502001816402366,0.033146710552253156,0.03940848257114227,0.010016980259816455,-0.03566213320176159
2025-10-15,25181.94921875,25365.150390625,25159.349609375,25323.55078125,289900,0.007080820872521931,0.011075569949816844,0.028948368142137415,0.003346045349558846,25232.71015625,25071.3701171875,24891.273125,0.0036001136793266664,0.010058511476786824,0.01736663504832281,0.008126853261130287,0.005623137481135344,0.004485173615320315,0.005052895773927042,-0.007531667237247519,0.9918740911812506,58.53416729905873,80.49806479777544,49.38593463182266,31.112130165952784,0.7582796602924515,0.0076678990871776155,0.013623943270844707,0.1104477249364193,-0.002270212472406219,0.004571490408531442,-0.0015643266604626893,-0.01046672794491943,-0.0010388016707127967,-0.0006311887020318263,0.0073554082612508065,0.03970632401297847,-0.013279557795226826,-0.04908470438629631
2025-10-16,25394.900390625,25625.400390625,25376.849609375,25585.30078125,372800,0.010336228211479837,0.016023476776150236,0.03015747017226711,0.0100690195023736,25313.41015625,25084.12265625,24908.524140625,0.010740971813822053,0.019979894528028286,0.027170483357590758,0.009714592897502641,0.00749758367610254,0.0046811583235509685,0.005497499343797187,0.28596067609520515,1.2532356203986956,70.94305259574188,111.6627031346361,61.841288332385346,49.82141480225076,0.9742946325409272,0.007833597342084348,-0.05645162392963732,0.021338438836132623,0.005371120184475053,0.013953460479397384,0.004026001159503689,-0.012239203523463194,0.0013240962105447451,0.0004496344892865878,0.009175240478579871,0.032207369526163765,-0.007325388408636391,-0.06842524111113013
2025-10-17,25546.849609375,25781.5,25508.599609375,25709.849609375,422100,0.004867983737610659,0.01678837771903341,0.0327625700462959,0.01125922388639422,25398.31015625,25098.43515625,24929.7301171875,0.012266148858267156,0.02436066030884576,0.03129273716644265,0.010614624152662795,0.006380434475966987,0.004710454457622257,0.0055395908012900825,0.13224248927038618,1.3840932566032167,84.11745908648265,144.74245218761644,78.42152110343157,66.32093108418486,1.0270442943084892,0.00782759820946107,0.03228871426494839,0.0741106727748313,0.010962208751748692,0.021898115176294475,-0.006294387099829435,-0.015744366642126084,-0.010959362029406505,-0.010900289226599247,0.024514470108056186,0.0835724693748745,-0.013900830048527935,-0.06584294175866912
2025-10-20,25824.599609375,25926.19921875,25788.5,25843.150390625,301100,0.005184813729964155,0.024410046667017182,0.030525188288220706,0.02037740650629072,25521.4703125,25124.24013671875,24955.109140625,0.012604292550004281,0.02861420882757648,0.035585548634381015,0.005328267516484852,0.000718337613384162,0.004545608547933868,0.005530580835176871,-0.2866619284529732,1.0003322259136214,86.39632685528167,179.64382841502447,98.66598256575016,80.97784584927432,1.04226977158394,0.007873590217928165,0.0699172251042528,0.15148511635487183,0.00506422611488988,0.019494902600700303,0.0052707155502571545,0.017016380591287072,0.0020635365958874274,-0.00984300337077515,-0.021209936091034498,0.053219654919753445,0.0013923047742669947,-0.023089992786401226
2025-10-21,25901.19921875,25934.349609375,25825.80078125,25868.599609375,42500,0.0009847568259027106,0.028756620841701386,0.030280775857710163,0.026436027208834645,25666.090234375,25157.55263671875,24980.558125,0.007890152849567178,0.028263757724129368,0.0355493051809066,0.004196161746833059,-0.0012586139004483233,0.004556654294402497,0.005351069617397766,-0.858850880106277,0.14634986225895316,87.8423111646103,206.97112549159647,120.32701115091943,86.64411434067704,0.9793493905434725,0.007767675797048703,-0.023215860284335976,0.031789229838277366,0.005542004537782308,0.024868860375276025,0.010672270853256949,0.01208310272600066,0.00013179437961130525,-0.008506397462452964,0.034675932031636325,0.05477858754990317,-0.00034759223923253035,-0.033114828796789064
2025-10-23,26057.19921875,26104.19921875,25862.44921875,25891.400390625,448400,0.0008814076368377499,0.022423775175930194,0.03374770121624704,0.02868155468424094,25779.66015625,25193.64765625,25011.1201171875,0.004334433956760586,0.027695581993340435,0.03519555578930578,0.009337077035336223,-0.006362879860307319,0.004219946070101213,0.005316906029065294,9.550588235294118,1.5054052239307056,86.15584578995768,227.8416214149329,141.82993320372213,86.01168821121075,0.9301063895473513,0.00770497012552829,-0.005281643288353122,0.012544833802593525,-0.0004480194156106787,0.026740618585612053,3.2696450934288634e-05,0.013701955245864594,-0.0013897273056794335,-0.008854699801540411,-0.0574161146704919,-0.013042178498618995,0.005215563885136554,-0.014991500113758605
2025-10-24,25935.099609375,25944.150390625,25718.19921875,25795.150390625,284900,-0.0037174505259611745,0.008201959835030914,0.024356860524116675,0.02946294188391385,25821.630078125,25230.56015625,25035.322109375,-0.0010254847358545094,0.02237723740093589,0.03035024985620094,0.008759443866515304,-0.0053961319161238645,0.0046820183631166926,0.005275251997661079,-0.3646297948260482,0.9500308451573103,80.0821475760726,233.91860116780663,160.24766679653902,73.6709343712676,0.831666136376019,0.007923958185358914,0.0380530393135774,0.1139600987365399,0.0012214270548180917,0.022502722344766468,0.0004587502810098343,0.010100326218124955,-0.0015896019371092196,-0.011738779228144924,0.008882723499682887,-0.013328255592729543,0.06866138432474789,0.06040845083423507
2025-10-27,25843.19921875,26005.94921875,25827.0,25966.05078125,266300,0.006625291500029773,0.009965098037040931,0.02692077358592737,0.04319664409807977,25872.8703125,25284.32021484375,25064.8951171875,0.003601473961896806,0.026962582367787924,0.03595289985652306,0.006891660971379546,0.004753728880860369,0.004847511755705412,0.005031874500232989,-0.06528606528606529,0.8994342649666469,79.91447763883573,249.64710819022366,178.12755507527598,71.51955311494768,0.8806561386253584,0.007862177225185625,-0.011935157298543775,0.06623737576900401,-0.006516217635736843,0.004824773150629014,0.00790242258787388,0.024531362845716442,0.0004410320881278462,-0.000347369234120376,-0.001881583554853683,-0.03874931217410149,-0.004693330817777452,0.07030979777058621
2025-10-28,25939.94921875,26041.69921875,25810.05078125,25936.19921875,395200,-0.001149638146805021,0.003600521868214468,0.02809845744206041,0.051977920664528554,25891.480078125,25348.39521484375,25091.232109375,0.0017271759084480642,0.023189002653786872,0.03367579183404423,0.008931472015087503,-0.00014456466234287816,0.004729379670705555,0.004312843339894561,0.4840405557641758,1.311823673902941,77.89224330797778,256.7437100375282,193.85078606772643,62.892923969801785,0.8305441344533533,0.008110959695504523,0.02329590168547746,0.01977640068556319,0.0071863310364606026,0.006946372488276786,0.012290050865671143,0.03168518625440475,0.0005696470925877772,-0.0018376645272912828,-0.028541703100724125,-0.04594969797787374,-0.0030894085643736746,0.06551964542541966
2025-10-29,25982.0,26097.849609375,25960.30078125,26053.900390625,321900,0.0045381040946781415,0.007163154714523001,0.03612576368038023,0.057601207128891385,25928.540234375,25419.34521484375,25119.6841015625,0.004834832779510023,0.02496347448834757,0.037190606589053044,0.005279394872273878,0.002767315473212224,0.00424219016738127,0.00425961268081514,-0.18547570850202433,1.081526030204781,82.72654388800231,268.76713875649875,208.8340566054809,59.93308215101786,0.862278155222763,0.008013044600544207,0.007588545969073435,0.05193663471997523,0.001718194117621863,0.00311722162805661,0.0022879438603986557,0.023126540484948555,0.004475707490399383,0.002497694552503038,-0.009105120770259267,-0.0863191753720941,-0.018920238483593477,0.04572324490933233
2025-10-30,25984.400390625,26032.05078125,25845.25,25877.849609375,257400,-0.0067571756478100875,-0.0005233699624415111,0.021888669283117057,0.05147067868180355,25925.830078125,25482.68271484375,25139.702109375,-0.0018506820651611466,0.015507272093493674,0.02936182365202855,0.007218558886064707,-0.004100567249896704,0.005131102965744445,0.004703680543577298,-0.20037278657968316,0.8714936263140965,72.02612650141474,261.08039365020886,219.2833240144265,41.79706963578235,0.7437933125663471,0.008160581176505826,0.0016736785006612465,0.05929204114910491,0.002939982459683854,0.006517307960764329,-4.3578255173426506e-05,0.023048504360266175,3.856981400085502e-05,0.003931551792677679,0.004418631991192301,-0.026380507631392214,0.005486251171838097,0.04600484021881135
2025-10-31,25863.80078125,25953.75,25711.19921875,25722.099609375,334400,-0.006018660837397216,-0.0028319579511562054,0.00534677427850494,0.03566548963659377,25911.219921875,25526.97265625,25154.53109375,-0.007298780723957288,0.007643951977878816,0.022563271543790453,0.00942966495478452,-0.005478745102990681,0.004840582214660315,0.004800790996376121,0.2991452991452992,1.127330344199845,63.37873961666312,239.65823843986436,223.3583068995141,16.299931540350258,0.628922682649591,0.008400631947724653,0.008354170890944479,0.028985521385883173,-0.00606571758277985,-0.0008083814473531792,-0.00990481243951924,0.012450938655430122,0.0013612197899097733,0.006898691399013446,0.0037993229578294763,-0.03128622931715652,0.001488097772306407,-0.01974431465652471
2025-11-03,25696.849609375,25803.099609375,25645.5,25763.349609375,23300,0.0016036793506921665,-0.00780639203021849,0.0020809145449256494,0.03491166069975993,25870.6796875,25570.42763671875,25168.7870703125,-0.004148715048134521,0.007544730005970557,0.02362301120834731,0.006117201829906901,0.002587865867251632,0.004621703289393812,0.004799014863379094,-0.930322966507177,0.08336314847942755,66.58925112859039,223.43394887688555,223.3734352949884,0.06051358189714051,0.6374909349908315,0.008455248338280761,0.006627997160626231,0.04831746838392781,-0.004389887373163703,0.0013301651644312962,0.0026179217059763005,0.007142589594749005,0.0032701378990043217,0.009746058557530857,-0.004830773379692066,-0.03414853578160759,0.0067690250863108314,-0.008455291996157244
2025-11-04,25744.75,25787.400390625,25578.400390625,25597.650390625,305100,-0.006431586779760301,-0.01305313956257148,-0.009499615808800876,0.020735594918190436,25802.969921875,25596.42763671875,25179.065078125,-0.007957205386498356,4.7770490617216055e-05,0.016624338957829554,0.008164811879630371,-0.0057137711329494365,0.004693774153340367,0.004935607049363494,12.094420600858369,1.0845493485949913,63.303600059305644,194.95818377624164,217.69038499123906,-22.732201214997417,0.5009233624456166,0.008396134554716767,0.04279839292921506,0.06829683331067082,0.0056268290997627535,-0.00022026923258922082,0.0017207127269924793,-0.0033730038107067095,0.0015896706184919118,0.010775436910062774,0.0043788314775428105,-0.0014180041398894616,0.0011479123540454328,-0.004240778509323806
2025-11-06,25593.349609375,25679.150390625,25491.55078125,25509.69921875,371900,-0.0034359080045569534,-0.020887512568782962,-0.013873978338391879,0.015986682690998677,25694.1296875,25616.49755859375,25191.8570703125,-0.007177922389008717,-0.004169123417417486,0.012616860581194045,0.007354050228750309,-0.0032684424626606263,0.004700092103035067,0.00503536747102447,0.2189446083251394,1.3025813456621484,55.783687607562705,163.41031782102073,206.83437155719542,-43.4240537361747,0.4142870557276161,0.008335338399056504,-0.0015785680854961681,0.05857739083162228,-0.00472274687102725,-0.006648746108955272,-0.011736830084583816,-0.017318565477532966,-0.0005857698658358057,0.005682215692258463,-0.013328350772296993,-0.005673996912492485,-0.008026173135020742,0.006816289892124239
2025-11-07,25433.80078125,25551.25,25318.44921875,25492.30078125,305600,-0.0006820322478444663,-0.014898796999937902,-0.015414369379553094,0.01781313230443593,25617.019921875,25638.805078125,25202.3480859375,-0.004868604584192804,-0.005714162435752401,0.011504987325934524,0.00913219968835566,0.0023000887874818406,0.004641924708340294,0.004989633786359161,-0.17827372949717668,1.0559049132748255,46.593162857919665,135.44319343649477,192.55613593305532,-57.11294249656055,0.37066839353533426,0.008147554749056214,-0.01897231449450809,0.03675852719863948,-0.004717528865201159,-0.014233046873996402,-0.007565473480426466,-0.024710514396048544,-0.001876576909771499,0.0037562609754344667,0.007701047847493925,-0.0024245635239488195,-0.01865919819172268,-0.017361098627774907
2025-11-10,25503.5,25653.44921875,25503.5,25574.349609375,243600,0.0032185728871263475,-0.005744087856115354,-0.00855977879199521,0.015588592393967593,25587.469921875,25658.43251953125,25219.5940625,-0.0005127631821378875,-0.0032770088387996665,0.014066663642397836,0.005863266164744689,0.002778034755033623,0.004796460170030778,0.0049083736335803155,-0.20287958115183247,0.8479384583253563,44.876748342121196,118.5333222342415,177.75157319329256,-59.21825095905106,0.41998724928644837,0.00780929474176576,0.01208707284842303,0.04059658137378408,0.005604291277359952,-0.0026589324878456555,0.0012618418007710464,-0.013710844256489607,0.001310981939860456,0.0037059029672268373,0.004710611081965688,-0.0015189256863860079,0.005384480787161472,-0.013538050172621774
2025-11-11,25617.0,25715.80078125,25449.25,25694.94921875,297700,0.0047156471705849246,-0.0026549494402742235,-0.010440615894341643,0.016199088234996495,25573.78984375,25678.9125,25243.4750390625,0.0047376386425419525,0.000624509264167683,0.017884787216850162,0.010373664449801433,0.003042870701096928,0.004494318744738302,0.004931706398833267,0.22208538587848925,1.0246966698218742,44.342176098734356,113.55452221413361,164.91216299746077,-51.357640783327156,0.516189863312172,0.007912194345622183,-0.020700654474163693,0.01234572649498844,0.001049643366253239,0.002790055349473297,0.01540101862170995,-0.001135934520830939,-0.00016915397287697864,0.0002651172571450644,0.027981432940693773,0.03140247716752165,0.006359850512388965,-0.013938971474284134
2025-11-12,25834.30078125,25934.55078125,25781.150390625,25875.80078125,312600,0.0070384090258497345,0.010866246955496761,-0.0023287312451061304,0.025704292441169674,25629.419921875,25711.33505859375,25272.4540625,0.009613204673614595,0.006396623212347574,0.02387368940340706,0.005928334041594425,0.0016063914541910049,0.005167556142880967,0.005061819197970639,0.05005038629492775,1.0616764026626817,50.245756419195,122.78658960904795,156.4870483197782,-33.70045871073026,0.6811369629272859,0.0082186573979174,0.015447120116828916,-0.014206811688388887,0.003462308184330798,0.0006316403333044285,0.002075350517340535,-0.0007823080653338588,0.000553844941143744,-0.0007693385913970507,-0.001382871254852036,0.025485751043223814,0.015133873794235697,-0.00016377267253320227
2025-11-13,25906.099609375,26010.69921875,25808.400390625,25879.150390625,385200,0.00012944949620363744,0.014482772560620694,-0.006707249102053114,0.029176210082320964,25703.31015625,25748.017578125,25297.5360546875,0.006841151326660633,0.005092928498363625,0.022990947999053324,0.0078170583296384,-0.001040265387547862,0.004897414390620078,0.0049581875839628245,0.23224568138195778,1.287885120112339,49.57631583924861,128.88761877618526,150.96716241105963,-22.07954363487437,0.6758891098956477,0.008108705173940408,-0.03042434919171333,-0.042687745307281366,0.0023478559890282025,0.007740281584533548,0.0006295171887717999,0.011721115472348442,-0.002712303594292531,-0.0028954817259692067,0.023637805209899332,0.06390609712315354,-0.04177587154019646,-0.034180971728596354
2025-11-14,25767.900390625,25940.19921875,25740.80078125,25910.05078125,518900,0.001194026471448284,0.016387300761305124,0.0012443526939476257,0.023160259201653988,25786.86015625,25777.342578125,25324.145078125,0.004777263468819015,0.005148249968855101,0.023136248087249678,0.007695794932377985,0.0055165686171589606,0.0044200664748692475,0.004777816078222239,0.34709241952232617,1.6709333590944953,54.16214457030061,134.66381103646563,147.70649213614084,-13.042681099675207,0.7068180986058683,0.008025834396905107,0.004128835024969968,-0.020145044566792114,0.001841294355727996,0.01438120067154025,-0.01655685496159698,0.0025549989591822087,0.001441251121881093,0.00041895939893143996,-0.004532964024486885,0.050989726885492415,0.0034193356557179477,-0.012451651937857244
2025-11-17,25948.19921875,26024.19921875,25906.349609375,26013.44921875,281800,0.0039906690408659795,0.0171695318192584,0.011326820663924764,0.016734156895812813,25874.680078125,25798.75,25350.113046875,0.005363124885254811,0.008322078346819195,0.02616699068159667,0.004530333843235838,0.0025146253676382587,0.003983991628252648,0.004325397522559777,-0.4569281171709385,0.9209300805568719,51.80524106082832,145.90299587244954,147.3457928834026,-1.4427970109530577,0.8313256871789588,0.007738710279523378,-0.018092127449790163,-0.0493631224936153,0.0023226624721266464,0.011070929825955034,-0.0005017255648851471,0.0007891538978541668,0.002506933875453088,0.001613845915185319,-0.02391227770368931,0.0210484067325043,0.023854175475168438,0.0056903791228097855
2025-11-18,26021.80078125,26029.849609375,25876.5,25910.05078125,280000,-0.003974806902018679,0.008371355812722747,0.005694180846019137,0.007786944494688752,25917.700390625,25808.76005859375,25373.628046875,-0.0002951500040399013,0.003924664432785274,0.021140955222643587,0.0059185375848808675,-0.0042944760410479135,0.004289756476151235,0.00434379659134063,-0.0063875088715400485,0.9367994914517046,49.05693072794128,144.7976044092211,146.8361551885663,-2.0385507793452007,0.6559253590141453,0.007553739477003751,-0.012562782562967056,-0.041463432599456396,0.007607092770578472,0.017694024405183528,-0.00916226617680782,-0.023420659328282523,-0.0015098823980543852,0.00027072656694193675,-0.004811672953646595,-0.011523532265890313,-0.0029955118109286083,-0.003658759634045383
2025-11-19,25918.099609375,26074.650390625,25856.19921875,26052.650390625,250100,0.005503640675154298,0.006834555995776093,0.01777506892455416,0.008106596789995146,25953.0703125,25819.23505859375,25399.8610546875,0.003836928614840529,0.009040365893936864,0.02570050814577307,0.008384988421508519,0.005191382982467232,0.003749706293116439,0.004362836000557661,-0.10678571428571426,0.8439630154552203,49.95571289778814,153.6569092310856,148.20030599707016,5.456603234015432,0.8407468168798877,0.007668124705273861,0.026293504717533223,-0.03122493168897178,-0.0010760908097949828,0.013091259060618476,-0.008256436690967983,-0.03348957274346753,-0.0005197988562531952,-0.0008026134304267574,-0.0019634310958399626,-0.012098196693736907,0.01385414510380012,-0.004914797387957304
2025-11-20,26132.099609375,26246.650390625,26063.19921875,26192.150390625,240400,0.005354541588221684,0.012094678352090993,0.02675261538847895,0.012507471843691942,26015.6703125,25835.41259765625,25428.2410546875,0.006783606803327569,0.013808093508098862,0.03004176868917474,0.007004051562740835,0.002297970011887469,0.0034086008199780467,0.004500240772010382,-0.038784486205517776,0.7850180417000017,61.43165246844471,169.97508925697912,152.55526264905197,17.41982660792715,0.9684647739813556,0.007587331038543946,-0.010743810772105733,-0.011560643568742313,0.005378689563109829,0.016154577830866934,0.0037538357962292324,-0.030471785979927946,-0.0008924325285114554,0.0010207424771770945,0.0040083730058095846,-0.031042349961231563,-0.021402749684458433,0.016242040023601634
2025-11-21,26109.55078125,26179.19921875,26052.19921875,26068.150390625,235600,-0.0047342428227803435,0.0061018641263879125,0.022589157970337004,0.0068265909658560275,26047.290234375,25844.25009765625,25452.2320703125,0.0008008570589224107,0.008663447077114306,0.024198990430819967,0.004871845454968433,-0.0015856416286844268,0.0040323685863178655,0.004656297340608796,-0.019966722129783676,0.7970364857321673,62.88402357225548,170.93121219171735,156.23045255758507,14.700759634132282,0.7839994611845821,0.007342292001163545,0.0142021781538475,-0.0016446960806181243,0.0022231884052235085,0.016541927991843064,-0.015567283563270418,-0.029496216222484106,-0.0007859697464969173,-0.0012055431734556699,-0.005584414753465383,-0.032065800452974136,-0.005047093606858621,0.007667418188261221
2025-11-24,26122.80078125,26142.80078125,25912.150390625,25959.5,464700,-0.004167936312968079,-0.002073897171279926,0.015060026804506244,0.006371337514462949,26036.500390625,25852.467578125,25471.960078125,-0.0029574017041370526,0.004140124015301616,0.01914025934320196,0.008885008980334752,-0.006251273843776024,0.004485049284433453,0.004678050177312404,0.9724108658743633,1.5256824860055485,56.95398263668177,161.06510968683506,157.19738398343506,3.867725703399998,0.6348947207576686,0.007574024347334997,0.12273473879576069,0.14154108822869516,-0.008087929377527558,0.005983648201697944,0.009823035415319481,-0.019470966700617653,0.002316740002797024,-0.001395032721420164,0.004802955665024644,-0.0035904331364342568,-0.018261718422446616,-0.033782638943951615
2025-11-25,25998.5,26032.599609375,25857.5,25884.80078125,260500,-0.002877529180069005,-0.0009745252995904119,0.007388672415101105,-0.0031290857698957897,26031.450390625,25848.405078125,25489.54609375,-0.005633555071822394,0.0014080444427806427,0.015506540840164895,0.006764572416637478,-0.004373299180721965,0.0045236755301896504,0.004483321807971867,-0.43942328383903595,0.856077161964541,60.882302869704894,145.5408454344397,154.866076273636,-9.325230839196308,0.5462485699992298,0.007502334293107535,-0.02861337784653062,0.12298556522109116,-0.0005494975458408824,-0.0021598003133734833,0.015467217001293498,0.004902270719503221,0.010618780249295856,0.010735025005318866,0.0036033707983516017,0.004834937089673641,0.013434356886799836,-0.017860118470196196
2025-11-26,25842.94921875,26215.150390625,25842.94921875,26205.30078125,275300,0.012381783530362567,0.005859303692185236,0.012733905427141812,0.010375520338595345,26061.98046875,25861.86015625,25511.372109375,0.005499210340973448,0.013279811387310492,0.02720075850487058,0.014203277992569789,0.014021292981417955,0.00554896069414303,0.005275151466498533,0.056813819577735014,0.9228964130070398,72.41136715456159,157.2863267702014,155.3501263729491,1.9362003972523212,0.9055870302139433,0.00791375211433057,-0.07552870221202024,0.011570197126839377,-0.0002558118690598743,-0.00134041127433715,0.009061696817220577,0.022450185655230825,-0.005424348351297015,0.005775246961851721,0.011186568651835316,0.018074511250461,-0.015125754373562672,-0.0459335007973245
2025-11-27,26261.25,26310.44921875,26141.900390625,26215.55078125,240300,0.0003911422381892571,0.0008934123497310598,0.012998896236827928,0.006204460299662706,26066.660546875,25869.94267578125,25534.299140625,0.00571190291549839,0.013359446126345542,0.026679864478486026,0.0064293452970498035,-0.001740176828978057,0.0055435463737639945,0.005190107220599585,-0.12713403559753,0.8167357759499694,73.40999608046428,165.51385400739673,157.38287189983862,8.130982107558111,0.8887866519341889,0.007735592928534379,-0.02205878342632439,0.0,0.012032410419526629,0.005268841739422214,0.006906711511012631,0.025661788186613244,3.14083791050912e-05,0.006705253246723553,0.006087003698671545,0.02018226351986696,0.012079391781252946,-0.013290664856696277
2025-11-28,26237.44921875,26280.75,26172.400390625,26202.94921875,202500,-0.0004806903583736144,0.005171016205794077,0.011304433170465256,0.012562852566282201,26093.6203125,25886.19765625,25553.5761328125,0.004189871123311706,0.012236310898426694,0.02541221950941197,0.004135015813314192,-0.0013149144077369136,0.005572530303178962,0.004922375660270066,-0.1573033707865169,0.6947422591989021,71.30414521422435,169.06847174015638,159.7199918679022,9.348479872254188,0.8378318840351991,0.007595384882575986,-0.015037619144553371,-0.028830343622043952,0.0035151495346108508,0.006564729005988257,,,0.0001391510093968762,0.0076373097397750556,,,,
2025-12-01,26325.80078125,26325.80078125,26124.19921875,26175.75,213800,-0.0010380212747401751,0.008330283711165398,0.00623911038806102,0.017636600336453645,26136.8703125,25908.88017578125,25570.4861328125,0.0014875418148823094,0.010300322607852852,0.02367040908193041,0.007701844741793454,-0.005699761329078754,0.0055131462113071775,0.004688419501164894,0.05580246913580256,0.749005938096656,67.39638631185586,167.7569841747645,161.32739032927466,6.429593845489848,0.7784798111359417,0.007426043359379797,-0.014419005669549345,-0.14746883433641722,0.000257769221217119,0.015033711385786797,,0.03727093341647114,0.0022632423852162464,0.0075835281422966805,,0.042995441192241746,,0.00843950830485074
2025-12-02,26087.94921875,26154.599609375,25997.849609375,26032.19921875,254800,-0.005484113396941881,0.00569440107905983,0.004714326441551897,0.010435351514896496,26166.35,25922.32265625,25582.658125,-0.005126843493647337,0.004238685088409966,0.017572102615509566,0.006021389075998579,-0.00213700201317209,0.005671770621340947,0.004894576434322697,0.19176800748362965,0.8578546899198707,55.815808051316466,153.36636055031704,159.73518437348315,-6.36882382316611,0.6151639097632539,0.007297694148136127,0.0008606049036423702,-0.12160118463063052,-0.0011940490920552271,0.014379110135873008,-0.005323329342915684,0.016033980562020878,-0.0001656247814969536,-0.0031684874368728133,0.004676937836490147,0.04411114641920033,0.013151160850507493,0.008157708038605715
2025-12-03,26004.900390625,26066.44921875,25891.0,25986.0,265700,-0.0017746951904364927,-0.008368565699002017,-0.002558295974715241,0.015171299062558985,26122.48984375,25941.74013671875,25595.837109375,-0.005224993657434895,0.0017061254583536911,0.015243216658934466,0.00675168239629031,-0.0007268011159855763,0.005417469826377225,0.004650631869511759,0.04277864992150704,0.9005253346890357,53.85058272203476,136.65848287531844,155.11984407385023,-18.46136119853179,0.5489191801377024,0.00723686595323306,-0.034393857976657394,-0.08251636011179186,-0.006828779352009207,0.007709923172384725,0.002457235261999813,0.009383884354241312,0.002940156087082757,0.005214989071253395,-0.012632170503233064,0.019516861035627997,-0.011463255372118786,0.011906792366261021
2025-12-04,25981.849609375,26098.25,25938.94921875,26033.75,248100,0.0018375278996383138,-0.006934844999710199,-0.006047628326145249,0.020543197187711915,26086.1296875,25967.94267578125,25612.4651171875,-0.0020079516634887717,0.0025341755040195757,0.01644843168687382,0.006119010179094444,0.001997563353082948,0.005119680630719405,0.004548384993809541,-0.06624012043658256,0.8588935816658589,54.40431154381085,125.8200205045905,149.25987935999828,-23.439858855407778,0.5811904037764096,0.007113576813065458,-0.0017808998134093423,-0.06349208119696081,0.0012560223533624182,-0.0030204379093601297,0.0029797912994984355,0.005447303207911203,0.003397919718133746,0.008598950445381615,0.002772032755381071,0.016157639856840156,0.005286517334884833,0.005115076372643745
2025-12-05,25999.80078125,26202.599609375,25985.349609375,26186.44921875,249300,0.005865433091659877,-0.0006297001097950172,0.004538059906526559,0.0272297288289709,26082.8296875,26002.65009765625,25632.8041015625,0.003972710495428133,0.007068476497721132,0.021599085101803306,0.008296275611297648,0.007178841063836277,0.0052626765730344124,0.004653315821372143,0.0048367593712213,0.8715411910713349,55.95075257779056,128.07563557875255,145.02303060374913,-16.94739502499658,0.7635496378605765,0.00734322957085923,-0.034790396252953215,-0.08227313572241557,-0.0010034125900931778,-0.007509572020046873,0.0010803218396737702,,0.0028170754088856498,0.011299526396208792,0.0024808033077377,,0.012213696296650589,
2025-12-08,26159.80078125,26178.69921875,25892.25,25960.55078125,320700,-0.00862653945989178,-0.008221320067237858,4.04777152873681e-05,0.015101114115270597,26039.78984375,26021.96015625,25650.877109375,-0.003042999308960237,-0.0023599058115246763,0.012072634809116023,0.011034019315063526,-0.0076166482178569245,0.005854424215001025,0.00513267781172711,0.286401925391095,1.1062435322525008,51.60205808947633,110.36291578696182,138.09100764039167,-27.728091853429845,0.3926272050802059,0.007794664926331497,-0.0462107221906094,-0.1118760932476821,0.008239344199434173,0.0004100233181150159,0.001936641757662061,0.003111370865312324,-0.003705189719318991,0.005277283630645391,0.0,-0.0027967525950951533,0.0068711861017412,0.026131556173030424
2025-12-09,25867.099609375,25923.650390625,25728.0,25839.650390625,276000,-0.004657081109092687,-0.007396564020849761,-0.0017442819439316137,0.00563150254328626,26001.280078125,26029.19521484375,25669.853125,-0.006216220394317462,-0.007282008631240955,0.006614656686898979,0.007571711987867483,-0.0010611633760459016,0.005978008293466227,0.005180375035907903,-0.13938260056127216,0.9556290358880252,43.14847484205606,85.58325611917826,127.589457336149,-42.00620121697074,0.13120785459591555,0.007870110722240907,0.07848841507456039,-0.042992260969899054,-0.009010934679774096,-0.007419416110010291,-0.003477255626794018,0.004973098993382052,0.0011309518602786728,0.006580918589363716,-0.0059627161648597715,-0.01335725928320386,-0.019973380931542994,-0.007417374055505466
2025-12-10,25864.05078125,25947.650390625,25734.55078125,25758.0,207900,-0.0031598875909956137,-0.008773955206649697,-0.017069095485064856,-0.004552546305556682,25955.680078125,26023.30517578125,25691.919140625,-0.007616062362072351,-0.010194906987762598,0.00257204839441183,0.008273142688679245,-0.004100316000264,0.004071905384281016,0.00497954889290319,-0.24673913043478257,0.7331264546159814,35.49494735935414,58.680263610298425,113.80761859097889,-55.127354980680465,0.020151461756249663,0.007948022649689971,-0.0161725339914629,-0.02493319184191456,-0.0002734573776089766,-0.0008679925712857806,-0.0008763589340257116,0.001631138486617445,0.0021347339925488207,0.005772572740563531,0.004386276677645462,0.0036486901387497994,-0.010699746207314398,-0.006650740001837074
2025-12-11,25771.400390625,25922.80078125,25693.25,25898.55078125,206100,0.0054565875164998,-0.005193228741537381,-0.012092059504877017,0.0007496533051574161,25928.640234375,26024.2751953125,25717.1921484375,-0.0011604716966649997,-0.004831043828077308,0.007052038642699099,0.00886346047656805,0.004933778867183879,0.004638370200385371,0.005138943853833884,-0.008658008658008698,0.7504779244424215,44.39562311945033,48.145727657640236,100.67524040431117,-52.52951274667093,0.27094865346805636,0.00815200592852395,-0.003652964616417842,-0.026761836727384525,-0.0044232138388417,-0.0065351811131751925,0.00674955693920154,0.00539583512585029,-0.002364325143083934,-3.3091154165720837e-06,-0.002714697009061351,-0.0018428363112817925,0.0036051344973846433,-0.008312157287957977
2025-12-12,25971.19921875,26057.599609375,25938.44921875,26046.94921875,216300,0.005729990019651465,-0.005327182728543267,-0.005953528310789213,0.0052836035967582795,25900.740234375,26031.1201171875,25745.909140625,0.005644973195822134,0.0006080837663242633,0.011692734425523987,0.004574447073411159,0.0029166924238643557,0.005135462433427579,0.005289965492870278,0.04949053857350805,0.8335420721015819,52.815769415564645,51.181556581825134,90.77650363981397,-39.59494705798883,0.5293969980856088,0.00790920811713344,-0.04674612612417317,-0.03881701369130852,0.004230858874952004,-0.0013298935090325648,0.002079350841514227,0.006399170798031317,-0.0013779541589269417,-0.004186540323625976,0.020900845173693616,0.016497761018147594,-0.014710924115973634,-0.03469079534682351
2025-12-15,25930.05078125,26047.150390625,25904.75,26027.30078125,181600,-0.0007543469807149705,0.0025712089301359597,-0.005671249868676176,0.0005324769654158068,25914.090234375,26031.8126953125,25769.729140625,0.004368686913223341,-0.0001733230841550748,0.00999512409383252,0.005471193183719799,0.0037504747221830123,0.0051334655612789186,0.005220584446031841,-0.1604253351826167,0.7135980509656757,54.75698682439834,51.4093927009817,82.90308145204752,-31.493688751065818,0.49161696241472425,0.00782544011832699,-0.027884612739438763,-0.020348841507456084,0.003041683968079134,-0.006478222550757029,-0.010663649289958,-0.006257240729041769,0.0051228836125840616,0.00463726780646212,0.003547369507883147,0.02010365418041471,-0.0027777752022684066,-0.043941463446845574
2025-12-16,25951.5,25980.75,25834.349609375,25860.099609375,264400,-0.006424068837574293,0.0007913891419142338,-0.0066110284393890995,-0.0019278685440148324,25918.180078125,26029.31513671875,25789.0461328125,-0.0022409161667573674,-0.006500959647034343,0.002755180482309383,0.00566124619921904,-0.0035219694670828275,0.005241187918270975,0.005346906830255627,0.45594713656387675,1.0421552590607202,37.16245171655895,37.66404953705933,73.85527506904988,-36.191225531990554,0.19203998659492577,0.007380927187441673,0.01384770999772389,-0.0790655979687851,0.0012098269731692923,0.003768660729469797,-0.0015965630269072495,-0.00438179467012878,0.00358996524070343,0.007104893524575218,0.0015942496907277448,0.0278587843039646,-0.010793853529036723,-0.03498643573236193
2025-12-17,25902.400390625,25929.150390625,25770.349609375,25818.55078125,206500,-0.001606677033445636,0.0023507563184252955,-0.006443824318864033,-0.0089856350837626,25930.290234375,26017.61015625,25803.864140625,-0.004309224930188815,-0.007650947715971634,0.0005691643912308919,0.006150646587233108,-0.003237136640253162,0.0052374523466593645,0.005189985850622988,-0.21898638426626327,0.8209919491104264,35.57199804658664,23.151249663191265,63.71446998787816,-40.563220324686895,0.15687656447979784,0.007365836480349438,-0.01853654442763908,-0.08127848448868291,-0.007184431233786426,-0.003170255740383099,-0.0023839179519623555,-0.005884064401496025,0.0022069372846897917,0.007177454914153891,-0.0006690326846119365,0.022685332360198096,-0.027279113787143094,-0.051158790424657985
2025-12-18,25764.69921875,25902.349609375,25726.30078125,25815.55078125,197600,-0.00011619552256891819,-0.0032048125279693362,-0.008381397944975277,-0.01437833869149574,25913.690234375,25998.78017578125,25818.009140625,-0.003787166252177232,-0.007047615053183631,-9.521878164997499e-05,0.006819487587801745,0.0019736912924251523,0.005171035764269067,0.005009632059778317,-0.043099273607748234,0.7923491789802916,35.821996534627985,11.277674267283146,53.227110843759164,-41.94943657647602,0.1854481785939862,0.007554008177042894,-0.02186881290778231,-0.09807513380286859,-0.0018269211554823306,-0.000570695558234191,-0.011592143912241393,-0.023995596685489118,0.0018947228640033842,0.011477238131860634,0.009602312751125552,0.035316046141402824,0.012122275436876606,-0.04310640604223004
2025-12-19,25911.5,25993.349609375,25880.44921875,25966.400390625,382900,0.005843362036054733,-0.0030924476969846904,-0.008403156391567634,-0.0039032305121499133,25897.58046875,25993.69267578125,25836.414140625,0.0026573880891322954,-0.0010499579839103879,0.005031125809197068,0.00434794152930654,0.0021187654371611062,0.005167864566389452,0.005119783287911565,0.9377530364372471,1.491333982473223,42.97411775810466,13.8800820494871,45.35770508490476,-31.477623035417658,0.4528961287612515,0.007444647062198199,-0.013211393539127925,-0.06634611593195539,-0.00023585956293192822,-0.005016057162151366,0.007934262269941872,-0.018293034976815004,-0.0058846455128130915,0.006912532452944653,-0.0021490894976158303,0.011940644562949299,0.003754074085186909,-0.02517355879607619
2025-12-22,26055.849609375,26180.69921875,26047.80078125,26172.400390625,253000,0.00793332910611566,0.005574900393802151,0.008160443557615471,0.008201251589013747,25926.600390625,26004.3376953125,25856.2261328125,0.009480610504140063,0.006462871590180663,0.01222816725799225,0.005077808512650007,0.004473113830380129,0.005044222308045478,0.00533462795919353,-0.3392530686863411,1.027765929356326,54.5159321820641,32.19387638540866,42.72493934500554,-10.53106295959688,0.7802163604344715,0.0074853881131576,-0.01956741293891484,-0.05835798407014814,0.00265388030121283,-0.005400745483357561,0.008818059450332205,0.0010384382346664278,-0.001746394138272267,3.102376479557911e-05,0.0052239213397868856,0.0136312184142382,0.009082783751985346,-0.013579366259493297
2025-12-23,26205.19921875,26233.55078125,26119.05078125,26177.150390625,216600,0.00018148889399149937,0.012260230472393774,0.013061322227581273,0.011294257655124262,25990.010546875,26018.95517578125,25874.0621484375,0.007200452782136324,0.00607999874610643,0.011713979832339572,0.004374043709547799,-0.0010703535543027229,0.004678819329548162,0.00527860696448396,-0.1438735177865612,0.8878140755010862,56.325940174752084,46.5543263479085,43.49081674558613,3.0635096023223696,0.7603424140703102,0.007317720083863267,0.0168067058527952,-0.055609726324314046,0.00397501209353579,-0.002653817731328445,0.006436496360377575,0.009092698592256365,-0.007598388775392206,-0.011117653990541987,0.01871312682313886,0.03095582694805077,0.023826305643429135,0.02094330575678227
2025-12-24,26170.650390625,26236.400390625,26123.0,26142.099609375,188800,-0.0013389838361685946,0.01253164172018395,0.0149118568745632,-0.0024117705193531513,26054.7203125,26015.7951171875,25892.3571484375,0.003353683932391993,0.00485491570096408,0.00964541233174554,0.004337845556381122,-0.0010909465689178143,0.004518281179698766,0.004497122281428321,-0.1283471837488458,0.787832001502222,53.616122004925366,54.4787837818003,45.688410152828965,8.790373628971338,0.7127079900639073,0.007202116992695902,-0.030991754264145688,-0.06759446091570742,-7.502392334413077e-05,0.004488032640814765,0.004550388765703239,0.016106777860335653,0.0003784459084272829,-0.01292183511776046,0.008121961283821255,0.04002502099171035,0.006378258184584151,0.05626923438743536
2025-12-26,26121.25,26144.19921875,26008.599609375,26042.30078125,142200,-0.0038175521330050532,0.00878346551353415,0.0055505036252481155,-0.006608672899747425,26100.0703125,26007.1326171875,25910.2931640625,-0.0022133860391300164,0.001352250729834692,0.0050947944259693845,0.005206898212028537,-0.0030224135043307654,0.0045652969897120015,0.004570257202870379,-0.24682203389830504,0.6057766039021897,45.01301411145917,52.105403359269985,46.97180879411717,5.133594565152812,0.5623333642454161,0.007005766909575752,-0.02025592022809286,-0.06605696769563985,-0.0019553136106835733,0.00435882790922637,0.0032214822012188726,0.03133553773498354,-0.001071389465183925,-0.01584408298264539,-0.0006437158486526373,0.029470245140881923,-0.0005139190381160397,0.04308187176574996
2025-12-29,26063.349609375,26106.80078125,25920.30078125,25942.099609375,234300,-0.003847631310177624,-0.0009358548310289816,-0.0040254084458967165,-0.009954971373540844,26095.21015625,25994.09013671875,25922.664140625,-0.005867381253426229,-0.002000090292458845,0.000749748121742666,0.007189086573879407,-0.004652126523153659,0.004360949072496991,0.0046379375584189135,0.6476793248945147,0.9914103160834427,49.30085300817485,41.658867626701976,45.90922056063413,-4.250352933932156,0.40290580700988127,0.006736289288630346,-0.004352553175128504,-0.057672545562993394,-0.0029104345705980306,0.0016719611661557554,-0.00030436354912266594,0.022905635203277708,0.006681055259304403,-0.0034042703285813714,0.011082080658583404,0.04312067712510026,-0.027592062343726576,0.0105075714435372
2025-12-30,25940.900390625,25976.75,25878.0,25938.849609375,396900,-0.00012527898855285713,-0.008923552206302698,-0.0033983997272095667,-0.009050376421879003,26048.5,25982.2451171875,25929.7351171875,-0.004209470434957896,-0.001670198538146872,0.0003515073388258294,0.0038070308239232433,-7.905590087925974e-05,0.004359722150543228,0.004636750760029122,0.6939820742637643,1.6167993971118397,54.12677209882802,32.74025566953787,43.275427582414885,-10.535171912877011,0.41475323110521967,0.006368682171733383,0.062295155438497396,0.02100838231599389,-0.0013387254809158478,-0.0023167345767328706,-0.00349205148036813,0.010423620509912856,-0.003069762219800043,-0.004725440591417995,-0.045928808989342484,-0.009960501669970201,0.023616498289537935,0.02506180705024197
2025-12-31,25971.05078125,26187.94921875,25969.0,26129.599609375,246300,0.0073538342244390265,-0.0018164995249838611,0.010421460244580683,0.003741535235134652,26038.98984375,25987.11513671875,25938.1301171875,0.003479772685834215,0.0054828891897633625,0.00738177699481235,0.008379356056854524,0.006104829159991692,0.004397415146825063,0.004788469546939345,-0.3794406651549509,1.00505998530972,64.17239370648852,40.59615506869159,42.73957307967022,-2.1434180109786354,0.7717449665372587,0.0064206003973262355,-0.004115222299809096,0.0,0.0040537740505168784,-0.0022384662080129347,-0.0013756671519022934,0.002580508134080839,0.0007870661262945333,0.003684289741867186,0.009830487630362317,-0.018593122001160034,-0.002238310330867188,-0.0010342623742410906
2026-01-01,26173.30078125,26197.55078125,26113.400390625,26146.55078125,425600,0.0006487344669803274,0.0001702683388675741,0.012704043800870535,0.006178356855614631,26039.880078125,25995.14267578125,25944.198125,0.0040964360359943,0.005824476801576051,0.007799534033584576,0.0032184126820026006,-0.0010220338742740135,0.004303072719983431,0.004766545399530123,0.7279740154283394,1.681847819643951,60.44299841433807,47.64065799459422,43.71979006265503,3.920867931939192,0.7786500179227537,0.006019225126982678,-0.02066123518947771,0.010660919677544234,0.006939207174092132,0.004760588866707938,-0.007357666300846111,-0.00930419574242558,-0.0014527249540517984,0.001847067604564545,-0.010304746379384833,-0.036531524629066836,-0.009145860000283057,-0.01644403702647812
2026-01-02,26155.099609375,26340.0,26118.400390625,26328.55078125,357500,0.006960765170238581,0.01099173235131734,0.019871743366893124,0.011323792432899493,26097.130078125,26009.88271484375,25953.3971484375,0.008867668683576024,0.01225180712654228,0.014454895082399055,0.008416703646780786,0.006631638742175862,0.004619781911548373,0.004985114220190615,-0.16000939849624063,1.3828449859781453,61.53159551597052,67.13546048076387,48.4029241462768,18.732536334487065,1.0142898175319275,0.006147314743511037,,,0.0021768242400783677,0.008920532120581859,,,,,,,,
2026-01-05,26333.69921875,26373.19921875,26210.05078125,26250.30078125,338800,-0.0029720587604740167,0.011880348025632426,0.01093337491350943,0.0024383436626558286,26158.7703125,26013.07529296875,25960.57515625,0.0034990356066646466,0.009119471097112752,0.011160215952698005,0.006215107356656776,-0.0031669852688458984,0.004641523147032614,0.0048821002687225975,-0.05230769230769228,1.288212927756654,58.71364987880749,75.40192441744148,53.80272420050974,21.599200216931735,0.8722185498738162,0.0062220960095716584,,0.03278690745815038,0.007358684069514565,0.01931149899258,,-0.010313181234871904,,-0.0015981729940346412,,-0.0490039071507401,,0.01022203029961366
2026-01-06,26189.69921875,26273.94921875,26124.75,26178.69921875,383000,-0.0027276473171363724,0.00924673271895271,0.00024066681049461636,0.008403074316033265,26206.740234375,26023.98271484375,25968.2461328125,-0.0010699925047610304,0.005945150886455197,0.00810424719717906,0.005699260207823423,-0.0004200124601707822,0.00408839408964778,0.004487268697546479,0.1304604486422669,1.4392274016872404,63.45435320161859,75.30741198130636,58.10366175666907,17.20375022463729,0.7373352616063457,0.006119736924033177,0.060317530159067934,0.03086421630588765,-0.0017747018357396893,0.018866507559448742,0.006354126864826393,-0.0005344003049998491,0.0005013787066363573,0.001978239366963397,0.028155002677900498,0.024841122552228256,0.017445917748152073,0.00413219449385771
2026-01-07,26143.099609375,26187.150390625,26067.900390625,26140.75,338200,-0.001449622016468255,0.0004267340790402585,-0.001390540608195323,0.011652619320431823,26208.9703125,26039.0376953125,25971.7401171875,-0.0026029375319436276,0.0039061468352883377,0.006507453179875888,0.004561843099375496,-8.987493488176216e-05,0.004114204233468125,0.004351217815143008,-0.11697127937336815,1.256198347107438,63.64785576951715,71.34787154580044,60.75250371449535,10.595367831305097,0.6600208216039022,0.006020550153632601,0.0,0.0351239815980271,0.0012357433310032917,0.016006902634303044,0.006196712678341321,0.007044358692958497,0.002510892656160335,0.0037041176579915014,0.01001911662501409,0.02503255542437155,-0.020404640482441505,-0.01415012396943105
2026-01-08,26106.5,26133.19921875,25858.44921875,25876.849609375,328500,-0.010095364158449915,-0.010314980898681547,-0.01014646887447701,0.004614085308447757,26155.030078125,26044.98017578125,25970.553125,-0.010635830580927541,-0.006455392373943547,-0.0036080677671357364,0.010617598515565048,-0.008796674798421849,0.0051907232310589866,0.004906585509364646,-0.0286812536960378,1.1934388112840821,52.12650773022996,46.38070333084761,57.8781436377658,-11.497440306918193,0.21941475679235908,0.006375239804771979,-0.006986092345364847,0.04957808963331822,-0.002121594691724904,0.006864506376928592,-0.003439923431013958,0.011018943215433508,-0.0007414378262655674,0.004419078117888775,-0.0074731649488331,0.027965239135880227,-0.01995447870356648,-0.024904154233357456
2026-01-09,25840.400390625,25940.599609375,25623.0,25683.30078125,348800,-0.007479613285493514,-0.024507615529659854,-0.013785264328813551,-0.008311275863197576,26025.980078125,26034.21767578125,25963.1411328125,-0.013166816229257972,-0.013479064318406397,-0.010778370387889424,0.012365996570303083,-0.006079612041615128,0.005529170980888586,0.005033946242933236,0.061796042617960456,1.2351712171110876,40.46161601139234,10.851184071776515,48.47275172456795,-37.621567652791434,-0.023577082990618184,0.006812087481714892,0.0653266919260973,,-0.005073299587736613,-0.00041952990539084745,7.65482590914246e-05,,-0.003346011182196129,,-0.00040331757703082616,,0.03161272709422214,
2026-01-12,25669.05078125,25813.150390625,25473.400390625,25790.25,275800,0.004164153963733375,-0.017525543234102825,-0.0058534047614297036,-0.009855250862362608,25933.969921875,26021.38271484375,25961.389140625,-0.005541763266786792,-0.008882414796193783,-0.006592064072457382,0.013173583040102365,0.004721608904935829,0.00570836821889617,0.004944894231813866,-0.20928899082568808,0.9664815236626776,36.20347062100283,-8.577432473899535,37.06271488487445,-45.64014735877399,0.1719521628813677,0.00713128758860976,0.03113206715378425,0.15661381225210147,-0.007287229419550512,-0.014952356516090393,0.006475487031883276,0.015719186193907886,0.00045624702269941864,-0.000627995487591626,0.009011972396955503,0.03956480987244748,0.023545717622442286,0.03140263863649473
2026-01-13,25897.349609375,25899.80078125,25603.30078125,25732.30078125,339500,-0.002246942885392733,-0.017051971672460975,-0.007962913977894726,-0.01133425254041387,25844.690234375,26006.63271484375,25961.5931640625,-0.004348647714706,-0.01054853723670146,-0.008831984283996008,0.011522483065954466,-0.006373193806104826,0.005729301373365573,0.004960436497116054,0.2309644670050761,1.1576757825820092,34.533967647789794,-28.324264226506784,23.985319062598204,-52.30958328910499,0.13441860933168884,0.007652548888112957,0.040256136148042465,0.1347304756607477,0.003357704838553577,-0.009887703166580053,0.001577633215136931,0.010898242836883787,0.003677164133546018,0.0025442050865791543,0.025283897762198748,0.03666184326912281,0.006427623054476861,0.020233201497778852
2026-01-14,25648.55078125,25791.75,25603.94921875,25665.599609375,393100,-0.00259211846006413,-0.018176616609125618,-0.017757639111834034,-0.0075212393972948766,25749.66015625,25996.90771484375,25959.6381640625,-0.0032645303419508442,-0.012744135152642722,-0.011326758594599973,0.007317217758723279,0.0006647092177022063,0.004972919068052177,0.004793120678461174,0.15787923416789407,1.3116668613089975,33.79032022303193,-48.79353627084129,9.429547995910308,-58.2230842667516,0.08630551435876925,0.007879496541134538,-0.014951633949430443,0.11776440095740526,0.0021581110545747517,-0.008975582688067973,-0.0019391230550597216,0.002724391796352865,-0.0011447981058917422,-0.0011116071504064795,-0.00338052245996312,0.022908742635354695,0.02773111808199835,0.070365839009362
2026-01-16,25696.05078125,25873.5,25662.400390625,25694.349609375,434000,0.0011201764399650926,-0.00705263595665373,-0.01729486905015709,-0.004810540023230003,25713.16015625,25990.69765625,25961.5721484375,-0.0007315532886932319,-0.011402081267477437,-0.010293002963558284,0.008215798904595619,-6.620363142500162e-05,0.005000648770320122,0.004794769612287731,0.10404477232256415,1.3951843636480534,37.56208450334492,-61.98121623411498,-4.8526048500947505,-57.12861138402023,0.14350065908968765,0.008080564935386265,0.01071427567880967,0.13768843334885084,2.261972769379561e-05,-0.0068460959346796635,-0.005333360445499591,0.0008192427507562883,0.001556644463674095,0.0011856238287712983,0.007958099819332487,0.03881236869747906,0.01422729207155582,0.10769777814841452
2026-01-19,25653.099609375,25653.30078125,25494.349609375,25585.5,443100,-0.004236324757381116,-0.0038079521819640583,-0.028222243883592957,-0.008911325704392348,25693.6,25979.1951171875,25963.0881640625,-0.004207273406606982,-0.015154246134709393,-0.014543268569458978,0.006212548977936722,-0.002635143916499491,0.003989322669858734,0.004877413608493561,0.020967741935483897,1.370362925049096,37.331266505594726,-80.29026520124899,-19.9401369203256,-60.350128280923386,0.060169008970141276,0.008152631224926507,0.004416978099188951,0.07264146003573946,0.008643818679643589,0.006846580675697211,0.0019359668206178071,0.0026800421865025292,0.0009814690562575112,0.00553278046563177,-0.00869346404443938,0.030196987274060394,-0.04159951325398159,0.02908587870490753
2026-01-20,25580.30078125,25585.0,25171.349609375,25232.5,409800,-0.013796877137441155,-0.021626389817857472,-0.0387729188222099,-0.028263462766674796,25582.05,25942.50009765625,25957.8921484375,-0.013663877601677754,-0.027368221836121198,-0.027944955787990056,0.016393555558307737,-0.013596430480791417,0.005284154018168811,0.005485787083080605,-0.07515233581584291,1.262126951861776,29.900707044097715,-121.87951706778767,-40.32801294981802,-81.55150411796966,-0.13557332035095818,0.009159526227512703,0.04045734764968767,0.08234214029290454,-0.003391236735390546,0.010798042799117225,,,0.003767094488324574,0.00886042789420749,,,,
2026-01-21,25141.0,25300.94921875,24919.80078125,25157.5,395600,-0.0029723570791637677,-0.02233771422681463,-0.039008783829052374,-0.038777505138143153,25467.08984375,25891.755078125,25949.55515625,-0.012156467254383907,-0.028358644514807185,-0.030522879929185676,0.015150489416674948,0.000656298476592021,0.0052785101688500365,0.005030441312006249,-0.034651049292337754,1.192212645410162,20.38810228975116,-159.057654375556,-64.07394123496562,-94.9837131405904,-0.06666471632622725,0.009561753142700984,0.07607773663013906,0.11961298771907347,-0.008133934717463043,-0.0007788123102412392,,-0.025856840246254453,0.002232579015691849,0.007408382543164782,,0.032743104206094165,,0.014117649623325956
2026-01-22,25344.150390625,25435.75,25168.5,25289.900390625,486400,0.00526285960946038,-0.014638240464593166,-0.03254878338896172,-0.03389406359210734,25391.95,25847.392578125,25941.4541796875,-0.004018974886725979,-0.021568604485537657,-0.025116317094231122,0.0105674595736672,-0.0021405333839901574,0.006009225696697716,0.005267224069846406,0.22952477249747227,1.4085893834525498,25.61970056931186,-175.81134726625532,-86.42142244122357,-89.38992482503176,0.09365164063092452,0.010059907653662077,0.08248234316514402,0.2303571399681421,-0.010165921693114699,-0.013066728262261407,0.011587741323274559,-0.012654136171322716,0.002352993507782397,0.010936125688840503,0.015044735039432044,0.05183620649292697,0.004640350987550779,-0.008667253978233203
2026-01-23,25344.599609375,25347.94921875,25025.30078125,25048.650390625,393900,-0.009539381186706164,-0.025130008292344796,-0.03200541144892499,-0.04182713841232055,25262.81015625,25792.7201171875,25924.911171875,-0.008477274076020391,-0.028848051821671716,-0.03379995308144479,0.012880871123529999,-0.011677012985461723,0.005941426552246143,0.005548534820787821,-0.19017269736842102,1.1078143236820273,14.762384617618252,-206.1789260579244,-110.37292316456374,-95.80600289336066,0.008951713396507431,0.010444947406644367,-0.031204597956022595,0.1793286874003781,0.0067992982338194174,-0.006378750052942084,0.005487502192628835,-0.0019129154005127491,0.004592956032832829,0.01400087202253708,0.01568990229328171,0.059904587296661926,-0.020785192077436232,-0.04288938774232354
2026-01-27,25063.349609375,25246.650390625,24932.55078125,25175.400390625,618700,0.005060152863462841,-0.016028594687420572,-0.019775510747270908,-0.033288164433196044,25180.790234375,25749.37509765625,25910.836171875,-0.000214045853995537,-0.02229082083951217,-0.028383328749856385,0.012476449410987986,0.00447070255956878,0.006260005198561502,0.005756736689269357,0.5707032241685708,1.6307757189172092,21.17610705213815,-217.51046014190433,-131.80043056003188,-85.71002958187245,0.1393483785499865,0.010820644687797837,0.0629212865101878,0.24802108383535448,-0.01228038433738965,-0.026991311564642517,0.0003268698377891788,-0.0035158311252826424,0.00023370707851566586,0.013243384175923412,0.013493770970509411,0.08362717089599725,0.028807261908526005,0.027422629639543894
2026-01-28,25258.849609375,25372.099609375,25187.650390625,25342.75,574900,0.006647346488174222,0.004369364906370743,-0.01735151850020844,-0.023103357800630997,25202.840234375,25719.4076171875,25899.49015625,0.00555134914652089,-0.014644879182045822,-0.021496182082783255,0.007278184835899814,0.0033216235862879432,0.0065721740740490925,0.00602060185631511,-0.07079359948278652,1.4502295545128903,28.67854673417702,-210.5598646149192,-147.55231737100937,-63.00754724390984,0.267552216363968,0.01088306989742065,0.018322779180435456,0.2214708286099718,0.012524522159427676,-0.011452443898084752,0.009108413519601344,,0.0016907306214479778,0.01114741792757079,0.020663874994043097,,0.021614535801874002,
2026-01-29,25345.0,25458.150390625,25159.80078125,25418.900390625,582400,0.0030048195489833507,0.010390555127695489,-0.012179260350219434,-0.020045191925630923,25255.1203125,25693.41015625,25887.5991796875,0.0064850246642436105,-0.010684053380054181,-0.01810514701688748,0.011737313762204967,0.002915777890116394,0.0067340558275052805,0.006088957889125491,0.013045747086449788,1.4355611974512874,31.940656159693987,-196.6400236864829,-157.36985863410408,-39.270165052378815,0.3313635302671787,0.011353746403222459,-0.06366782618945466,0.0628436935979908,0.006643840519588995,0.003275888995379006,-8.172305219089626e-05,0.026654944418338822,-0.001949501951540089,0.006928137433083403,0.04348168176794198,0.11284575832156984,0.013143127149321199,0.04756378728251742
2026-01-30,25247.55078125,25370.69921875,25213.650390625,25320.650390625,508400,-0.003865234077404689,0.0012159003999636653,-0.013440138707065286,-0.030959112686126167,25261.2703125,25652.9626953125,25875.811171875,0.002350637057852767,-0.012954149141932159,-0.02145481652971004,0.0062024010324453396,0.0028953148766131865,0.006775120735420475,0.005788786342873678,-0.12706043956043955,1.2139446036294175,34.82733119930438,-191.33086029598417,-164.16205896648012,-27.16880132950405,0.29307264173995506,0.011180444312623281,-0.011825561756827474,-0.029753255105739118,0.0060244631862282905,0.019686137075324517,-0.001292631274007694,0.013582723717391998,0.005533447400743352,0.010123108202237052,0.0027905204794833605,0.09941083252583982,0.034962808360734954,0.07918177699828122
2026-02-02,24796.5,25108.099609375,24679.400390625,25088.400390625,449200,-0.00917235522852089,0.0015869118447546793,-0.023582975555408114,-0.040469980131521255,25269.2203125,25600.05517578125,25856.526171875,-0.007155738073388651,-0.01998647196824388,-0.029707230435522147,0.017087546917108187,0.011771838389490452,0.007133608977120415,0.0060045220354212146,-0.11644374508261213,1.0695747416543644,34.10716726897425,-203.5179162117347,-172.03323041553105,-31.48468579620365,0.18238772822752014,0.012205401776466155,0.019446539349836645,0.020973762170062527,-0.005794109273376313,0.006931536355841983,-0.004301899620894223,0.003714507024417335,-0.002812920984896161,0.002676462805026647,-0.10779554287274529,-0.034253227506928385,-0.0032100136097579224,0.09855118621917502
2026-02-03,26308.05078125,26341.19921875,25641.30078125,25727.55078125,637300,0.025475932330218942,0.021932139392333738,0.005552003331965372,-0.022826930543704882,25379.650390625,25570.00517578125,25847.2341796875,0.01370784803062186,0.0061613442932726414,-0.004630414132725913,0.0272042388896995,-0.022065488805188407,0.011259937773765166,0.008411258720286047,0.41874443455031174,1.468534691338111,48.69583163382209,-159.76053095385578,-169.578690523196,9.818159569340224,0.6075277052281202,0.014437121640223313,0.017608200227664295,-0.02255107147900104,-0.016632138018482623,0.002495137654773716,0.00539126612916796,0.008796054046943835,-0.0010339951572884143,0.001405664605875101,-0.019493793196415088,-0.06568670498761275,-0.04707866489688739,0.0175208727717564
2026-02-04,25675.05078125,25818.55078125,25563.94921875,25776.0,429800,0.0018831648283172964,0.017095619062651002,0.021539680967006758,-0.018068394156793177,25466.300390625,25546.29013671875,25841.391171875,0.012161154334337843,0.00899190692863372,-0.002530481870734902,0.00987746595670391,0.0039318021066474884,0.01005836782968581,0.00842506125434201,-0.32559234269574766,0.9801149320441485,50.912567441238224,-119.79215148168441,-159.62138271489368,39.82923123320927,0.6720185303704068,0.01429387936833544,-0.06993513158127251,-0.10726645060168272,0.024263477392142407,0.014117814720258748,-0.008403983020698336,-0.008710921705187835,-0.015720862022510662,-0.01600097296244185,0.06069722228781482,-0.029040273643467063,0.017219177749178805,0.013143127149321199
2026-02-05,25755.900390625,25757.650390625,25579.5,25642.80078125,343800,-0.00516756745616076,0.008808421575450254,0.019290501093113477,-0.020470781723034293,25511.08046875,25519.49521484375,25835.0571875,0.005163258869468557,0.004831818394845255,-0.007441686885176324,0.006947384263705838,-0.004391211631497364,0.010206143745303674,0.008470798702072105,-0.20009306654257797,0.7875206157229246,49.53675961105745,-97.73832004073483,-147.24477018006192,49.506450139327086,0.602676417058858,0.014392359497482358,-0.05038756881795392,-0.09460456454052735,0.003278537501497203,0.010727525518452019,-0.005072391906223106,-0.013658521566537796,0.001964633220418399,-0.012141944578175079,0.0032015814969605927,-0.06652090777444897,0.03053314876016011,0.03053314876016011
2026-02-06,25605.80078125,25703.94921875,25491.900390625,25693.69921875,375500,0.0019849016468285186,0.014732987595892144,0.01596680184136634,-0.01710168152214453,25585.690234375,25497.14267578125,25831.23515625,0.004221460644039388,0.007708963528507473,-0.00532440422101621,0.008252950512095089,0.0034327548765576647,0.010140670814625302,0.00849597489043227,0.09220477021524132,0.8564748816787364,49.9869028506162,-75.28557594835729,-132.852931333721,57.5673553853637,0.684552525736584,0.014366487501962564,-0.006530606016820761,-0.0897531652607757,-0.0028968353863175755,0.001764520779896861,-0.012251015567674717,-0.024481220290835548,-0.0032944900864080306,-0.020814703482401997,-0.012381798316599357,-0.08064453787214076,-0.028400345278711825,-0.03255880943190048
2026-02-09,25888.69921875,25922.25,25780.900390625,25867.30078125,359400,0.006756581098813275,0.031046235650641796,0.032682415134485554,-0.00036901045796322585,25741.4703125,25496.665234375,25824.47515625,0.004888239374923886,0.014536628357786352,0.001658334767343339,0.00546441279553442,-0.000826555143585665,0.009430631931384312,0.008363119805620718,-0.042876165113182374,0.816873877764393,55.53049549915595,-42.98788170563421,-114.87992140810364,71.89203970246943,0.8489294898455224,0.014348909202472967,-0.018898972429644,-0.12399123403286472,0.0009473674215647598,0.008557250770382607,0.0196957966973359,-0.0009698734084044869,0.002105924524315128,-0.015984655741291598,0.018468106081910296,0.049461487050015185,0.004108047365652956,-0.025456216388866304
2026-02-10,25922.650390625,25989.44921875,25870.44921875,25935.150390625,460900,0.0026229876069705504,0.00806915555779586,0.030178268794601726,0.009805967368448965,25782.990234375,25509.25771484375,25818.8671484375,0.005901571340904077,0.016695612257405124,0.004503808843314694,0.004588367455274751,0.00048220377976939657,0.009410433915860541,0.008189954374337779,0.2824151363383416,1.034393760870785,65.52785031400393,-11.781025562981085,-94.26014223907913,82.47911667609804,0.879687816040647,0.013507161615834411,0.02093802418642743,-0.12112475263427602,0.009128339213771097,0.03497759365564068,0.004691086716887227,-0.0016656227653495392,0.0030249859327045048,-0.011986421912265621,0.020000823640037968,0.09173361039615258,0.01274589115681124,0.035725800490962634
2026-02-11,25997.44921875,26009.400390625,25899.80078125,25953.849609375,331400,0.0007209990483325601,0.006899814143971117,0.024113389800830554,0.006343467371390243,25818.56015625,25517.4376953125,25813.88515625,0.005240007665270552,0.01710249748714654,0.005422060735058132,0.004222865240592696,-0.0016770725853963737,0.009342775743608296,0.008145380941838181,-0.2809720112822738,0.7391464353023831,68.04759919227973,14.294722774578986,-72.54916923634751,86.8438920109265,0.8746297321955865,0.012750090178203829,-0.04265787711151048,-0.09534880454333416,-0.0007079872109025942,0.009744919724202772,-0.003303712975458173,0.003469306008219375,0.0025919796522522187,0.006395900266395138,-0.009528665447549711,0.019452887537994012,-0.006215064047320307,0.01186521137261387
2026-02-12,25906.69921875,25906.69921875,25752.400390625,25807.19921875,419400,-0.00565042923620962,0.0064110952193727755,0.015275988424275466,0.0029106778339298423,25851.43984375,25521.1826171875,25806.514140625,-0.0017113408486102433,0.011207027740551379,2.6546713022490565e-05,0.0059789063825607044,-0.0038407054159947467,0.009677936944732344,0.0082374704794733,0.2655401327700664,0.927158173980325,61.64826127302873,22.862930649876944,-53.46674925910262,76.32967990897956,0.7427166854413845,0.012609975617398602,-0.010282766475969929,-0.05714284157266425,0.001962068143015694,0.008419965389976136,-4.895607156218951e-05,0.008535869273502694,-0.002586370702549634,0.0018247691722261816,0.013416815742397059,0.029833602880216414,0.010475268582484487,-0.007829323626176055
2026-02-13,25571.150390625,25630.349609375,25444.30078125,25471.099609375,453500,-0.01302348257655217,-0.008663587421952723,0.0059417596479158785,-0.007578237132981447,25806.919921875,25511.4576171875,25795.2921484375,-0.013012800966431648,-0.0015819561711484242,-0.012567895614321922,0.007304310806296014,-0.003912642948073272,0.010634323023497982,0.008737138289281526,0.08130662851692905,0.9958934492830006,59.12280316974536,2.5040029593001236,-42.27259881542207,44.776601774722195,0.46553963728256614,0.012889241451552767,0.015584359179998675,-0.03615452188161428,-9.221384609547911e-05,0.011256418484193897,-0.01566101212770199,0.005054110345789509,0.0016316115408576692,0.006776172145891213,-0.02944005053569676,0.012046201522394995,-0.02769607267367502,-0.007110139934111692
2026-02-16,25423.599609375,25697.0,25372.69921875,25682.75,275800,0.008309432803093486,-0.007134520250515308,0.02369021540317484,-0.00045144592298873576,25770.009765625,25510.87763671875,25789.2271484375,-0.0033860974993263904,0.006737218755417107,-0.004128745224687869,0.012627182885399733,0.010193300500588351,0.010272231058896849,0.008945951389267738,-0.39184123484013234,0.6163679435033299,60.56869122413293,3.4085323346662335,-33.13637258540441,36.54490492007064,0.646941849954573,0.012811393173850709,0.13299236832871042,0.11306536255559796,-0.009106088887425479,0.0010994186744976986,0.0004990891480125548,-0.013866954044240654,-0.001891210813837807,0.0027604084258980865,0.019784153317394804,0.013353950481584276,0.0007956594038691644,-0.010385520933684278
2026-02-17,25637.94921875,25764.400390625,25570.30078125,25725.400390625,344100,0.00166066292063749,-0.00808747961129308,-8.358318455126135e-05,0.00546795609329509,25728.059765625,25517.87265625,25783.06015625,-0.00010336477076877681,0.008132642449101946,-0.002236342981615569,0.007545056886490089,0.003411004957098661,0.006329675852168696,0.00889548540660049,0.24764321972443804,0.7776095455469932,58.40787035407838,7.480675885632081,-25.012962891197112,32.493638776829194,0.6753084082905315,0.012782935023690661,0.003009778929107698,0.09351930948031328,0.012668143928827647,0.0046110596667876536,,,7.834601949152642e-05,-0.00018545422388416277,,,,
2026-02-18,25752.650390625,25828.05078125,25645.150390625,25819.349609375,310200,0.003652002197183979,-0.0051822755400191545,0.0016817818658829697,0.023257687877737077,25701.159765625,25547.21513671875,25775.7181640625,0.004598619082866184,0.010652216736732001,0.0016927344190678095,0.007083849647343127,0.0025899943399333063,0.006412025985311563,0.008272979527462658,-0.0985178727114211,0.7089799556601833,58.73066971897318,18.080376449655887,-16.394295023026512,34.4746714726824,0.7304232410547581,0.01241703426826518,-0.049512366930952956,0.08568980235324641,0.0036899385181154987,0.009032394742440886,,-0.014202325174246022,0.002338487592141947,-0.0004382440467439741,,-0.0248658512534784,,-0.02548463534630785
2026-02-19,25873.349609375,25885.30078125,25388.75,25454.349609375,298200,-0.014136684522350174,-0.013672526273933672,-0.007349086922392445,0.011799646601411196,25630.58984375,25562.0576171875,25765.594140625,-0.00687616771402455,-0.0042135891181185325,-0.012079850732386377,0.019507502209646605,-0.016194269637518396,0.007734997790297043,0.008919479682973692,-0.03868471953578334,0.6892247954513937,52.611213256330245,-2.937868139215425,-13.703009646264295,10.76514150704887,0.4044420249508865,0.01341251899121007,-0.03551695395070309,0.05800866365624846,0.006159492288390522,0.013259437932815032,0.005566070147410729,-0.008666774384676112,-0.0017271881449274495,0.00042278892970148974,0.02111745035946533,-0.017456114543493162,0.04588481511846543,0.008664787432876908
2026-02-20,25406.55078125,25663.55078125,25379.75,25571.25,296600,0.004592550680687868,0.003931922538127797,-0.004765729438470423,0.011124978945322272,25650.619921875,25576.12509765625,25760.2261328125,-0.003094269148922746,-0.0001906112688155881,-0.007335965602094929,0.011098432077039644,0.006482549330212419,0.007878577582777537,0.008902375787280271,-0.005365526492287054,0.7009003473781222,59.87524276769957,-10.04628652064639,-12.971665021140716,2.9253785004943254,0.49555858908444606,0.012352734437740487,0.10147297414254974,0.14748512902165212,-0.013180169708646994,-3.2798743820894316e-06,-0.0028221256867719813,0.004263338986437493,0.0018460996567175592,0.0006370181898289751,-0.0024154302138437167,0.00990219080248389,0.01902128880703846,0.057129219348673876
2026-02-23,25678.400390625,25771.44921875,25609.349609375,25713.0,313700,0.00554333479982394,0.0011778333706475852,-0.005965090155902408,0.02652237142579339,25656.669921875,25609.342578125,25759.3261328125,0.0021955334927146186,0.004047640877885783,-0.0017984217666894287,0.006304188907362035,0.0013474207446205282,0.007763783712612113,0.008633855056264447,0.057653405259608936,0.7484015650348316,49.626394876043335,-4.193380277942197,-11.216008072501014,7.022627794558817,0.6053719938103186,0.009360602578740048,0.06686475601631403,0.0805116401727235,0.007119730277680869,0.016371597157851747,0.006939724763506794,0.01072820666954466,0.002727031484260456,0.005266958585620207,0.016708688844540687,0.006856528346593782,-0.0006021513675084078,0.05565272752373551
2026-02-24,25641.80078125,25641.80078125,25327.599609375,25424.650390625,439100,-0.011214156627970318,-0.011690780140767076,-0.019683710806031596,0.009900537672990373,25596.519921875,25621.805078125,25749.848125,-0.0067145663463069605,-0.007694800850246208,-0.012629112715397794,0.012358131460909192,-0.008468609224348488,0.008342790697622275,0.009023395228143665,0.3997449792795664,1.0705056316738992,41.96822669753927,-22.56223020570178,-13.485252499141168,-9.076977706560612,0.2842767868222025,0.00983423345859807,-0.013231168866703502,0.06301576574610745,0.0015080428954423741,0.005170682248315517,-0.010385652247284827,,-0.0034544716938551545,0.001715811885895313,0.02847924542771474,,-0.0012050283444823284,
2026-02-25,25512.599609375,25652.599609375,25428.19921875,25482.5,414200,0.002275335490801167,-0.013046401806058316,-0.018161067297112643,0.005514397608783472,25529.15,25628.792578125,25738.559140625,-0.0018273228838406874,-0.005708133837325824,-0.009948464450787453,0.008806058692239773,-0.0011797938993225697,0.008412366994757423,0.008919791585549747,-0.056706900478251,1.0299767496798418,46.2048179400199,-32.08187620800891,-17.204577240914716,-14.877298967094191,0.3349057716363821,0.009900061623172765,-0.0014114649016221392,0.11681132859702692,-0.00354120418922943,-0.0020711285636054733,0.0076516140863223114,0.0068461349926132176,0.003235024849649548,0.0026117921938524358,-0.00943437921911816,0.055117288922786445,-0.010254868499654402,0.0529439327036747
2026-02-26,25556.30078125,25572.94921875,25400.94921875,25496.55078125,405200,0.0005513894339252978,0.001657915936671861,-0.012037278236465943,0.0030548288648095667,25537.590234375,25632.67509765625,25727.944140625,-0.0016070213653032184,-0.005310577842056685,-0.00899385345794601,0.006746010528078476,-0.002337975300550424,0.008325046631218684,0.008897661313383308,-0.021728633510381457,1.0302960957066758,45.24955149817494,-38.05382284847656,-21.374426362427087,-16.67939648604947,0.3441185503755152,0.009782409074546783,-0.04664310001449046,0.10392794405381345,-6.469112801810173e-05,-0.008244396698484313,0.008136355657339944,0.009419692422927506,-0.001121776213566461,0.0032198355406301005,0.009640166239948345,0.04325784914911668,-0.0031997423931283686,0.003528082818309297
2026-02-27,25459.849609375,25476.400390625,25141.30078125,25178.650390625,438900,-0.012468368500212268,-0.015353164564696709,-0.011481609480352373,-0.00560807079634007,25459.0703125,25625.57509765625,25714.31515625,-0.011014538961280018,-0.017440572760926032,-0.02083138370087223,0.013308878918298605,-0.01104481067501887,0.008238694802724501,0.009302764975263151,0.08316880552813433,1.1259331469177292,34.48531074788768,-67.65861194315949,-30.63126347857357,-37.02734846458591,0.016188683964848582,0.010265349012702011,-0.031875415774437976,-0.029717653595589533,0.002364674490426877,0.0073781980889846555,-0.005365580569328343,0.006845012908492931,0.0003629328803260723,0.0017346350392748455,-0.006122995446806945,0.03938053724226709,-0.0032100136097579224,-0.018365214738800373
2026-03-02,24659.25,24989.349609375,24603.5,24865.69921875,519200,-0.012429227421638323,-0.03295223354917742,-0.031813212418841386,-0.008876658870536014,25289.61015625,25614.4400390625,25695.258125,-0.016762256708620527,-0.02923120002508961,-0.03228451343880012,0.015517344032057212,0.008372080203169196,0.008210541634033846,0.00949389275797292,0.1829573934837092,1.3200783097302382,28.30244753720679,-115.04697480858886,-47.514405744576635,-67.53256906401222,-0.2156920215935239,0.011695826999923898,0.04900454587176961,-0.04596099325846548,-0.010765222866038981,-0.010511345059831312,-0.00433935281103115,-0.0044330037660391675,0.0006201593825552187,-0.000370151896360138,0.01033839763814104,0.032868193274771196,0.027756442018180172,0.009489339647684947
2026-03-04,24388.80078125,24602.44921875,24305.400390625,24480.5,599000,-0.015491187895474101,-0.037135235927300836,-0.048391876189366245,-0.04847141462679916,25100.780078125,25552.0875,25668.557109375,-0.024711585703488415,-0.04193737595803093,-0.04628453030346158,0.012134099717121791,0.0037598904338296923,0.008849593012305134,0.007902572515451406,0.15369799691833586,1.530423229729557,23.97783430508325,-181.5916757024861,-74.32985973615853,-107.26181596632757,-0.23928441359306749,0.013194898700350424,0.25036491965363394,0.20889195967081609,-0.011388781617076127,-0.023253391047797,0.0003983547353176853,0.006415870306387239,0.0007933086764646546,0.0038907754027446284,0.012138226051920498,0.016457439986380162,0.06281717285497268,0.07419704387701653
2026-03-05,24615.94921875,24854.19921875,24529.400390625,24765.900390625,504300,0.011658274570576665,-0.028121244358873754,-0.0408007651117398,-0.0391876012327359,24957.46015625,25501.58251953125,25644.547109375,-0.007675451124662169,-0.02884848923955219,-0.03426251651091894,0.01311475952830493,0.006091626633710392,0.009998152720502551,0.008466898355954185,-0.15809682804674452,1.2763211176351488,32.46795270199614,-208.89143383784904,-101.24217455649664,-107.6492592813524,0.038059597132392146,0.013539636507196568,0.23409226067366484,0.4939929300043471,-0.01812173810868234,-0.03754548934871138,-0.0017612302017702142,-0.0029854304446156332,0.010199878790264849,0.010860181822799575,-0.03330444669993271,-0.008036553318903294,0.04815386976732339,0.13758962039604739
2026-03-06,24656.400390625,24700.900390625,24415.75,24450.44921875,433400,-0.012737318930444053,-0.04102914043060668,-0.039439247359722596,-0.046498491825114785,24748.23984375,25441.96494140625,25610.1080859375,-0.012032800186200121,-0.03897166452904666,-0.045281295311059955,0.011662378391245688,-0.0083528482914038,0.009850962571316266,0.008781068718362529,-0.14059091810430302,1.0845845845845845,32.695284171625545,-253.06380011811416,-131.60649966882013,-121.45730044929402,-0.03850808941479687,0.013677078539287901,-0.15515604891185486,0.3239437296796319,0.005116165151199281,-0.03255882826101175,-0.005646704863891072,-0.016616435889083347,0.0012433921728567388,0.013253721383686523,-0.0109061868989202,-0.028223182137625757,0.0850522121973023,0.23830639565327427
2026-03-09,23868.05078125,24078.150390625,23697.80078125,24028.05078125,526900,-0.017275692308183932,-0.04569742982743086,-0.06034899423180329,-0.06482711669188113,24518.119921875,25358.68251953125,25567.12609375,-0.019988039139483993,-0.05247243176992322,-0.06019743114093046,0.01582939926495416,0.006703521852973894,0.010160875967897037,0.009321211365499618,0.2157360406091371,1.2940540806051526,23.816399619734725,-318.4834632993152,-168.98189239491916,-149.50157090439603,-0.10090759419184532,0.015190869154116212,0.11310181866647073,0.5222050935699789,-0.021549118822767,-0.055639438354739834,-0.013276795812569242,-0.024438163038642435,-0.0036483583174337086,0.00919074023945221,0.0157520619299083,-0.006834545967642325,0.12208368261757263,0.39395802487479825
2026-03-10,24280.80078125,24303.80078125,24079.94921875,24261.599609375,444300,0.009719840791548862,-0.02429449516221438,-0.0564461708328472,-0.062074554490776146,24397.3,25278.3974609375,25529.51609375,-0.005562106898099328,-0.040223983863445056,-0.0496647284546613,0.00922657887790304,-0.0007907964835256766,0.010763297917786206,0.009511161379086714,-0.156765989751376,1.0799314560723356,28.156786305097242,-347.4780682398632,-204.68112756390798,-142.79694067595523,0.06996261388585588,0.015285024572825778,0.17505038211735857,0.7051095573412702,-0.030518346038860722,-0.07449650942110397,0.008304161513105202,-0.012049875830018042,0.0016265895904750138,0.01020579079285766,-0.010661600387240178,-0.027477602415177382,0.04257420299476822,0.414055526558593
2026-03-11,24231.849609375,24299.0,23834.30078125,23866.849609375,407400,-0.01627056774308744,-0.0250669059302302,-0.06127127639184449,-0.07974894111266251,24274.569921875,25174.982421875,25486.0070703125,-0.016796190985554182,-0.05196161771153174,-0.06353123329482169,0.019470488411988156,-0.015062820456709423,0.011160424816250158,0.009839579013416715,-0.08305199189736667,0.9967216323335127,23.264411885526485,-397.724803526733,-243.28986275647298,-154.43494077026003,-0.004431614496987264,0.01638119987880586,-0.19049660302523774,0.10391131195863124,0.01661912372083285,-0.04827648109041416,-0.0021351198877325173,-0.014551825734849921,-0.00778256937484012,0.001549256428115875,0.027117561190381778,-0.01308456938064051,-0.11944708342091537,0.1715568302036179
2026-03-12,23674.849609375,23833.150390625,23556.30078125,23639.150390625,501000,-0.009540396930332928,-0.04549602405840758,-0.0723378636073776,-0.08918519809538727,24049.219921875,25059.2474609375,25439.9480859375,-0.017051261229350856,-0.056669581659471335,-0.07078621737864044,0.011711487291218181,-0.001507896326228973,0.010776809985836033,0.00984246017097751,0.22974963181148755,1.200805330521068,24.17335919567381,-450.7234676714106,-284.77658373946053,-165.94688393195008,-0.0028663647513469783,0.015976960842201526,0.11369643764563575,-0.003784291675298146,-0.02133509563661895,-0.05139115228000901,-0.0008376012017449197,-0.01364003134325642,0.010352879777325796,0.0017009472251956481,-0.012018084131618867,0.008647029165263165,0.045536287486201754,0.1686310704573426
2026-03-13,23462.5,23492.400390625,23112.0,23151.099609375,519800,-0.02064586811222946,-0.05314215692931257,-0.09199092034048106,-0.1029208782735801,23789.35,24926.44248046875,25384.1930859375,-0.02682924882878257,-0.07122327514184312,-0.08797181257652831,0.016431201845417204,-0.01327225958977091,0.011112315045587956,0.010476333821502648,0.0375249500998005,1.2310534293292914,18.855436010373495,-526.0430136659998,-333.0298697247684,-193.01314394123136,-0.05390324557215257,0.017064584480009116,0.021842402824614915,0.2049271960993546,-0.011389472309065507,-0.06696884794836033,-0.015227676506708532,-0.02314398424966979,0.0006911272799998702,0.0011484299545514443,-0.010291419737739838,0.009273949546868554,0.09719201555224743,0.181705972503855
2026-03-16,23116.099609375,23502.0,22955.25,23408.80078125,540300,0.011131271353117311,-0.025771961514382324,-0.07029167893899446,-0.08096622681205101,23665.5,24823.3275390625,25329.777109375,-0.010846980572985943,-0.05698376881933209,-0.07583865897556652,0.023356600156892116,0.01266222143100178,0.012800884263362268,0.010929312800161017,0.0394382454790303,1.2665854001594075,21.20687315550704,-558.5019033564495,-378.1242764511046,-180.37762690534487,0.0879300056179298,0.017934174682613144,0.05250925356550984,0.13933604500498675,-0.02437521812769361,-0.06966375961026772,-0.006059115470564369,-0.015998480392124925,0.0017467678053719737,0.0065695301176749155,-0.012505289285075327,-0.01880318613749643,0.031129171869220817,0.08591856355877248
2026-03-17,23493.19921875,23656.80078125,23346.599609375,23581.150390625,458800,0.007362598835607637,-0.02804634606561829,-0.05165946940902366,-0.0818292281541112,23529.41015625,24718.24755859375,25278.4691015625,0.0021989601112570867,-0.046002337555415274,-0.06714483792978532,0.013154624211986054,0.0037436864624553084,0.013415766091591777,0.010874389044763816,-0.15084212474551173,1.052945631469029,26.275968016472348,-563.8192765443382,-415.2632764697513,-148.5560000745869,0.17544721196507215,0.01757531514316367,-0.046357582990929846,-0.07534247358289548,0.012194439620375253,-0.028675616859524244,0.010130883162251969,-0.014215787284954096,0.0018800585876033171,0.006824249962365858,-0.011754943537568896,-0.01988753181333469,-0.0527808644797384,-0.013400830305498657
2026-03-18,23632.900390625,23862.25,23618.44921875,23777.80078125,382900,0.008339304375208911,-0.00373106755111996,-0.028704447162026914,-0.07570726129824423,23511.600390625,24620.867578125,25227.4541015625,0.011322087233633926,-0.034241961384985586,-0.057463322080634094,0.010253293964942681,0.006131299511696031,0.013502610449910092,0.01116265513368848,-0.1654315605928509,0.8748600543788699,28.81888426182087,-545.8728081198133,-441.3851827997637,-104.48762532004957,0.2566880849615805,0.01758962529270542,-0.08379627009151125,0.046536281079646136,0.008501611290302913,-0.03643145930852454,0.0024942548757938,-0.009642458122279929,-0.0030346599743367175,0.011642055186810829,0.0011994721853840762,-0.04461950324991448,0.02898394742751509,0.1529059628863083
2026-03-19,23197.75,23378.69921875,22930.349609375,23002.150390625,550100,-0.03262077926216955,-0.026946822938806902,-0.07121687369249285,-0.10911193586871282,23384.200390625,24480.0076171875,25162.49109375,-0.016337954414433087,-0.06036996596050448,-0.08585559732842174,0.01949163890162783,-0.008431835388130315,0.015357836963959284,0.012715082609238133,0.4366675372159834,1.2233551644001646,23.939028984046303,-587.4666568043649,-470.601477600684,-116.8651792036809,0.08479215414000534,0.02028023947246683,-0.054067789422552415,-0.11111112117415156,0.008201231526532515,-0.0073507437999847935,-0.013607567880073446,-0.022299892814198752,0.001176783971927886,0.0024542509998126683,-0.022363323276259672,-0.05462337027851105,0.0011433386487715858,0.10395415123007701
2026-03-20,23110.150390625,23345.150390625,23067.599609375,23114.5,663300,0.004884308965338757,-0.0015809015551113692,-0.05463904596589242,-0.09192337047626697,23376.88046875,24363.01513671875,25101.207109375,-0.011223929946544753,-0.051246330953390484,-0.07914787128436496,0.012007648067230526,0.00018821207571044144,0.0156665941719926,0.012760753091792506,0.20578076713324855,1.4175500085484698,27.466347012861632,-604.3972912731224,-497.3606403351717,-107.0366509379507,0.15647439246385747,0.02014381095431748,0.21794872186749825,0.05947949591400192,-0.033890920367037225,-0.02994411606594516,-0.002748797741878972,-0.009910632053241164,0.00925737528067927,0.01103559192440029,-0.05933172427837352,-0.10146701572296546,-0.0018687739383937974,0.004282837337695966
2026-03-23,22824.349609375,22851.69921875,22471.25,22512.650390625,550300,-0.026037751600726855,-0.03828262707685559,-0.0630679701995438,-0.11961087586156327,23197.650390625,24210.08515625,25028.6451171875,-0.0295288526409051,-0.07011271355180648,-0.10052460749602199,0.016899352681656328,-0.013656433768521095,0.016615192971439135,0.013404615926126776,-0.17036031961405096,1.1450151371708575,25.836668400888428,-658.7851100090629,-529.64553426995,-129.13957573911296,0.05375447409042563,0.02089840014181511,0.0004386065445818321,0.007064011042243523,-0.000448059320686256,-0.006153534258440452,-0.015138182356779217,-0.018954517594959808,-0.001761983986605209,0.007494304785846229,-0.006687428982046439,-0.09617327660369179,0.02267526855643509,-0.003950961333863301
2026-03-24,22878.44921875,23057.30078125,22624.19921875,22912.400390625,538100,0.017756683156527453,-0.02835951549954363,-0.05561048077920849,-0.10891765291389566,23063.900390625,24070.05517578125,24969.3561328125,-0.006568706829031434,-0.04809522773014063,-0.08237920638588003,0.018902496251645938,0.0014839804722068036,0.017642440050216368,0.014223951421509404,-0.02216972560421593,1.0940883444314542,33.945248026018206,-662.0002373946663,-556.1164748948933,-105.88376249977307,0.18671657676048978,0.020485004738848928,0.17185445717115866,0.23749995695220183,-0.03723396205032781,-0.05468595094125339,0.011453200463990454,-0.017670274694559063,0.008734244373767908,0.014386899447566215,-0.036634702667568186,-0.11892774527146555,-0.10364119683721551,-0.05743318445542278
2026-03-25,23064.400390625,23465.349609375,23063.19921875,23306.44921875,505400,0.01719805962740728,-0.019823177376087853,-0.023480283313339845,-0.08331289277653386,22969.630078125,23964.1451171875,24921.8191015625,0.014663672835801167,-0.02744499731667005,-0.06481749491196753,0.017254897425622032,0.010494477377499296,0.018537574737414797,0.015034968003677807,-0.06076937372235647,1.0207214121258634,35.38282595164142,-625.5409550412842,-570.0013709241715,-55.53958411711267,0.3133145400143756,0.02068801632901799,-0.07444817827152395,0.2501262570284686,0.022705084057914604,-0.0413723952638676,-0.0037425745042546366,-0.02378165424799006,-0.006939683733991342,0.010413637003233722,-0.0012025060518604525,-0.12104152623129605,0.04788382335436259,-0.040120576313096845
2026-03-27,23173.55078125,23186.099609375,22804.55078125,22819.599609375,612600,-0.02088905112938999,-0.007936248487637187,-0.03466921474364937,-0.10449918142352599,22933.119921875,23831.00009765625,24862.40609375,-0.004950059690383313,-0.04244053896759126,-0.08216447260462567,0.016720224484931275,-0.015273929110656023,0.019364639646045404,0.015395209914586037,0.21210922041946967,1.2129251970062962,34.20835339609431,-628.6843242582472,-581.7379615909867,-46.94636266726047,0.19879081246134497,0.021604382051109462,-0.004042052643285277,0.316239331914437,0.020956934430906404,-0.029243894980812923,0.005419124381509377,-0.0049512116777690185,0.011325159524443462,0.020655641428277915,0.03414352673500676,-0.07023822084608422,-0.02198157891540986,-0.06229235900135088
2026-03-30,22549.650390625,22714.099609375,22283.849609375,22331.400390625,698600,-0.02139385559374285,-0.033879149857232504,-0.03540649181164868,-0.12414033638434852,22776.5,23672.742578125,24794.3880859375,-0.019542054721972235,-0.056661883728650775,-0.09933649851634851,0.0192665928904586,-0.009678642294637848,0.019440158792703253,0.015727901867284757,0.14038524322559587,1.3441594674157735,33.77791854047672,-662.9272512173156,-597.9758195162526,-64.95143170106303,0.08428094584026596,0.021382922446683477,0.08766233364110998,0.17543860236179953,-0.026690572898612652,-0.02200891353763257,-0.03383695262244424,-0.035970708846621346,0.00010396398072831659,0.011398854100853173,-0.013136174516872545,-0.02457828137135598,0.10318865950304357,0.0364052425860204
2026-04-01,22899.0,22941.30078125,22618.599609375,22679.400390625,518000,0.015583438293735208,0.007406946632522615,-0.031159237820043928,-0.09926068161820811,22809.85,23547.780078125,24734.6641015625,-0.00571900338559872,-0.036877348294359735,-0.08309244477703126,0.014228822910520827,-0.009589921366653566,0.019857124618251284,0.016402792776963195,-0.2585170340681363,0.9891442374709988,35.196208000070186,-654.4403449747879,-609.2687246079597,-45.171620366828165,0.2116421398171836,0.022107219727487568,0.04067164864245876,0.22270933987924924,-0.038245150421848284,-0.05899070176368548,-0.003945748828622642,-0.025015025960822834,0.005007954237952417,0.01825804765270367,0.007456872565386741,-0.010688737106291257,0.03251704018081458,0.04637914536968624
2026-04-02,22383.400390625,22782.30078125,22182.55078125,22713.099609375,495100,0.0014858954897207788,-0.008698380695701724,-0.03681121433308465,-0.08656903594135934,22769.98984375,23440.15009765625,24675.0391015625,-0.002498474297326747,-0.03101731367982774,-0.0795110996222601,0.026405466903004677,0.014729630574275492,0.01960229538054514,0.01636995831112597,-0.04420849420849415,0.9475960802327362,38.422784724786354,-637.6447930614195,-614.9439382986517,-22.70085476276779,0.24291422964620676,0.022499129616253916,-0.10326279038340647,-0.06434715087206433,0.023337417611916766,0.00021187624847507358,0.03650848422240904,-0.0008631174261130026,-0.013689343520691843,-0.00437724896593783,0.06343351693686472,0.09207458329409546,-0.026827319017490026,0.13604908506563063
2026-04-06,22780.30078125,22998.349609375,22542.94921875,22968.25,426400,0.01123362266767347,-0.014510971430084618,-0.03404649524561465,-0.06177365658381162,22702.35,23364.53759765625,24622.6941015625,0.0117124438659435,-0.016961071709632347,-0.06719183915205751,0.019827387398909366,0.008250515239232361,0.01981784898065662,0.016506202378209846,-0.13875984649565742,0.8298141480976938,43.30478666403147,-596.8654002240328,-611.328230683728,14.46283045969517,0.3520825742258904,0.022699662023740845,0.020391852227689355,0.031527918102735475,0.0019456597119671404,-0.020090968724692848,0.0011208758485563575,0.004014389631505466,-0.009003626325717717,-0.0064465172344329025,-0.0277160041630361,0.06308500575022724,0.11406310283321663,0.20779645650761758
2026-04-07,22838.69921875,23153.849609375,22719.30078125,23123.650390625,477000,0.0067658785769486585,0.013324106752735876,0.005282114843033092,-0.06631093455506532,22763.16015625,23282.42509765625,24580.517109375,0.015836563636179468,-0.006819508980069,-0.05926916477254873,0.018792397427924216,0.012476681318218956,0.01706076465708594,0.016311817815874905,0.11866791744840532,0.930758949042411,49.706591686861884,-545.7172362107085,-598.2060317891242,52.48879557841565,0.43204582012610576,0.022261066322125964,-0.0019592924573780257,0.03368506267312443,0.02056987924052467,-0.02046246223618786,0.0044267825126402816,0.0030234342263242286,0.003544801793252672,-0.014090153356984825,0.0010684445138191556,0.029084286252119673,0.007799916975443688,0.24457488974671704
2026-04-08,23855.150390625,24025.150390625,23828.5,23997.349609375,639300,0.03778379295615997,0.07460119784737662,0.03819462282874375,-0.018531340889538228,23096.35,23259.7701171875,24557.3141015625,0.03901047608713082,0.03171052372707983,-0.022802350854480125,0.008194671237700974,0.005960944132462223,0.020741276249571075,0.018533579536198472,0.34025157232704406,1.2228853437392402,55.55901144761169,-429.72808471923054,-564.5104423751454,134.7823576559149,0.8390634835231409,0.022506502153831372,-0.030231588974221624,-0.07835815425013515,0.0020366901223869416,0.008448623696767132,0.0007592481161695641,0.03893952537700085,-0.0016607725571244902,-0.015829843621259387,0.0,0.042782458611574814,0.0048037831913605444,0.13358086752433795
2026-04-09,23909.05078125,23990.75,23682.80078125,23775.099609375,466600,-0.009261439434677166,0.04831253030847016,0.0560773252746698,-0.010527328004167003,23315.48984375,23247.12255859375,24527.0180859375,0.01971263605032947,0.022711501152475888,-0.03065674245144423,0.012952594260785743,-0.005602529899683321,0.018615948563487136,0.018242311353004307,-0.27013921476615044,0.8977133897049628,51.81479851573305,-351.6855519584533,-521.945464291807,170.25991233335367,0.7501165406438659,0.02272995513892819,-0.2024291435448915,-0.2936535964840773,0.05667414578047558,0.10797630859431151,0.025081414644149813,0.06921645798983511,0.0004697650114580121,-0.020273938199696695,0.019745126933107704,0.055501589772978255,-0.1641433712886997,-0.08232886681018259
2026-04-10,23880.55078125,24074.05078125,23856.349609375,24050.599609375,481300,0.011587753764504383,0.05888672277243634,0.04967612294413781,-0.008696870915241184,23582.98984375,23236.57255859375,24507.0570703125,0.01982826472483623,0.035032148081589165,-0.01862555180036074,0.009051798101122577,0.007120808463869902,0.018268275674595894,0.018301377405838194,0.031504500642949074,0.9227111950384862,52.515482120415655,-264.55609692413054,-470.4675908182717,205.91149389414113,0.9005029731693034,0.022522601014098472,0.03705581289162363,-0.18312674457383726,-0.015837297630790226,0.06556150421225526,0.006170023529293189,0.0379206394056848,-0.006304055122134167,-0.012937953872196761,0.008540526463080456,0.00101803458152383,0.03664864898063014,-0.022473031744666194
2026-04-13,23589.599609375,23907.400390625,23555.599609375,23842.650390625,488800,-0.008646321593950623,0.03806996138691465,0.02300655783479999,-0.0010139259745657325,23757.869921875,23235.36259765625,24480.4020703125,0.003568521463783947,0.026136359629266304,-0.026051519818005908,0.01475510379451477,0.010727218157167548,0.01818024465654445,0.018028074855530228,0.015582796592561898,0.9298344065362337,58.65656798106215,-209.86593624853413,-418.3472599043242,208.48132365579005,0.7997030456251911,0.02166315266903048,-0.07733724425377386,-0.26136363466501444,0.019901805248620175,0.08465772690899387,-0.0011385210916523558,0.03557819028347975,0.0021132496428377667,-0.001865212708284103,-0.006351203332555011,0.023014232223493636,-0.013282957139829188,-0.1342119517467134
2026-04-15,24163.80078125,24280.900390625,24145.80078125,24231.30078125,460300,0.016300637062472756,0.04790119085497313,0.06186353818824375,0.025049563154344145,23979.4,23264.9701171875,24458.1730859375,0.01050488257629456,0.041535865259874294,-0.009275930131426802,0.005575417126576179,0.0027934347171235125,0.016617844566288068,0.01822542218727175,-0.05830605564648117,0.8790222476845221,60.88288473470445,-133.62243519929325,-361.402294963318,227.77985976402476,0.9415692950460463,0.021596469442529218,0.08753313449013445,-0.19513150558856163,-0.005503203093212172,0.056947355681236767,0.010173274948748201,0.041502905097013265,0.022050375068006334,0.016540598782444738,-0.004177633038386586,0.017653148245003747,0.025991530953323627,-0.1185837683194374
2026-04-16,24385.19921875,24400.94921875,24102.80078125,24196.75,508000,-0.0014258739785333319,0.008309267226206618,0.08353034636189216,0.04516633802575698,24019.280078125,23317.25263671875,24433.730078125,0.00738864450965071,0.0377187388661846,-0.009698890728811138,0.012321838160083483,-0.0077280163700733555,0.013922302978597279,0.01749406873839389,0.10362806865087992,0.971207892020036,68.45104431071812,-75.12092336357091,-304.1460206433686,229.0250972797977,0.8762774762957911,0.020608570790203527,-0.08926828896127093,-0.24412957491455156,0.012533006043670358,0.0680188598155218,0.019852627309611792,0.06137362818602976,-0.0142145397558191,0.0037579556944602466,0.011788437400619856,0.029649688678633712,-0.0786233424663273,-0.19176623831729933
2026-04-17,24165.900390625,24371.900390625,24096.05078125,24353.55078125,498600,0.006480241406387144,0.024330126114252115,0.07381810637802588,0.0403587526259237,24134.9703125,23364.49013671875,24414.3880859375,0.009056587429767449,0.04233178805716298,-0.002491862768518094,0.011326874337658346,0.007765089965271798,0.013677033998213494,0.01740196178811776,-0.018503937007874005,0.9570516819425117,66.6770935841459,-15.922002214629174,-246.50121695762073,230.57921474299155,0.8933345011566217,0.01968749377743414,-0.031065876879267096,-0.08172591614211355,-0.0038284781298161263,0.006866664824709989,0.0026099558353673835,0.03810658478266271,0.0023764727559345555,0.00567093011371278,-0.0031719654737100145,0.006510007557463338,0.03724396419959519,0.0029657744776601103
2026-04-20,24391.5,24480.650390625,24241.25,24364.849609375,415900,0.00046394992773279853,0.01306620230281097,0.07272235090794155,0.03323413852877888,24197.8203125,23403.67509765625,24399.9170703125,0.006902658781572812,0.04106938366338042,-0.00143719590670921,0.009825646144472181,-0.0010926097462230695,0.013728447538422745,0.017360989869137613,-0.16586442037705573,0.8016113177726808,63.43830517469269,31.541697250660945,-190.8926341159644,222.43433136662534,0.8607147494204789,0.018759156815084433,-0.04864571922014849,-0.15761141324542038,0.008545757877181481,0.031812220796751944,0.012040463669150903,0.0441633569208173,-0.003629049552730912,0.008378172055181876,0.014828587206488386,0.012785408396897013,-0.11447886458755663,-0.14325129129467162
2026-04-21,24374.55078125,24601.69921875,24354.900390625,24576.599609375,425800,0.008690798564113589,0.030783038241360527,0.0700249087054956,0.03359431073856478,24344.61015625,23443.6150390625,24376.898046875,0.009529396923427136,0.04832806580489768,0.0081922466966875,0.010042025017604796,0.008289335460509289,0.01366737068362174,0.017368156441616964,0.023803798990141845,0.8173136906761361,73.98373897037652,85.26064472630605,-135.6619783475103,220.92262307381637,0.8977443669197214,0.01785611683079096,0.09180720018051658,-0.0031829954762953028,0.00029438942645443333,0.01197582952904308,-0.002374372617670484,0.04287145518538038,-0.004778134161322445,0.0014437053111822085,-0.010410749231919647,0.008647679990861468,0.06869412332795921,-0.07207206281937772
2026-04-22,24470.849609375,24515.94921875,24352.900390625,24378.099609375,440500,-0.00807678861823835,0.006058231435870365,0.05424961879109658,0.05981828635077502,24373.969921875,23512.4125,24348.9400390625,0.00016943023697968407,0.03681830222122051,0.0011975704184954417,0.006688332180835658,-0.0037902239391176124,0.01446319227034497,0.015583716423365767,0.0345232503522781,0.854518472536106,80.33765701375387,110.541750073593,-86.42123266328966,196.96298273688265,0.7951001761604753,0.01708719297588405,-0.06705695409735823,-0.14487801528558497,0.013946003205228763,0.031766870323507224,-0.006348217959672997,0.025815180011089733,0.005618527398106643,-0.014656841997514047,-0.02261425435886688,-0.010026388737391367,0.02812182374625838,-0.07014538200642595
2026-04-23,24202.349609375,24310.19921875,24134.80078125,24173.05078125,467500,-0.008411190019346093,-0.000979438096025298,0.0073216907173099255,0.04579596276147013,24369.230078125,23565.3400390625,24319.5450390625,-0.008050287031887038,0.02578832901117245,-0.0060237252620145565,0.007255949573235045,-0.001210577840494083,0.009488839808905875,0.015782504854243238,0.061293984108967026,0.9244520026497661,73.11974760065229,112.73197737475857,-46.59059065568001,159.3225680304386,0.7049448279049254,0.0161488704942716,0.04392461610122078,-0.019817934532480486,-0.004305277335042046,0.014608730450953678,0.010460084168953943,0.01636772351140614,0.005360687982266965,0.004909602726965723,0.007076850083195918,-0.014636391124246417,0.009009029152271086,0.018293330618876835
2026-04-24,24100.55078125,24206.0,23813.650390625,23897.94921875,438400,-0.011380506539678703,-0.01870780842565145,0.005167154350283365,0.061534239820198344,24278.109765625,23634.60498046875,24283.6300390625,-0.015658572703763918,0.011142316044582712,-0.015882338006801167,0.016417710397809697,-0.008406511715807844,0.009757615058585087,0.014697486534499806,-0.06224598930481284,0.8766071464277859,67.06464470867546,91.21784873749857,-19.02890277704429,110.24675151454286,0.5938611847270424,0.01571486948374348,0.015847045225009904,0.02763957964524799,-0.01434498240170401,0.0038975860206749147,-0.004132868267081369,0.009532374686913592,0.0018980015854843657,0.004429922400380093,-0.00610140963601935,-0.01753214402423864,0.03108863401582318,0.012250459423450266
2026-04-27,23945.44921875,24130.69921875,23936.19921875,24092.69921875,430300,0.008149234824183171,-0.011169795627233525,0.0017504598662310134,0.051513538869892406,24223.6796875,23693.619921875,24248.1380078125,-0.005407125194839324,0.016843323147365474,-0.006410339177895574,0.008072985024800855,0.006149393926788346,0.009378997567064937,0.014345766176972823,-0.01847627737226276,0.8697849288486417,66.48148360205204,88.85814283950458,2.548506346265482,86.3096364932391,0.6452334611282512,0.014927740155056326,0.06024738691187426,0.14526438890142468,-0.0038229286919456706,-0.008414095915431297,0.007973689797975636,0.0054756792968919665,0.003330481408167163,0.011445744308736572,0.0035774560422840995,-0.028424500478865022,-0.0151277722621318,0.1258199552026693
2026-04-28,24049.900390625,24181.80078125,23957.05078125,23995.69921875,554100,-0.004026115924964935,-0.02363632072206645,0.006419119754621727,0.029573359439304836,24107.499609375,23728.082421875,24209.348984375,-0.004637577203631893,0.011278483954872076,-0.008825093386975902,0.009366261760123356,-0.0022536963145231323,0.009000155239927669,0.013990605202210741,0.2877062514524751,1.1145417425149098,63.004592059343175,78.25885026598553,17.690575130209492,60.568275135776034,0.5978420844308197,0.014363570731948268,-0.06747843660499286,-0.02182020940839513,0.0031119907157723947,-0.005621024444321443,0.0012323767534654362,0.00911080922384877,0.00145992490332425,0.017785494780724553,-0.009955853952519855,-0.027977885776886757,0.020868656661653384,0.07543803247613834
2026-04-29,24096.900390625,24334.69921875,24059.94921875,24177.650390625,531100,0.007582657634449097,-0.008222512089207878,-0.0022140945345581198,0.05951247193189446,24067.409765625,23795.9849609375,24173.825,0.004580493957328624,0.016039068368635556,0.00015824515255657978,0.01136380068207685,0.003351053400686178,0.007637663382789257,0.013000634660627994,-0.041508752932683635,1.0771071631378275,53.38770950704742,83.57734586061997,30.86792927629159,52.70941658432838,0.6455213731619653,0.012593670048292437,-0.017954294819036876,0.029663350259374388,-0.015355193377572518,-0.03435676949233857,-0.004894172187521972,0.010587476736859003,8.701934460275673e-05,0.012187061072779892,-0.018173357781551047,-0.023561359651577685,0.03694093034276702,0.08466301187769143
2026-04-30,23996.94921875,24087.44921875,23796.849609375,23997.55078125,505500,-0.007449012061355398,-0.0072601510495368116,-0.008232478277041322,0.07461020632295279,24032.309765625,23879.29248046875,24137.63203125,-0.0014463438892884373,0.004952336878405239,-0.00580343796022087,0.012109552846620252,2.5068290744640553e-05,0.007975508417395792,0.011957004751525056,-0.04820184522688764,1.0456637534260744,54.24695149462713,72.42488957167734,39.17932133536874,33.2455682363086,0.5529407732160102,0.012885383043763465,-0.033794943423070656,-0.04699446660420015,5.8663887652965485e-05,-0.03012453826312189,-0.0003991720531409948,-0.00027314855320537124,0.004105741562893339,0.01092359359964945,-0.010177046987588367,-0.04029034294130018,0.06954865332750537,0.14974180621813726
2026-05-04,24063.55078125,24290.19921875,24004.75,24119.30078125,419100,0.005073434414612388,0.009262366426251,-0.00961872057607105,0.06348935006325007,24076.580078125,23951.2875,24110.5960546875,0.0017743675798795877,0.007014791219470018,0.0003610332379488934,0.011834887807854867,0.002316781945723474,0.007844195051066528,0.011632482002756168,-0.17091988130563796,0.8758986791506437,51.39341917931076,72.5741059883585,45.858278265966696,26.7158277223918,0.5868939483750365,0.012801674535113508,0.058486153622710146,-0.006993064392048276,-0.009751171129020464,-0.025604270269070195,0.010238239941821936,0.01415365830052373,0.002864403534758031,0.011898701374967402,0.014929320981311056,-0.019983044526619365,-0.01693485783221116,0.09619198088138181
2026-05-05,24052.599609375,24081.69921875,23882.05078125,24032.80078125,363300,-0.0035863394542201554,-0.002486165495868775,-0.01362819116261793,0.05810308564535527,24064.600390625,24017.27255859375,24077.5970703125,-0.0013214268618143565,0.0006465439661544892,-0.0018604966654970356,0.008307331272673073,-0.000823147121165356,0.007868272802338717,0.011725501923423507,-0.13314244810307807,0.7698828116722117,54.0565382862181,64.9636731981409,49.67935725240154,15.284315945739358,0.5100658372204181,0.012081684817896413,-0.008667381113073303,-0.07153728629662359,0.0002761121416861023,-0.021594854674873765,-0.0011457559212064705,0.004978300519473677,-0.00014331750196061588,0.008395236991962873,-0.02080099596885321,-0.04378917545878136,0.012848562653870355,0.12733047085567306
2026-05-06,24171.0,24356.5,23997.900390625,24330.94921875,429200,0.01240589643353629,0.013971253637736769,-0.009995296116200425,0.05932969289127388,24131.650390625,24085.40751953125,24049.708046875,0.008258814664513281,0.010194625065805374,0.011694161580957152,0.014738414278496571,0.006617401793471515,0.008460136195352047,0.011772229522606172,0.18139278832920458,0.9092642416795542,52.21121574392544,82.04467758531246,56.15242131898373,25.89225626632873,0.703365427679168,0.011699807029925258,-0.021311442945780246,-0.025571236932248498,-0.0060396916597574846,-0.030521129315664974,0.008120017337603702,0.011891709923273375,0.0037554085391529046,0.010706617315230593,0.0077648063946933465,-0.026674092954964368,-0.03899644425186555,0.06122230702845588
2026-05-07,24398.5,24482.099609375,24284.0,24326.650390625,440600,-0.00017668148029703623,0.006162716293464765,-0.0021104688049684572,0.052024657857988155,24161.450390625,24145.55751953125,24019.8540625,0.006837337880349237,0.00750004927189063,0.012772614160215578,0.00814331632978717,-0.0029448371569973566,0.008083429368764076,0.01175616743897245,0.02656104380242308,0.937028136364603,52.921738748435,94.14932233924628,63.75180152303625,30.397520816210033,0.7217470488550078,0.01140810844863234,-0.06867669194391735,-0.07590022104111016,0.026289230663464558,0.010481868839674835,0.014588330317794274,0.03170285183671817,-0.0008020285379277681,0.009808128923117998,0.027536347748166712,0.018639854214922424,-0.07030404857746886,-0.0485339583639518
2026-05-08,24233.650390625,24253.80078125,24126.650390625,24176.150390625,335900,-0.006186630612244115,0.007442409894369062,0.00012822582482652223,0.007450855371967657,24197.1703125,24154.49755859375,23994.290078125,-0.0008686933886703496,0.0008964306534930966,0.007579316241816958,0.0052593315548825435,-0.0023727337430866123,0.007859297496073133,0.008488137850197435,-0.23763050385837492,0.7381768635724332,45.99854266579379,90.55439361552999,69.11231994153499,21.442073673994997,0.526900831995433,0.01125502746345666,-0.003597090218503518,-0.04701832968541986,0.0011851806160134704,0.011620126793990826,-0.003803095327784889,0.02818961209971582,-0.0060409627386595055,-0.0003961992281571458,0.0035362244311012425,0.03275236267538095,-0.002839758805860182,-0.11293038926830834
2026-05-11,23970.099609375,23997.44921875,23799.099609375,23815.849609375,390100,-0.014903149402549887,-0.012581259076585583,-0.0034354248820055444,0.0017139780976536123,24136.480078125,24156.53505859375,23959.1820703125,-0.013284060795616615,-0.014103241561440272,-0.0059823603542419335,0.00832847085568262,-0.006435100500778517,0.00848233484829365,0.008909585281518416,0.16135754688895498,0.8645545914918609,39.30116211619944,57.963952451758814,66.88264644357976,-8.918693991820945,0.0684326104506911,0.011838141909289219,0.013237021795760695,-0.0877572596007008,-0.01314686634512896,0.008151146548904364,0.008425703533400997,0.02634486792650148,-0.0037523607995186836,-0.0069914505443291475,0.00420308080816989,0.021837760394776362,0.006433927075829571,-0.09184354767209801
2026-05-12,23722.599609375,23757.55078125,23348.400390625,23379.55078125,447500,-0.018319683541890175,-0.027181600927248306,-0.029600188464769306,-0.02790154254047883,24005.830078125,24122.9826171875,23912.5130859375,-0.02608863325437305,-0.03081840449562845,-0.02228800890864635,0.017500352956017085,-0.014460844670220274,0.009604346746501485,0.009381450545660183,0.14714175852345557,0.9954952449808131,28.549419119463934,-3.034891757197329,52.89913880342434,-55.93403056062167,-0.20782265501807753,0.012733185181313179,0.1015438877065491,0.01366120275533711,-0.015741162064962566,-0.00799222942500255,0.0018799566475542484,0.02945385463319794,0.0018280823857736994,-0.005033553000427848,-0.0004227703970718366,0.04310334613716771,0.02777197208898463,-0.07846268199389739
2026-05-13,23362.44921875,23582.94921875,23262.55078125,23412.599609375,415400,0.0014135784059419176,-0.037744092970581566,-0.02430017162906306,-0.018037037586186244,23822.16015625,24101.480078125,23872.2720703125,-0.01719241849558073,-0.028582496449055972,-0.019255496903838876,0.013684872369820236,0.0021466238473297912,0.009690821574474639,0.00923951963059495,-0.07173184357541895,0.9316930392167857,31.608100626834215,-48.15504960031467,32.68830112267654,-80.8433507229912,-0.07126806086857115,0.013010227043953375,0.03935317949374961,0.07649362651621439,-0.016250934409175688,-0.018183413187224717,-0.0016026088601545085,0.019525478205485225,0.010231395547356525,0.0013857297546659986,-0.008881933357000271,0.02587286753037099,0.04190884697808839,-0.0008799876879308499
2026-05-14,23530.25,23777.19921875,23426.55078125,23689.599609375,428700,0.011831236369372666,-0.026187361228141248,-0.020186030212399952,-0.022355430967790357,23694.75,24074.39501953125,23836.4140625,-0.0002173642104263962,-0.015983596258351218,-0.006159250831104357,0.014801788264974865,0.0067721171417643245,0.010254548025447275,0.008848151270839051,0.03201733269138174,0.964942884474706,41.03640452367761,-60.85995902612194,13.978649092916845,-74.83860811903878,0.19294452926117675,0.013223844357463368,0.007780062924695352,0.1648681024991756,-0.0018495082213291214,-0.045102803690060034,0.005849246488426552,0.01074386860681864,0.0025327233746526012,0.004727783154397924,0.004267394790902879,0.002641584717835377,-0.01135255097518939,0.06247365058497101
2026-05-15,23731.400390625,23839.30078125,23610.30078125,23643.5,408900,-0.0019459851637491088,-0.022032059778696267,-0.014753621504017378,-0.022864640912519274,23588.219921875,24046.73251953125,23799.353046875,0.0023435459864327157,-0.016768703157642673,-0.006548625358346216,0.009685537251252986,-0.003703969811226341,0.010075116075374129,0.008849946658102235,-0.04618614415675293,0.9307566238732586,44.84450164069882,-73.79784882239255,-3.5766504901450347,-70.22119833224752,0.1908544552307405,0.012756138003422866,-0.04220276283813473,0.11973523890688043,0.012586031745938975,-0.03422905027232115,0.007655604577358366,0.022369894161615944,0.000656651409686404,0.011497960559527565,-0.004546792813851397,-0.005434226620589788,0.001484869638324282,0.0670815396490334
2026-05-18,23482.19921875,23695.650390625,23317.099609375,23649.94921875,392000,0.0002727692071817778,-0.00696596566345864,-0.019459584121313656,-0.028891128395195143,23555.03984375,24011.55244140625,23768.7790234375,0.004029259794488649,-0.015059552002672283,-0.004999407187484262,0.016006409897484253,0.0071437090894815106,0.009841980587234466,0.00867657775695268,-0.04133039863047194,0.9032466185856817,40.28820745178549,-82.57890344827683,-19.377101081771396,-63.20180236650543,0.22537777623475913,0.013193013123022552,0.009672235318233025,0.11579576872152142,-0.007733341627570334,-0.02893117490510433,-0.012363320128051747,0.0012934064778817866,0.0001473327040335537,0.015457349641559315,-0.02633767474608395,-0.03568188344211898,0.0420085013039424,0.10479983433131657
2026-05-19,23675.30078125,23782.30078125,23587.19921875,23618.0,442000,-0.0013509212410769411,0.010199050485659056,-0.017259776961727313,-0.030652748584486633,23602.7296875,23974.2099609375,23743.8250390625,0.0006469723079567391,-0.014858047940594976,-0.005299274184150882,0.008260714814971632,-0.002420276801525588,0.009825287390111664,0.008665222219630337,0.12755102040816335,1.0154033471553774,41.47172706986426,-91.06623260304696,-33.71492738602651,-57.351305217020446,0.22961653608818328,0.013121193363793355,0.044704534556201825,0.05822102254044048,-0.0032275261184667725,-0.016585233687321788,-0.0007356678561787344,-0.0013206867096628994,0.0027207098222001846,0.016362120736268748,-0.0008548855580426951,-0.03609875616172764,0.030734258674256942,0.1079841337844325
2026-05-20,23457.25,23690.900390625,23397.30078125,23659.0,344100,0.0017359640951817301,0.010524264487329127,-0.02761705730050923,-0.03733631275113303,23652.009765625,23928.32998046875,23727.3950390625,0.0002955450485717659,-0.011255694847429276,-0.002882534679845783,0.012409637320892683,0.008600752432616782,0.008630421098440769,0.008368369162576047,-0.22149321266968325,0.7979870596693026,37.4930176346525,-93.40740236701095,-45.6534223822234,-47.75397998478755,0.27848100530521025,0.012961387202393532,-0.048395257066008,-0.031120350627649285,-0.002388097250499599,-0.002727107421511832,-0.006678320788135905,-0.006397831890209593,0.003124965468292773,0.009212564329829975,-0.010267618404453671,-0.03744638929017263,-0.008190750865521235,0.05470734313168202
2026-05-21,23830.05078125,23859.900390625,23596.599609375,23654.69921875,348200,-0.00018178203854768427,-0.0014732368296840326,-0.027622017872791726,-0.02967419127070936,23645.0296875,23892.1599609375,23705.171015625,0.000408945616808154,-0.009938856201186397,-0.0021291471317264055,0.011131013707470586,-0.007358421688214379,0.008630251416525247,0.008245352357649416,0.011915140947398983,0.8162308512758002,40.966391311597235,-94.52026262519212,-55.42679043081714,-39.093472194374975,0.29554410702464473,0.012608936597348653,-0.012847953276085677,-0.05095212329227017,0.002865628562288336,0.001983883694389066,0.010792026370445518,-0.0015152345980118387,0.0030705335920893084,0.00975395795819467,0.005342172444495308,-0.036416254172233264,-0.08824343326587436,-0.02732126904129506
2026-05-22,23671.19921875,23835.650390625,23671.0,23719.30078125,336100,0.002731024474358801,0.003205988167995333,-0.018896706133667895,-0.018770903354571766,23660.18984375,23869.4724609375,23690.548046875,0.002498328960602869,-0.006291369863044016,0.0012136795787969223,0.0069416207561715055,0.002032071212594023,0.00869770064111255,0.008127442857865907,-0.034750143595634664,0.8001904648532825,39.13336460320863,-89.16160670068712,-62.17375368479114,-26.98785301589598,0.36823830712133987,0.012238228657733738,-0.03362260419072616,-0.042450343343240715,-0.002292676235127633,-0.012739038743636688,0.0017153304306989359,-0.007401445333909629,-0.0003883994348455877,0.008699406204556448,0.001587589712384263,-0.030478264068530492,-0.019438261964021653,-0.04764257963882956
2026-05-25,23940.25,24054.44921875,23922.849609375,24031.69921875,351200,0.01317064277657587,0.016141683708028598,0.009063275630109446,0.005596714545491599,23736.53984375,23876.1599609375,23690.621015625,0.01243481050494033,0.0065144168101975986,0.014397182872498027,0.0054760842409480315,0.0038198940591681373,0.008553682135340865,0.00831554920855256,0.04492710502826536,0.8449111664441317,49.973345784569666,-59.02646978888515,-61.54429690560995,2.5178271167247956,0.6353953493225054,0.012370118708304845,0.005050513699729864,-0.046833476595950274,0.011526198703759594,0.00642334280010326,0.0037269732409066503,0.00876968547529855,-0.003671468825434232,0.004847950814706348,-0.0042487186984039305,-0.008483243354674985,0.0025947068392238037,-0.08366533720375668
2026-05-26,24004.099609375,24089.80078125,23885.44921875,23913.69921875,387900,-0.004910181295375682,0.012520078700567261,0.022846822100978104,-0.0074296366038012485,23795.6796875,23867.2099609375,23683.6630078125,0.004959704147975863,0.0019478295908315069,0.009712864554001444,0.008545376465209288,-0.0037660396388995727,0.005811031468145439,0.008179372335742903,0.1044988610478359,0.9379874016128837,38.939672257439234,-44.156758877488755,-58.066789299985714,13.910030422496959,0.5410903836262996,0.011970429662335143,-0.06755997179126128,-0.14926125945451774,0.022907942307400564,0.03281185792069041,,,-0.004724765493084315,-0.0026133198463250684,,,,
2026-05-27,23880.349609375,23983.19921875,23858.25,23907.150390625,531600,-0.00027385257567613674,0.010488625496639647,0.02112327505280409,-0.0036901957854100775,23845.309765625,23862.78251953125,23684.4690234375,0.0025934083309393507,0.0018592916001072268,0.009401999553679596,0.0052264371415423,0.0011222943419336915,0.005863144367648427,0.008133299611862812,0.37045630317092026,1.288977256195141,38.89327858849324,-32.52590318334842,-52.95861207665826,20.432708893309844,0.5394143020093958,0.011755153666189533,-0.03413183090612759,-0.13650969500801535,-0.003630615914717805,0.03152549795790782,,0.022507347681400836,-0.0048756805476358744,-0.01056819889291194,,-0.00197295403432729,,-0.1287927780065582
2026-05-29,23902.150390625,24002.80078125,23484.75,23547.75,1198000,-0.015033175629577955,-0.004521267328786216,-0.005987843260924719,-0.026053002688352533,23823.919921875,23831.2875,23682.641015625,-0.011592127692698573,-0.011897699610228685,-0.005695775886481624,0.02200001194381629,-0.014827134162958173,0.006964124244736507,0.008562003749232086,1.253574115876599,2.6875147218826063,35.01951358967172,-51.712860473595356,-52.709461756045684,0.9966012824503281,0.24645063849333296,0.012899327515746878,-0.07129570231642945,-0.18763562318942817,-0.004338978013131545,0.024114998312052993,0.00016487914469087706,0.011757029277876141,0.0068470301302165915,-0.00684305131210039,-0.01197163775891441,-0.01916078453158354,-0.05549045817809506,-0.09749645453673716
2026-06-01,23654.5,23733.69921875,23357.94921875,23382.599609375,421700,-0.007013425513053284,-0.014195240196168024,-0.0110347618002834,-0.025625580605312392,23756.5796875,23800.53994140625,23687.271015625,-0.015742168403214185,-0.01756011977291949,-0.012862241752079728,0.016069641796772123,-0.011494658125303854,0.007253053685492217,0.008546035818822408,-0.6479966611018364,0.9549906584385438,38.61214641408697,-79.33044665713896,-58.03365873626434,-21.29678792087462,0.14433729697138706,0.012986461370221296,0.0807744344991248,-0.09147021260836674,-0.011205272305257696,0.014966500459121068,0.007938475870548523,0.018042558661038655,0.0014931832247984111,-0.004973618332431373,0.032506092264785735,0.01111722619702804,-0.014884976209761924,-0.09330563576691886
2026-06-02,23229.150390625,23556.94921875,23229.150390625,23483.55078125,511900,0.00431736306319519,-0.022809391566965154,-0.007035889843183152,-0.02635855847422508,23646.95,23768.75244140625,23688.766015625,-0.0069099490103374794,-0.011999016812485941,-0.008662976967210523,0.013958656898969675,0.010951773368675286,0.0074473677808957976,0.008518160994537206,0.21389613469290958,1.1472048227872214,53.31865797779251,-92.01102101994911,-64.8291311930013,-27.18188982694781,0.25570198162819907,0.012505868528842721,0.02161830573961132,-0.07649352001991905,-0.01099016329215885,-0.007626441935602801,0.0026252961308912415,0.01692516895866092,-0.010882079364663233,-0.012174804979174114,-0.01887659379762685,-0.003736379088972064,0.054945089494299326,-0.04596267993939129
2026-06-03,23415.94921875,23459.650390625,23151.5,23405.599609375,450100,-0.0033193946094914883,-0.021247219208001655,-0.008993157364086679,-0.026097714435528108,23545.330078125,23737.3923828125,23685.255,-0.005934530044232278,-0.013977642029363802,-0.011807151353236511,0.013165669573428568,-0.00044198974290193165,0.007492923155183051,0.008514598610113716,-0.12072670443445987,0.9989901343898081,49.78285157565902,-107.11571241081037,-73.28644743656312,-33.82926497424725,0.2194517587961012,0.012583079000061382,-0.07134227288599126,-0.08023958353558458,0.0013337572384146679,-0.028556625301815464,0.0012920889411551784,,0.005772458642558265,-0.0017561568309503173,0.0030180188282420417,,0.017361093864397548,
2026-06-04,23282.44921875,23465.30078125,23247.30078125,23416.55078125,412500,0.00046788683297016576,-0.020521040833347715,-0.01024765284881013,-0.03758170013339812,23447.21015625,23691.6724609375,23678.03,-0.0013075915981342057,-0.011612590041548021,-0.011043115442880946,0.009309654612948207,0.0057597704279326555,0.007454407234510067,0.00790047341489053,-0.0835369917796045,0.9172373921551188,39.855157650302964,-116.85558269668763,-82.00027448858802,-34.855308208099615,0.2438349921593021,0.01213001483063707,0.05989590172733639,0.009299537116143064,0.008774157421850948,-0.01646218014430456,-0.007372041104846239,0.00459629026470143,-0.0030182576602431066,0.0001070887206422455,-0.011725923393240967,-0.00786262663070414,0.024104036426452202,0.022686092952012515
2026-06-05,23478.94921875,23516.349609375,23282.650390625,23366.69921875,366200,-0.0021289028843615165,-0.007688665849178822,-0.012175170664259216,-0.039460885755358444,23411.0,23643.67490234375,23685.3209765625,-0.0018923062342488528,-0.011714578412101884,-0.0134522879435659,0.010001379166231323,-0.004780878349971409,0.0074559596973997454,0.007890326187444154,-0.11224242424242425,0.8210762331838565,39.7443504991707,-127.131610468281,-91.02654168452662,-36.105068783754376,0.20203506402625993,0.012170258369777752,-0.02395579403400583,0.06074771888481467,0.002249703945535364,-0.009953722199030901,0.004054961568363158,0.008503608401074336,0.009463242629208723,0.0027057880141219126,0.008529427228995967,0.012723698160866492,-0.031035157589273332,0.04916554573012433
2026-06-08,23080.69921875,23267.30078125,23070.150390625,23123.0,375700,-0.010429338627102713,-0.011102256109749131,-0.02513989711371989,-0.0435615419993991,23359.080078125,23591.0173828125,23685.4909765625,-0.010106565726707761,-0.019838796064534314,-0.023748335093374373,0.00852615969489253,0.0018327339587544313,0.00783688751719084,0.008064450773608798,0.02594210813762965,0.8386347909551553,33.39537036353207,-153.17422961447664,-103.45607927051663,-49.71815034396002,-0.021013244222353247,0.012045214045539075,-0.0062932900760916954,-0.024706643546004825,0.0034690828688588304,0.004739206790522532,-0.026445361894386843,-0.025899507748118222,-0.0038912376582503905,-0.002685152308759209,-0.03101003225582688,-0.049575483412257815,-0.02687016310618695,0.03640110214009051
2026-06-09,23259.05078125,23279.400390625,23104.44921875,23242.099609375,402600,0.005150698844224255,-0.010281714810682852,-0.032856586718551295,-0.02409109939013665,23310.78984375,23562.3298828125,23700.0799609375,-0.002946714154064445,-0.013590772857784872,-0.019324000269929198,0.00752733938909853,-0.0007287989537674934,0.00631610848875837,0.007636356383652075,0.07159968059622046,0.897428752939603,38.77174784344703,-162.33159224765768,-115.23118186594485,-47.100410381712834,0.1532738120091781,0.011921563688986338,0.07853076173452767,0.029625135670830804,-0.00793632589398352,0.007841612905433948,0.0029781310549599205,-0.02555671101782886,-0.008769117033543883,-0.0005546796305530011,-0.00043522837577159024,-0.03171113963502914,0.00839410347410463,-0.009331603474155958
2026-06-10,23233.94921875,23425.349609375,23184.599609375,23214.94921875,380000,-0.0011681556778996294,-0.008145503375552754,-0.02921965328777454,-0.007040407407314597,23272.659765625,23554.0998046875,23706.1309375,-0.0024797572540566915,-0.014398792089265311,-0.020719607094256465,0.010370472824707006,-0.0008177688528589377,0.006322093585867018,0.006488277121116438,-0.05613512170889223,0.8534722846105471,36.625417084339276,-169.82207456285687,-126.14936040532726,-43.67271415752961,0.14743479319140504,0.011772896683313546,-0.08514390513656922,0.014322934371497231,0.0209151233497491,0.027550241983281154,-0.0025763939780845124,-0.029321463841534556,0.007772476189052746,0.0014327561560647517,-0.0176467895960305,-0.05166043608154258,-0.033954063525695966,-0.05930039527846598
2026-06-11,23104.400390625,23327.44921875,23072.05078125,23161.599609375,363000,-0.0022980713363744965,-0.010887648409736883,-0.031185263365489213,-0.010720723208348604,23221.66953125,23541.5498046875,23703.2339453125,-0.0025868046134307487,-0.016139557440557506,-0.022850651400021738,0.011026804789278186,0.0024756850549218124,0.0062592289592355846,0.0064887665907033265,-0.044736842105263186,0.8201165785549681,35.5743199616941,-178.01120106122835,-136.52172853650748,-41.48947252472087,0.12663187729565364,0.011775643743764469,0.0032092548767463924,-0.03992632339000979,-0.0017066776354528468,0.016874329520532028,-0.016199450298948426,-0.037953677510128236,-0.003427826870823547,0.0010213584283333965,-0.035717642110932535,-0.07468268932581468,0.020748320797886022,-0.06238281684216318
2026-06-12,23412.55078125,23645.349609375,23313.900390625,23622.900390625,351900,0.019916620139797336,0.010964371539024187,0.003191404300835643,-0.0028155485888248233,23272.909765625,23538.21484375,23719.2999609375,0.015038541743368494,0.0035977896980359247,-0.004064182773996561,0.014030843514945318,0.008984480646314668,0.008306582858995321,0.0074755452160584195,-0.03057851239669418,0.8019964446875427,47.711077370843775,-145.5996429638144,-138.33731142196888,-7.262331541845526,0.5837487644424832,0.01246126548354549,-0.0012796198091638011,-0.017621188206151883,0.0013874555613317963,0.01599949938177958,0.017518885564244746,-0.025053070409608358,0.002980302926658851,-0.005407366099320465,-0.004669345462337993,-0.08679245283018866,-0.025769185008116646,-0.05728720742268578
2026-06-15,23984.849609375,24011.400390625,23817.80078125,23853.900390625,398900,0.009778646829145199,0.03160923715024011,0.020156047194215265,0.008898868214308298,23419.08984375,23548.73486328125,23749.7499609375,0.01856650065292964,0.012958892658797794,0.004385327418553908,0.008116056754017805,-0.005459663949646599,0.008349928119887278,0.007777967094669947,0.1335606706450696,0.9101487633476316,45.60861364502482,-100.11936647195034,-130.69372243196517,30.574355960014827,0.7915982032439357,0.01250034813044564,-0.05701469629871103,-0.06776438868962797,0.029687337171000472,0.042545143587861656,0.0050255138730570525,0.0064628122127510235,0.0012086485375768508,-0.0003152421909061731,0.030335392486023238,-0.028978536563322166,-0.03226544134756104,-0.06251384586786213
2026-06-16,23923.900390625,24002.599609375,23888.19921875,23989.150390625,327300,0.005669932287180934,0.03214213835262392,0.021529947241994085,0.014342575061686569,23568.5,23565.694921875,23775.9449609375,0.01784799162547479,0.017969148380891697,0.008967274698767236,0.004768838777621231,0.002727398080355215,0.008401912815882335,0.007863854764823236,-0.1794936074204061,0.7523359652449747,51.84779499620693,-52.55653598433855,-115.06628514243985,62.5097491581013,0.8794964482146409,0.012264164714063738,-0.025135861334720344,-0.15736935978384126,0.006758802190972801,0.05798803784883577,0.016528391294663436,0.020060150584148895,-0.006785740122191242,0.0016850502750993535,0.026611375428490236,-0.0027042684492800673,-0.04865689664300343,-0.11555315114038966
2026-06-17,24044.5,24108.19921875,23969.69921875,24085.69921875,352700,0.004024687267071059,0.03750815872113655,0.029057132512110062,0.01980265978279272,23742.65,23589.0798828125,23803.396953125,0.014448649108250278,0.02105293374750694,0.01185974700085568,0.0057503001570401524,0.0017134570795816091,0.008187594629525502,0.007880420136063049,0.07760464405743961,0.8191276882344745,54.18803434465785,-6.99137440163031,-93.45130299427794,86.45992859264763,0.9108246165985463,0.012255189355587202,-0.06898959571254626,-0.1424903901091118,0.0017194006676140017,0.03809525292375149,-0.005684179609759754,0.016881833708259686,-0.0038754892491330573,-0.00989255590211402,0.0006433965954288912,0.015864128767551167,-0.05820429657265869,-0.13775503760634222
2026-06-18,24073.80078125,24189.25,24036.94921875,24168.0,340000,0.0034169978003351087,0.0434512472194557,0.03209051690702869,0.021514011581216463,23943.930078125,23614.5298828125,23827.391953125,0.009358109597877196,0.023437693654462022,0.014294810256408663,0.006301753610145647,0.003912935045278248,0.008143314736389918,0.007897513005144564,-0.03600793875815145,0.790008713331397,66.72234321750082,35.3528045381172,-67.6904814877989,103.0432860259161,0.9209795751514673,0.011132481160522179,-0.01272455693582153,-0.1561100778114035,0.005024723770748363,0.04509503514081592,-0.012148282108228825,0.02106922650824483,0.0015505737485246307,-0.00494644999445959,0.006200624794582499,0.060024704081442115,0.009730412019390844,-0.1470620686803139
2026-06-19,23991.19921875,24047.19921875,23901.900390625,24013.099609375,447900,-0.006409317718677587,0.016517837026686744,0.027663316267892535,0.015151340006932523,24021.969921875,23632.44990234375,23845.1809375,-0.00036925833013889964,0.016107077709006434,0.007042038066942258,0.006050815200394771,0.0009128510177967279,0.008556183602775215,0.008071332270257045,0.3173529411764706,1.0288037486218302,67.09316265021963,55.76883602750968,-42.998617984737194,98.76745401224687,0.7794444878649407,0.010878130611118149,-0.039423769570297806,-0.18834078443593705,0.006577227854478673,0.05051132553566484,0.010846212235623431,0.014373270795718263,-0.0003130115936503808,-0.008213736794764892,-0.03092618866575425,0.032061230516225114,-0.00247431226905781,-0.12666743502815025
2026-06-22,24106.599609375,24168.05078125,24073.150390625,24102.900390625,252800,0.0037396580495980825,0.010438544469560274,0.042377736047441994,0.016172467009577085,24071.769921875,23651.6298828125,23847.291953125,0.0012932355556336539,0.019079890478940653,0.010718551943022847,0.003937301697596203,-0.0001534525320842589,0.007192976433151737,0.00808727974261338,-0.43558830096003576,0.5862776701956192,66.89300269024852,78.29235508868805,-18.74042337005215,97.03277845874021,0.8167824352083826,0.010325370338611094,0.02367799439055851,-0.1188858674085631,-0.004796972895192653,0.01532961845810843,,,-0.005471334908559555,-0.014830854845026886,,,,
2026-06-23,24071.30078125,24135.5,23784.94921875,23824.099609375,340100,-0.011567105067506356,-0.006880226209032503,0.02504076696088342,-0.008638573888817058,24038.759765625,23641.24990234375,23848.271953125,-0.008929751715267775,0.007734350247408983,-0.0010135889005925547,0.01471412506653788,-0.010269539403851157,0.008722915530836903,0.007992260064200436,0.34533227848101267,0.7897547835779305,60.28759086238849,72.80624809857181,-0.43108907632735693,73.23733717489917,0.6315868899064191,0.010501668706960602,-0.01002313891784512,-0.1052264939889278,0.004331252735727542,0.012881402602614056,,-0.010788571735870778,-0.00010173615415820514,-0.008200991842244765,,-0.034217276174790645,,-0.07343653628700653
2026-06-24,23795.80078125,24090.05078125,23789.25,24021.650390625,395600,0.008292056551520766,-0.0026592056781619133,0.03474921113432594,0.0045141979451828185,24025.95,23646.6474609375,23847.69296875,-0.00017895689348390587,0.01585860872273659,0.007294517843002835,0.01252206973120358,0.009491153983477586,0.008792356026950514,0.008144205877056849,0.16318729785357244,0.917812191868221,63.624665662224075,83.43735197413844,16.342599133765802,67.09475284037264,0.7658476875619623,0.010661513205482939,0.08566973634916253,0.043413169057693324,-0.012977366976830607,-0.001979128815174702,-0.014362785193208105,-0.019422625070328103,0.003925571056305754,-0.0004338063247625312,-0.012682392388635888,-0.04707881788479262,-0.02151831885750377,-0.03734390339672067
2026-06-25,24125.849609375,24261.599609375,24039.0,24056.0,448800,0.0014299437722400388,-0.004634227077126796,0.03861565719592952,0.006226154390753802,24003.55,23654.08994140625,23851.9599609375,0.0021850934549265677,0.016991144431653282,0.008554434914223252,0.00925339247485035,-0.002895218635030259,0.008598142029389503,0.008147274647687636,0.134479271991911,1.0513370111388314,65.62968329831747,93.55585117751252,31.785249542515146,61.77060163499738,0.7791577547409169,0.010664847498693526,-0.03945475277018795,0.015163060599099776,0.016903430826065158,0.00981679747748121,-0.0009829319733113406,-0.008339494346180865,0.005101349862562943,0.003109934608477083,-0.03388438251907422,-0.08504127945872042,-0.03920233277520613,-0.08399537050054251
2026-06-29,24061.75,24120.0,23924.55078125,23946.25,588500,-0.004562271366810755,-0.002783880900943836,0.01368797243471942,0.016923060589652872,23990.180078125,23674.01494140625,23846.2589453125,-0.0018311691692992627,0.011499319370522398,0.0041931547802451785,0.008161996920185833,-0.004800149615052937,0.006807211015457005,0.00741037667962625,0.3112745098039216,1.4845740521177568,69.87420197467065,91.66230096730578,43.760659827473276,47.901641139832506,0.6865991785436095,0.010412159346825853,-0.02539209438911183,0.029992116192004925,0.0004591411407255386,0.0036790203044962944,-9.92061187945481e-05,-0.019077170333440363,-0.007805998724903396,-0.004408708645283421,0.009678718907286887,-0.04670383411018186,0.02246235304683375,-0.061096610945193364
2026-06-30,24032.05078125,24035.55078125,23829.19921875,23865.75,449000,-0.0033616954637991636,-0.009839081055873278,0.000496757728545516,0.020662817594981453,23942.75,23698.1724609375,23839.6389453125,-0.0032160048448903744,0.007071327518555437,0.001095278948955336,0.008646347275907943,-0.006919957966290135,0.006251732286026587,0.007249266643062619,-0.23704333050127446,1.1287788322544152,65.34155498348656,82.71251318475697,51.55103049893002,31.161482685826954,0.6162474914987686,0.010541259160243085,0.04291183584349412,0.04934459340570618,-0.007729838702908887,0.0007211757236404992,0.011272857831158944,,-0.0008513126476801247,0.00021624998109626148,-0.002149470081675764,,-0.016268050594174133,
2026-07-01,23897.650390625,24049.900390625,23895.099609375,24005.849609375,352100,0.0058703208311072785,0.00762882975558421,0.0006961154721230045,0.022241050043506183,23979.1,23724.28740234375,23832.684921875,0.00111553850540691,0.011868099650631958,0.00726584889900761,0.006448460844707854,0.004527609073754227,0.0062719743516852465,0.007294305250936929,-0.21581291759465482,0.9033184960940005,68.43159334982253,85.93401566213288,58.42762753157059,27.506388130562286,0.6939488370550243,0.010311329554686175,-0.0007347006215840945,0.059190048274933904,-0.0031952466206647268,-0.006778269568433859,0.007920198981480553,0.0035555427196349854,0.004559106720063655,0.004878575089527715,-9.901268994505497e-05,-0.039070166245891436,-0.017667844522968212,-0.07110397910349409
2026-07-02,24062.19921875,24194.55078125,24058.80078125,24175.69921875,372900,0.007075342557701703,0.006412916082781717,0.00373665714175897,0.032902366195589394,24009.909765625,23762.7923828125,23828.9019140625,0.006905042740408707,0.017376191707004773,0.014553641873142231,0.0056151426592334535,0.0047169420786591,0.00655267429176241,0.0073311468927095835,0.059074126668560156,0.9662499190257174,72.41597554710334,101.02793640609525,66.94768930647552,34.080247099619726,0.7803876629931773,0.010041824807798323,-0.026470632371604186,-0.05021519586343415,0.008518033624642207,0.014852135112684905,-0.0021508346187620875,0.01598949965865537,0.0013450973006299272,0.002295651747978189,0.01087034848180024,-0.016146913186688927,-0.01323738372583183,-0.0632426896778907
2026-07-03,24375.650390625,24378.150390625,24252.349609375,24270.849609375,326600,0.003935786500487426,0.008931227526396635,0.004255611112835123,0.036482692780229975,24052.8796875,23805.50732421875,23822.7869140625,0.009062113339729283,0.01954767352018716,0.018808156112415597,0.005183204678644931,-0.004299404511081555,0.0065812726943831135,0.007342832596144006,-0.12416197371949589,0.8558027408746692,67.08860629087357,119.29268682336988,77.4166888098544,41.87599801351547,0.8099310345415227,0.00917460106700189,-0.07175225269546259,-0.08215088523267056,-2.4164570552875908e-05,-0.0020413139699150262,1.3702513856905796e-06,0.01699052432258652,0.005262480174569983,0.002456332271500994,0.010606577994451527,0.029160882324013038,0.001603975027917759,-0.023457406630480016
2026-07-06,24306.849609375,24458.650390625,24287.099609375,24430.349609375,329400,0.006571669412775316,0.020216092681526243,0.01737593258627479,0.04551992477275091,24149.699609375,23858.68984375,23823.8319140625,0.011621262563905832,0.023960232911730994,0.025458444195725294,0.007022035459704122,0.005080872346055362,0.006355584249282356,0.007354365609661292,0.008573178199632547,0.8673214144658891,65.79874270395732,144.96686237168615,90.92672352222075,54.04013884946539,0.8710736865352334,0.008527905149630864,-0.039869794356312105,-0.09578543921305571,-0.001605131682590799,-0.004100427540525753,,,0.001148596940662383,0.011503545937720627,,,,
2026-07-07,24464.44921875,24530.900390625,24348.94921875,24398.69921875,412600,-0.0012955357222089736,0.02233113221876537,0.012272333342922215,0.0551701430934568,24256.289453125,23922.4748046875,23828.3448828125,0.005871044946928361,0.019906987799154674,0.023935961089303293,0.0074574128007272415,-0.002687573278764355,0.006379180199484983,0.006787028135374047,0.2525804493017607,1.0811377363187338,61.900286597996654,160.905095673108,104.9223979523982,55.98269772070981,0.8290513002751151,0.008636314660089302,0.0016948732005155343,-0.13152094099979128,0.006092667224729675,0.009772636752427566,,0.013036880624958558,-0.003269246496745315,0.009055713404753751,,0.0318403775200331,,-0.03109536322603801
2026-07-08,24259.55078125,24300.0,23805.19921875,23882.05078125,420500,-0.02117524515827318,-0.005157027563675642,0.002432460106580381,0.027534137734134267,24231.5296875,23954.47236328125,23828.0269140625,-0.014422486353813602,-0.003023301074343898,0.0022672404803949497,0.02071852144450142,-0.015560881708154568,0.008790228313305786,0.008599673497938188,0.0191468734852156,1.0992601887433666,45.24375157373854,130.34451882182475,110.00682212628351,20.33769669554124,0.4442727694825974,0.010184001616014904,-0.014382409533257867,-0.14338240501789756,-0.001557701916231391,0.01143148501573088,-0.0044551096782159405,0.0005987490208312352,0.004082373757551494,0.008576846490529144,-0.0024235387297540933,0.029441600184164862,0.027571105842568944,0.013525214984262623
2026-07-09,23928.94921875,24134.69921875,23925.69921875,23962.80078125,384800,0.0033812004144717633,-0.008806299068069179,-0.002449857042210901,0.032214223492506466,24188.95,23991.86494140625,23825.4289453125,-0.009349278027777186,-0.0012114172961222858,0.005765765487488972,0.00872185191989472,0.001414669829023455,0.008422235709292047,0.00858848939848904,-0.08489892984542213,1.0053034459335894,45.20405871515408,111.35723474948827,110.27690465092446,1.080330098563806,0.4735216926528922,0.01044880086296331,0.2600859043657002,0.10876137152198795,-0.025052923346670974,-0.022236453217223118,-0.002817238676629863,-6.949132027311844e-05,-0.00010565845728116585,0.007115613323975145,-0.018040121653372432,0.0,0.04372507232977707,0.07203258501190013
2026-07-10,24124.69921875,24228.44921875,24120.349609375,24206.900390625,313100,0.01018660596494203,-0.0026348158296567448,0.006272879557075228,0.04513076811961203,24176.16015625,24044.12998046875,23829.65296875,0.0012715102057698768,0.006769652729729403,0.015831007793932983,0.004465652670544532,0.003407344942610198,0.009044285880732217,0.008740953142649981,-0.18633056133056136,0.8233515219249228,54.34823381759031,114.68446267999752,111.15841625673909,3.5260464232584354,0.7071716718473683,0.010342105055986437,-0.08991829843716947,0.08706262800206632,0.008985271069892997,-0.013427142597701613,0.008142795337428232,0.008071356852382916,0.0028077472114473867,0.004656355227251385,0.01430528702252376,0.003659890118083542,-0.01958643740155175,0.04935215124704895
2026-07-13,24039.400390625,24259.80078125,24000.19921875,24211.0,322700,0.0001693570555851842,-0.00897857021623738,0.011056010857649845,0.024895317664227035,24132.290234375,24073.5349609375,23830.3199609375,0.0032615953504853135,0.005710214112117473,0.015974608804519175,0.010722463446367354,0.007138264956139307,0.008862511385126606,0.0076922432687494225,0.030661130629191957,0.8518670063223474,52.522392861993254,116.31135411210562,112.1890038278124,4.122350284293219,0.6990869021187855,0.01064909895590552,-0.08308380877259047,0.03813557643994514,0.013858782105869327,0.0018536627199530198,0.004208843399813977,,-0.004919617490070305,-0.001433120612146288,-0.006544535030242882,,-0.009295201885755944,
2026-07-14,24068.0,24157.099609375,24023.69921875,24052.05078125,355800,-0.006565165369047166,-0.014207660596660232,0.007806198474801684,0.008306833992770324,24062.960546875,24083.44248046875,23831.4099609375,-0.0004533841795463234,-0.001303455651915586,0.009258403958227968,0.00554632084549703,-0.000662673207163038,0.009097912023252004,0.0076071436053555585,0.10257204834211331,0.9446184888228111,55.63413529725831,103.58078887672309,110.46736083759455,-6.886571960871464,0.45239703233934675,0.010234662431679805,0.08408161085479104,0.12351946496126232,0.0014738471374013962,-0.00274569673537306,-0.007927023147980106,-0.002930751133486953,-0.0006835168308620965,0.001157372351300756,-0.02625379561293495,-0.03882424686937613,0.09424443890779477,0.13989782510512527
2026-07-15,24085.849609375,24220.349609375,24010.55078125,24078.5,306900,0.0010996658451518648,0.008225810276906165,0.003026361982898962,0.0037245841524224943,24102.250390625,24087.9099609375,23830.5939453125,-0.0009854013729040378,-0.0003906507850934826,0.010402848340935522,0.00871311867952738,-0.0003051422098118263,0.008926869659511418,0.007509835953081343,-0.13743676222596968,0.8170056437014163,51.534944549620576,94.53620064243296,107.28112879856224,-12.744928156129276,0.4856007927427358,0.009953463921207124,0.03539158708429091,0.18025754937618244,-0.011510953992940665,-0.012687105952536637,0.0037589783811964317,0.005295914174266558,0.010216625989900363,0.007273754838223567,0.015977232638524574,-0.021094903841806012,0.015357012511074464,0.1263485745033528
2026-07-16,24142.099609375,24186.5,24050.0,24072.75,264300,-0.00023880225097083763,0.004588329208830677,-0.004258376058474234,-0.0005376310080265068,24124.240234375,24087.2625,23831.3929296875,-0.002134377450844216,-0.000602496859076429,0.010127694634745277,0.005670311867152693,-0.002872559160018947,0.008607475093306177,0.007456258711101851,-0.13880742913000976,0.7119767253919509,50.4593455611236,85.91395971080783,103.00769498101137,-17.09373527020354,0.4777975811165333,0.009648887273621478,-0.034909057617187544,-0.0960490339305361,0.005143385789147414,0.017892200428662797,0.003819144358387927,0.011986291313503372,0.00131261948794692,0.008702499948521902,-0.0043983346582088245,-0.007495555126301401,0.003277062619503779,0.08269861410049573
2026-07-17,24127.599609375,24367.30078125,24099.05078125,24334.30078125,387800,0.010865014643113069,0.0052629782652529045,0.0026142954571517496,0.006881031994786513,24149.7203125,24095.5775390625,23831.4599609375,0.007643172109718321,0.009907346765210212,0.02109987475113617,0.011023534327589608,0.008567001078494537,0.009249632847257395,0.007813362282224132,0.46727203934922446,1.0379807820989801,59.82383725069817,99.04401606397005,102.21495919760312,-3.170943133633074,0.8474788139189143,0.009836071983470019,-0.029389625461134217,-0.03592811037210075,-0.0030403063436316158,0.005760465897098888,-0.005101405539945647,-0.0013084024434645292,0.0007601282319791292,0.0066428445566733,-0.014734179982336837,-0.03591086602711824,-0.008165848471595516,0.09531069565300232
2026-07-20,24190.05078125,24266.099609375,24135.849609375,24238.5,353100,-0.003936861885253551,0.0011358473421172466,-0.007852921159236304,0.009386559598370203,24155.2203125,24106.84755859375,23829.696953125,0.0034476890056309717,0.005461205206788611,0.01715519285365441,0.0053736823648328075,0.00200285725681707,0.009052765156054654,0.007719414945721279,-0.08947911294481692,0.9572478108818825,59.363941993488105,100.56016295246809,101.88399994857613,-1.3238369961080423,0.6897624365268039,0.009851666585626763,0.020962694230618473,0.07346935661471621,0.01630968636168273,0.008191793267046998,-0.010098540030789804,-0.015537179364795262,0.0015917599442896169,0.013229881762625517,0.006688196818398939,-0.023069290900808115,0.04483851871264899,0.15516025253390753
2026-07-21,24216.05078125,24262.19921875,24135.650390625,24187.69921875,315600,-0.002095871495760848,0.005639786758048437,-0.008648002014707834,0.003518200164739582,24182.35,24111.0875,23829.9279296875,0.0002212034293607168,0.003177447668007538,0.015013527951831751,0.005231949801447049,-0.001170775646124431,0.009061647854618972,0.007700609163544389,-0.10620220900594735,0.8483642912824924,54.782875817933565,96.5495585864519,100.81711167615128,-4.2675530896993905,0.6098368565494602,0.009702254897909778,-0.012927762830836187,-0.022590376262586198,-0.009849361992188,-0.003207372622835991,-0.0019322546744660052,-0.009588396545191169,-0.003801270200168183,0.010068720177730306,-0.0007216448813422982,0.002546359262103781,0.00897085116169083,0.06513954449760906
2026-07-22,24150.44921875,24166.30078125,23961.400390625,23996.25,304700,-0.0079151479856997,-0.003415910459538596,0.004781801186004353,0.0072258928332074035,24165.9,24119.69501953125,23833.5359375,-0.007020222710513613,-0.005118017430622124,0.006827105425174507,0.008538850471427828,-0.006384942050282126,0.0063046301470763635,0.007445887734801315,-0.034537389100126714,0.8229796888504753,45.33328050906343,77.03476496821895,96.06064233456482,-19.025877366345867,0.3110907921100043,0.00989157764606077,-0.029275745313403267,-0.08363633589311081,-0.0018922847096384254,0.006492096142654447,0.008856366018608064,-0.004558790860825002,0.0021270592217692563,0.001980337803037191,0.015065116529595635,0.0016463010178295878,0.020185032289030014,0.07020428007706703
2026-07-23,23904.80078125,23990.75,23807.19921875,23869.599609375,344000,-0.0052779242850445884,-0.008439018833535816,-0.003889410621312983,-0.006329739163523085,24125.269921875,24112.09248046875,23843.3369140625,-0.010597614589512916,-0.010056898682276216,0.001101468951563156,0.0076897302113902565,-0.0014725565879892392,0.006456983306346703,0.0073045220166363355,0.1289793239251722,0.9356470652233041,39.73337970903246,50.76434262523253,87.00138239269836,-36.23703976746583,0.1465194212408845,0.009903961658305633,0.05476186980105591,0.001507121582475568,-0.012251170989845184,-0.010925800807655373,-0.0013636917526039793,-0.00969837070854107,-0.0015411456473962692,-0.0008753303456213724,0.018521244678813442,0.024705032901259916,0.022612155059912098,0.09082918964231079
2026-07-24,23666.349609375,23823.599609375,23606.30078125,23767.44921875,333900,-0.004279518395644999,-0.023294343552158647,-0.01815396291072413,-0.01199496097647157,24011.899609375,24097.66494140625,23850.43390625,-0.01018038533400989,-0.013703224916570611,-0.003479378523099097,0.009142707159065865,0.004271871709989073,0.00535540034289228,0.007345139212686442,-0.0293604651162791,0.922592321401434,32.52581188906886,21.454842761067994,73.89207446637229,-52.4372317053043,0.060487276830868804,0.010173423102279484,0.014296431973564117,0.04658380609195012,-0.009361644165894356,-0.017197139743584167,-0.012089697334330851,-0.016654372846326537,0.0022441329678479782,0.0006062492054246249,-0.024494798420950703,0.01455370659411459,0.06172982261108917,0.16770115269091024
2026-07-27,23928.400390625,24011.599609375,23891.55078125,23995.94921875,319400,0.009613989195766948,-0.010006839583720062,-0.008882358483747077,0.002075448922065126,23963.389453125,24100.14990234375,23856.5608984375,0.0013587295607195848,-0.004323652923985177,0.005842766730121074,0.005002878903877493,0.0028229562788269465,0.006463010411065414,0.007619257984167088,-0.04342617550164718,0.9166044883200367,40.38162298917485,16.47497998702238,62.40865557050231,-45.93367558347993,0.35997708895247627,0.010261695257763116,0.04080120247864771,0.06692016273528023,0.0017935397229289496,-0.03123470194329292,0.0004967638835191579,-0.006129238584150709,0.0033120437119922297,0.0023248403093145686,0.005086192757048913,0.012939185669404774,-0.031239882921610285,0.08267668652492022
2026-07-28,23971.25,24041.150390625,23954.599609375,23985.349609375,437800,-0.0004417249460887396,-0.008365806418584087,-0.002773201024795724,0.005011349292395995,23922.91953125,24106.1298828125,23863.397890625,0.0026096345825787903,-0.005010355209428052,0.005110408807201372,0.0036084852903778583,0.0005881883245554571,0.0061460998764320245,0.00757665887828511,0.37069505322479657,1.2584075883874677,53.2533022657289,11.54007615422961,52.234939687247774,-40.694863533018165,0.33218730822579473,0.008756531100940722,-0.09764789106442495,-0.02465329014711859,0.0069443449204935614,-0.014803706639917147,0.0001619264104413265,-0.0040438637594983895,-0.0031958168663054343,0.002934016870200784,0.0015230301408835079,0.015214546961340059,-0.07501956255061493,-0.007449269753398102
2026-07-29,24176.650390625,24283.55078125,24136.75,24250.19921875,424200,0.011042140877174367,0.010582871021513673,0.007130810422160794,0.010178752818628567,23973.709375,24118.34736328125,23875.402890625,0.01153304394514465,0.005466869412018127,0.015698010619631164,0.006053590732421496,0.00304214301554032,0.007117970918250507,0.00786053222068715,-0.031064412973960676,1.2068107139301005,58.110813462534864,28.669791834756325,47.52191011674949,-18.852118281993164,0.6820575664670875,0.008795071110079477,-0.007898849052186296,-0.003174600050953491,-0.005808616656413079,-0.018669377306942847,0.002104307328987254,-0.010709583985582305,-0.008213936197453031,-0.007415305582274545,-0.009394174350778717,-0.009248344636206829,-0.04055197251386189,-0.06654105855845338
2026-07-30,24249.55078125,24342.94921875,24187.099609375,24317.150390625,400600,0.0027608503860552247,0.01874982356529431,0.010152574617565469,0.005850965078407988,24063.21953125,24125.419921875,23889.3858984375,0.010552655227419994,0.007947238612669771,0.017906048066956615,0.006409040815698732,0.0027876643977779872,0.007135625801422098,0.007729734600292213,-0.055634134842055594,1.1351979370342034,53.457086512904056,47.104622197453864,47.438452532890366,-0.3338303354365024,0.7575521400882583,0.008448335838075959,-0.04378982264012121,-0.09631299749023636,0.007933963566646884,0.0013845980374935785,-0.015161289750108109,-0.024378055029766532,-0.0018313905113259699,-0.0077038428698293915,-0.0005942264522655893,-0.027842639811804903,0.06560682321588307,-0.02729474486472261
2026-07-31,24361.44921875,24429.400390625,24299.69921875,24383.599609375,411700,0.0027326071386892803,0.025924127783090833,0.002025898692062933,0.004645490446961942,24186.449609375,24131.057421875,23903.877890625,0.00815125837748365,0.010465442234249833,0.020068782184422984,0.0053191970813502255,0.000909239447378679,0.006305808541488176,0.007704756088728846,0.027708437343983983,1.1527530834814992,55.20850892279328,66.3118529266576,51.213132611643815,15.098720315013779,0.8282350117894302,0.008044786534274578,0.012489560005965128,-0.09792282935087038,-0.0010208464353339552,0.00981587503534076,0.016604359135647728,0.00395908358169339,0.0013587848922849144,-0.008580403244897283,0.015806567414790695,0.012320415556258402,-0.010300766706282993,-0.09328566954948914
2026-08-03,24572.69921875,24774.30078125,24515.150390625,24774.30078125,342300,0.01602311299947612,0.032436789868341975,0.02210536053179868,0.01407884771910961,24342.119921875,24148.25498046875,23926.269921875,0.017754446234020005,0.0259250948479548,0.03544350465592938,0.010460452261124298,0.008204290489429404,0.007820753573830138,0.008373117701357785,-0.16856934661161038,0.9567064479163755,69.12077684360749,111.77160748883762,63.32482758708258,48.446779901755036,1.1750882262211886,0.008504355177783933,-0.032894705884013775,-0.16179611883774625,0.002053485498053176,0.010077902449134424,0.00700361981598796,0.010488457143685403,-0.00045754721379565044,-0.012305312498203436,0.001682861925174528,0.008892588861566963,0.0129202282374683,-0.05195386313390349
2026-08-04,24703.900390625,24703.900390625,24427.94921875,24614.900390625,296500,-0.006434102501316152,0.02624730477157322,0.01766191848226062,0.008861176160934514,24468.030078125,24159.0650390625,23944.1819140625,0.006002539314814204,0.018868087437384773,0.028011751621740855,0.011210736890899655,-0.003602669966795002,0.008197763052902993,0.00851624247339368,-0.1338007595676307,0.8423654417091637,63.266706020224895,133.39877312172757,77.33961669401158,56.05915642771599,0.9584621342013052,0.008955681979929155,0.014455788519156298,-0.057661891866890524,0.01716755792472502,0.020332929551372336,0.01479091100582064,0.02526848394036363,-0.0029534513863385126,-0.012065161923950574,-0.0040175310445580426,0.0033112582781456013,-0.0511397416404199,-0.02747856501258139
2026-08-05,24669.19921875,24677.599609375,24497.94921875,24624.650390625,355500,0.00039610154196334513,0.015441158585842718,0.02618744139709328,0.03109446572142871,24542.9203125,24196.19501953125,23956.0409375,0.00333008774360799,0.017707551569488444,0.027909847660945397,0.007295550912405879,-0.0018058481643433463,0.007496674089922363,0.006828645941042385,0.1989881956155144,1.0193986838143576,63.623110010616045,149.60069749938702,91.79183285508668,57.80886464430034,0.9116573132306038,0.00907730209684925,0.021793735838776085,-0.02945866455987667,-0.005849991365709961,0.020290466923900796,0.01789619360979544,0.04142540811209772,-0.0007400502072963944,-0.004620297940709284,0.01518154202573041,0.028202180865485094,-0.056883244997969706,-0.04403236688242218
2026-08-06,24641.0,24677.05078125,24604.150390625,24636.0,344000,0.0004609043862535689,0.013112128857743377,0.03210780252568579,0.028093511476202426,24606.690234375,24229.85498046875,23970.486953125,0.0011911299466051961,0.016762172941548137,0.027763851780584492,0.00295910012278779,-0.0002029138427823546,0.007030616902349842,0.006818740069713467,-0.03234880450070321,0.9922265968646793,58.49664358651098,161.49504358587728,105.73247500124481,55.762568584632476,0.8736952173652174,0.008430476532962795,-0.01066441060226142,0.0041632131375504144,-0.002888241915624312,0.009335589438097536,-0.0016764921193257454,0.055685012989309834,-0.0024587639051250054,-0.005245918437951191,0.03674808410816599,0.06662045517712345,-0.0072587494619298365,-0.10940087572731494
2026-08-07,24538.900390625,24630.400390625,24522.75,24570.650390625,254800,-0.0026526063230638552,0.007671171781301833,0.033794168001897384,0.015026707018667818,24644.100390625,24248.04248046875,23983.756953125,-0.002980429345594726,0.013304492946847324,0.02447045467676534,0.0043812593038267435,0.0012938640075384133,0.006855266978558179,0.006547792537347638,-0.2593023255813953,0.741171679562511,59.51746948506573,163.76050209567984,117.33808042013182,46.42242167554802,0.7859308571798824,0.008205213076163578,0.008291826228525867,0.0,0.005606156969824472,0.01603129511352197,-0.0017595333873230423,0.03661516940421072,-0.0002092328822952405,-0.00680359397319219,-0.0013007752025904207,0.04865734866181448,0.027519272284384,-0.0753678155086549
2026-08-10,24581.25,24620.94921875,24511.099609375,24583.80078125,269500,0.0005352072662276885,-0.007689419842039524,0.024497949930676777,0.015397991873528527,24606.000390625,24266.68251953125,24004.47796875,-0.0009022030814669346,0.013068051698600147,0.024133947559875413,0.0044683737210717235,0.00010376938723620645,0.006526846682022448,0.0065465480060025345,0.05769230769230771,0.7900445590994372,61.60022788163882,164.71825143845126,126.81411462379572,37.904136814655544,0.7718342358240754,0.00815230412575463,0.0,0.03401357234227764,-0.005462957070144103,0.008410004446171904,0.006184231308959065,0.035771686283289306,0.002467426503606429,-0.0038971907726591537,0.023281257647848497,0.07126861341916246,0.011515065068004704,-0.07665050199741108
2026-08-11,24575.099609375,24576.849609375,24429.25,24471.69921875,271800,-0.00455997685213505,-0.005817662050322192,0.020276944772358085,0.017447511703540197,24577.36015625,24287.66494140625,24026.2599609375,-0.004299116619045473,0.007577273393211348,0.01853968360188829,0.006031440974148231,-0.004207526816516115,0.006850915676526495,0.006442592495104623,0.008534322820037188,0.8067196960702837,64.60266918772615,154.648918998304,132.38107549869738,22.267843499606613,0.6583849028136811,0.007980228847166182,0.007401328430694409,0.02682310868721327,-0.0010303663827815335,-0.009631240370251759,-0.0005839757139619595,0.020078924186731184,-0.00106598074190567,-0.0020115066851228436,0.00454576428214537,0.0804792067748441,0.05052439156847499,0.022280321099331868
2026-08-12,24472.44921875,24473.30078125,24265.94921875,24435.94921875,317600,-0.0014608711753293369,-0.0076631005468748015,0.007659730888164518,0.014845161399173579,24539.619921875,24305.53740234375,24045.3079296875,-0.004224625460991227,0.005365518739514741,0.01624605058936246,0.008485512907388785,-0.0014914731122226573,0.006126091536733788,0.006463506553118639,0.16850625459896973,0.9411625253737536,68.42323287643381,142.14560818054815,134.33398203506755,7.811626145480602,0.6132344508333372,0.008045398889375081,-0.03183676272022484,-0.027071364648535767,-0.004172507335017173,-0.007960136649136196,-0.003212861472107087,-0.0010753961985163762,0.0019577858045143337,0.0006828966052283558,0.004841935289286559,0.0694745444336986,0.01302812286140309,0.09805992654555151
2026-08-13,24431.599609375,24431.599609375,24311.400390625,24395.849609375,295800,-0.0016410088683697088,-0.009747945714604689,0.003236366822830572,0.01342179889605477,24491.58984375,24321.6923828125,24065.1129296875,-0.003909106553955821,0.003049015890641993,0.013743408587104211,0.004927035568534127,-0.00146326890468039,0.006126100236294965,0.00648245181686415,-0.06863979848866497,0.8724891602513052,71.30167995010599,127.5308447329553,132.9733545746451,-5.442509841689798,0.5654633926863764,0.0076523772448532324,-0.014333902294696443,-0.030680002185701216,0.007652397893683327,0.002526887289028279,0.0026267182752088836,0.00323040518200024,-0.0001761059566040002,0.002972743566169056,0.005944451096178138,0.03769854996852695,0.0008413425167281829,0.10701934713805406
2026-08-14,24361.900390625,24405.19921875,24296.80078125,24366.0,267700,-0.001223552770366676,-0.008329058749828033,-0.0007217806089726553,0.0013026558286985956,24450.659765625,24323.27734375,24084.1019140625,-0.003462473668871091,0.001756451470178888,0.01170473729696786,0.004448758002954937,0.00016827953933255636,0.00608199934966486,0.006031348511219806,-0.09499661933739012,0.803843555288642,64.49642841840452,112.24602311039052,128.8278882817942,-16.581865171403678,0.537692373411304,0.007263796944073123,-0.02309662222250508,-0.06085524509900797,-0.004329236864200281,-0.0073780833452298245,0.0065161301380911585,0.011547436548123624,-0.00037323121121601854,0.0028082232892194803,-0.010542831036653655,0.02809559073955481,-0.02425839707578037,0.051235593706366434
2026-08-17,24343.44921875,24360.099609375,24226.94921875,24287.650390625,225400,-0.003215530221415075,-0.012046566487427524,-0.019643355222090153,0.002027781860469924,24391.4296875,24325.73486328125,24102.5209375,-0.004254744318172743,-0.0015656041994330794,0.007680916598104215,0.0054822260895354405,-0.0022921496302184736,0.002293977725552432,0.006008161802488064,-0.15801270078446017,0.6900563311290717,61.245459036879886,92.74146726666731,121.61060407876883,-28.869136812101516,0.46633300082374535,0.007441628705634325,-0.00963219404048754,-0.0699012696103205,-0.002501046451607314,-0.0044218763180177145,-0.0016964335577297485,0.0036247658322217102,0.0005967847561103579,0.000936945602163064,0.0038231614146018167,0.008545948065974862,0.014153864933894145,0.05397801489166465
2026-08-18,24223.849609375,24269.650390625,24154.900390625,24154.900390625,227000,-0.00546574073098649,-0.012945518220584873,-0.01868786762083341,-0.0013560127330992655,24328.069921875,24324.094921875,24123.1589453125,-0.007118095755483389,-0.006955840774072963,0.001315807991169704,0.00475058883060171,-0.002846336146477544,0.0020970271850492238,0.006119742316790721,0.00709849157054121,0.7045094813941218,46.06853652837425,65.81349368806332,110.45118200062774,-44.63768831256442,0.35092405909878643,0.0069932698027864075,0.0017683026832313598,-0.07510204704440371,0.00011652618523427805,-0.003278877459488183,-0.005227454770816764,-0.0010382678472833362,0.0005146977558185828,0.0025207934609696725,0.008203275015708167,0.012218023307841497,0.025485417903318375,0.028856725019352103
2026-08-19,24152.05078125,24172.849609375,24025.650390625,24078.30078125,238700,-0.003171182995427735,-0.014636158976200964,-0.022187101165221157,0.003419316820336471,24256.540234375,24328.1974609375,24139.88296875,-0.007348098756161825,-0.010271894581945329,-0.0025510557602835826,0.0061133557590835235,-0.003053570923147216,0.0019656029491350487,0.0058863399801789415,0.05154185022026425,0.7484870339594243,40.224305938591655,37.85555701749763,95.93205700400172,-58.07649998650409,0.27632489383855896,0.006989855803175629,0.005295712270143804,-0.039628948310287626,-0.0040941103929450495,-0.003200410166024792,-0.006881843725615733,-0.004715254362794963,0.002554180519295901,0.003117523294451363,-0.011869391183586209,-0.004615973418572228,0.005207129484097628,0.020913528329171704
2026-08-20,24225.44921875,24265.150390625,24184.55078125,24231.849609375,253900,0.006377062464663963,-0.006722454951393786,-0.016404870540063343,0.015176207641862671,24223.740234375,24346.3099609375,24160.2209765625,0.0003347697309143971,-0.0047013429035506205,0.0029647341753200607,0.003326184780538462,0.00026420111211173037,0.0033036085909903183,0.005893748431822529,0.06367825722664433,0.8075571317250043,44.20248328557784,27.76869768707911,82.2993851406172,-54.53068745353809,0.38952194328181644,0.0071140207815475484,-0.0061457986293715905,-0.03165097509327286,-0.0003955202387255774,-0.011161649091443349,0.002108778138942835,-0.005229401759211494,0.0012780223134882807,0.004576441767532247,0.028208773532209852,0.01741461772523789,0.010477976972774083,0.030743428499963033
2026-08-21,24284.05078125,24284.05078125,24206.80078125,24252.0,259300,0.000831566345525836,-0.004678650578675225,-0.012968740572963489,0.02038715963123794,24200.940234375,24370.5375,24182.028984375,0.0021098256981137986,-0.004863967403263003,0.002893513016224203,0.0031853043047996043,-0.0013198284560805968,0.003368947788632448,0.005772854344681078,0.02126821583300509,0.8346342641023577,22.164718813884647,21.15687384345074,70.0708828811839,-48.914009037733166,0.3665354383975505,0.006184913090746566,-0.04946991881973528,-0.05779333126119335,0.00447500971789716,-0.002417818305637587,-0.008668915122777232,-0.020237245256359615,-0.00334385791944114,0.001591105938656412,0.005742216966487801,0.03415980529723983,0.023301875303891384,0.08098463792067312
2026-08-24,24285.05078125,24313.0,24144.30078125,24219.05078125,236300,-0.0013586186190829297,-0.0028244646259186768,-0.014837006012438647,0.009297467687824357,24187.2203125,24381.692578125,24193.9519921875,0.0013160035894470568,-0.006670652431280288,0.0010373993083314659,0.006965558653545754,-0.0027177213090679338,0.0033070184249672846,0.005424554526989032,-0.08870034708831465,0.7709121753882292,25.61745846516608,13.107138295385084,58.67813396402414,-45.57099566863906,0.3039023619900632,0.005669382354905777,0.04089215344087638,-0.009725959882439184,0.0046273001810590575,0.004711123093641856,0.004346193543703691,-0.014306843749443354,0.0028922607697206004,0.0038888630313778094,0.02388769253298384,0.054830708691743446,-0.00876698458850178,0.05655334886433594
2026-08-25,24175.75,24334.55078125,24115.44921875,24334.55078125,239500,0.004768973030496282,0.007437430406242784,-0.005604369205180371,0.014558936082320395,24223.150390625,24399.15263671875,24203.565,0.004598922469973843,-0.0026477089770540196,0.005411838349020037,0.009003723326128536,0.0065685979235390836,0.0036431325003882893,0.0055026895198939845,0.013542107490478239,0.8074712159269062,34.19072332834496,15.864671546387399,50.1154414804968,-34.2507699341094,0.41307587594460965,0.0057582735452822754,0.029464279404100013,0.017652233946327867,-0.004085734695452259,0.0004895567676943546,-0.0028028689752760405,-0.011904387392089544,-0.0007507336461708425,0.002619164051206102,0.003674679885569132,0.0500926748756676,-0.023546927174947108,0.006035528239413779
2026-08-26,24341.94921875,24378.599609375,24207.75,24207.75,244800,-0.00521073030646213,0.005376177493837231,-0.009338668070847822,-0.0017504688669600643,24249.040234375,24397.03017578125,24207.9369921875,-0.0017027574689931768,-0.0077583285513638245,-7.724416482113305e-06,0.007057641018888579,-0.005513084327964568,0.003928445127584474,0.0050850280485273515,0.022129436325678542,0.8510786239504928,29.27052016563617,7.729176055898279,41.638188395577096,-33.90901233967882,0.24805925370415188,0.00607744927834504,-0.039028605350121315,-0.027216892912425017,-0.0002042556474004531,0.004397314609950076,0.003190953749482306,-0.0018825315545425436,0.00023820855685308118,0.0003030419721503641,-0.000702414922876704,0.06195989148373049,-0.031172820365681475,-0.030374402600640837
2026-08-27,24277.599609375,24297.44921875,24090.849609375,24090.849609375,323400,-0.00482904816122931,-0.005818788176427447,-0.01250212658643346,-0.009306221231302092,24220.840234375,24385.71513671875,24208.04,-0.005366891641335858,-0.012091731806534445,-0.004840969802801132,0.008575854016148993,-0.00769227613128132,0.004117297204548161,0.005145082341635303,0.321078431372549,1.1396352744251608,27.879170988935,-8.05825671221828,31.69889937401802,-39.7571560862363,0.13021700969413771,0.006383718486585929,-0.04602890184057418,-0.066254418747283,0.00468668233082381,0.00950388497503929,-0.00020574863596922732,-0.004187839776185642,-0.022742702455753383,-0.023694292955396268,-0.008776269104803447,0.023760808888474427,-0.001578402773853682,-0.04194335776908442
2026-08-28,24122.599609375,24188.30078125,24076.849609375,24175.650390625,296100,0.0035200411203846205,-0.003148177856465484,-0.007812099210990686,-0.008528241198237474,24205.5703125,24375.31767578125,24208.1930078125,-0.0012360758903312563,-0.008191371608446185,-0.001344281135605585,0.004610058884629607,0.0021992149316022455,0.004385184867924318,0.005173690944213198,-0.08441558441558439,1.0651270706307667,32.34873274555747,-13.570761297352874,22.644967239743842,-36.215728537096716,0.256282917174478,0.00636605827945125,0.04730369105354226,0.02881035867548465,-0.00473836989205445,0.0002443788449584261,0.0072032567265023495,0.011756078434179251,0.02014195262254148,-0.0006880324222097167,0.002299485475172114,0.020256398397517916,0.015809259020949096,-0.04895824845852881
2026-08-31,24117.55078125,24128.69921875,23993.599609375,24080.400390625,710900,-0.003939914685270995,-0.005724848255916792,-0.00853314325044785,-0.02800887890850856,24177.840234375,24340.62265625,24209.5390234375,-0.00403013018555165,-0.010690863142655993,-0.005334204533489095,0.005610355608023739,-0.0015403881995298744,0.004435665753304966,0.003485623547701492,1.4008780817291457,2.3982457619971327,32.82720834669075,-25.3333131939944,13.049311152996193,-38.382624346990596,0.16124855434343896,0.0064728111873640385,-0.035230298139103056,-0.046428527941508424,-0.00023732306645041223,-0.0045990213469764285,-0.0024874522107780628,0.00487201527507275,0.00042020300218093,-0.0031512650228382455,-0.028752165020636822,-0.032196767971688356,-0.0015562942094785592,-0.042039928042170716
2026-09-01,24077.55078125,24143.150390625,23952.55078125,24055.80078125,334200,-0.0010215614763854353,-0.011454906338964732,-0.0041026710014280265,-0.02271386844969492,24122.090234375,24312.66767578125,24208.59703125,-0.0027480808039815896,-0.010565146447797047,-0.006311652418467761,0.007923228626151598,-0.000903331082035863,0.004133945619153623,0.003279328269385554,-0.5298916865944577,1.1203110857832457,33.15166582411723,-36.22265103245809,3.194918715905338,-39.41756974836343,0.16326947731456226,0.0064296889706886165,0.04775273975978833,-0.029488305330625963,0.00919447738927226,0.008674346217260709,-0.0033221508040809367,0.0043487368163084295,-0.0009437011047911392,-0.003343768909000011,-0.010684541245317147,-0.04604278889697988,0.028297368910949583,0.008822491249889763
2026-09-02,23858.0,23914.44921875,23786.80078125,23914.44921875,318900,-0.005875986577431824,-0.012115986874038254,-0.006804947076148871,-0.02884106619216753,24063.430078125,24277.1576171875,24210.4040234375,-0.006191173032743635,-0.014940315672733906,-0.012224281940978465,0.005337711788064845,0.0023660499098834774,0.004414154753945592,0.0034212259461433372,-0.04578096947935373,1.0756206152185646,30.42133407895426,-55.61729790267782,-8.567524607811293,-47.049773294866526,0.03645025023730087,0.006899145211470772,0.026809669524990865,0.037003596591629995,-0.010604880564913266,-0.0018186405734724742,-0.007112792754561781,-0.005966901245551992,-0.002787783760703655,-0.006358924771599828,-0.018989199521644573,-0.0634998610408457,0.052005585044038405,0.09543468373121478
2026-09-03,23997.94921875,24025.400390625,23873.44921875,23873.44921875,239100,-0.0017144446700387839,-0.009024189439146957,-0.014790467768764137,-0.030952702599853832,24019.95,24239.030078125,24207.44,-0.006099129317504892,-0.015082322114238655,-0.013797030220874196,0.006364860413871778,-0.005187943305702392,0.003654275119424439,0.0033915054957657917,-0.2502351834430856,0.8209864885745188,30.147899276090186,-73.44937396450405,-21.543894479149845,-51.905479485354206,0.03442155186521727,0.007041302070364004,0.008703253564990687,0.0964995730570486,-0.004138707742838643,-0.010586886451640853,0.004603291610071336,-0.0011855723158399334,-0.001673800928623792,0.015063198163584035,0.004139795222631415,-0.05129686825482338,0.008756383338931473,0.10677366436659086
2026-09-04,23910.900390625,24005.75,23895.849609375,23897.69921875,231400,0.0010157727849795517,-0.011497153846284358,-0.01460913661759855,-0.027388415087773454,23964.359765625,24205.38251953125,24204.273984375,-0.002781653569173037,-0.012711358745641776,-0.012666141765826477,0.004598785415240844,-0.0005520984847637074,0.0036676784138935507,0.0034286059643530635,-0.032204098703471296,0.797752227948908,33.56648882318758,-84.64887089084004,-34.164889761487885,-50.48398112935216,0.10377297120165062,0.007013981681636501,-0.02157031895674122,0.024390285926557898,0.0036486665238228966,-0.0022491352888871496,0.01057963924661287,0.0021626888736914207,-0.004923361525596026,-0.009877328864812296,0.028383047595641253,-0.02660808268787518,0.0031864730108812633,0.09302052419503637
2026-09-07,23883.150390625,23890.0,23737.900390625,23779.150390625,205900,-0.004960679563327464,-0.012510174046660882,-0.01816340345450551,-0.03273091894068325,23904.109765625,24165.15,24200.9319921875,-0.005227526823847417,-0.015973400097868296,-0.01742832059933308,0.006396343303962858,-0.004354534401827649,0.0038294326246514354,0.003486611335104236,-0.11019878997407084,0.7177091866078742,33.973128598848376,-101.91563259647955,-47.71503832848622,-54.20059426799333,0.005023084327643234,0.007130199394012107,-0.05820104396219883,0.0,-0.00019088550314461106,-0.002202791171415752,-0.0037572216084515997,0.0008870001451213305,7.622313094257649e-05,-0.010217768080159173,-0.013942995671517133,-0.011766221293305623,0.0019715257301113898,0.09688251418733462
2026-09-08,23743.099609375,23758.94921875,23623.099609375,23635.099609375,230100,-0.00605786072604142,-0.017488554037365933,-0.02874313062782874,-0.03418641271685807,23819.96953125,24123.32001953125,24196.318984375,-0.0077611317526021795,-0.020238524786843848,-0.023194411321921016,0.005747790854290052,-0.00454869001001689,0.0032438116835838,0.0035674073986043412,0.11753278290432245,0.807935393258427,32.12467722343622,-125.77352095449532,-63.326734853688045,-62.44678610080728,-0.06903512754860251,0.007200407063321156,0.0449437760787057,-0.002680941384822111,-0.0049041202781032744,-0.01614216729374296,,,-0.0006836952095152782,-0.009960175774677449,,,,
2026-09-09,23522.05078125,23571.55078125,23431.5,23431.5,352900,-0.008614290302979777,-0.02019487107281348,-0.03206617715401061,-0.041105389840116136,23723.3796875,24073.09755859375,24184.8319921875,-0.012303461452155329,-0.02665205659687564,-0.03114894461250972,0.005977030119710646,-0.0038496125228239127,0.0036637168722592197,0.0038834340175624873,0.5336810082572794,1.231483258597526,18.972731251315594,-159.27384653038825,-82.51615718902809,-76.75768934136016,-0.1370313855914186,0.007314033106761045,0.006272374173952322,-0.02262839286867402,-0.005443321937199097,-0.011009496043303924,,0.005510052912964358,0.0006523301614715926,-0.006544804675765792,,0.009689768583958758,,0.03114605986004948
2026-09-10,23446.599609375,23494.94921875,23380.099609375,23477.80078125,253200,0.0019760058574995742,-0.01657273877246279,-0.025447372677401603,-0.03763135298933007,23644.25,24027.1951171875,24170.8740234375,-0.007039733497573364,-0.022865521058864635,-0.02867390072512299,0.004891838483727231,0.0013307333427796657,0.003957584560650698,0.003988219550199324,-0.2825162935675829,0.8901858069506214,20.582953118552794,-180.01194417212173,-102.01531458564682,-77.99662958647491,-0.0037130130420994904,0.0074140016242071755,0.06144261462010814,0.028472814440159366,-0.008489270730557386,-0.015330043006191896,-0.004842647983639425,-0.003944412645736528,0.0035040090456044393,-0.001392258119255918,0.004888532397499423,0.01044264409832385,0.03246269280972003,0.05537853859164943
2026-09-11,23270.30078125,23448.099609375,23231.400390625,23398.099609375,293000,-0.0033947460674703667,-0.02090576188116955,-0.0321625589668324,-0.039723401076294795,23544.330078125,23978.80009765625,24153.4190234375,-0.006210857062603936,-0.024217245480019245,-0.031271738933919324,0.009261402522757632,0.005491928502616247,0.0033301636589436576,0.0039981320627304326,0.15718799368088465,1.0255512775638782,19.876762809257556,-200.5662515433105,-121.72550197717956,-78.84074956613094,0.006882242342771805,0.007676458337598936,-0.010067104428777118,0.04056437671581481,0.003133434792838896,-0.015835531852350426,-0.005848292742657635,-0.02013624237504652,0.0030457073340284246,0.006605089573483047,-0.011971302326283961,-0.029207713938317115,0.06694430089409664,0.12245344941377345
2026-09-15,23576.150390625,23592.849609375,23118.599609375,23118.599609375,338800,-0.011945414570677881,-0.027778569477840742,-0.03994122878556661,-0.048133547809188326,23412.219921875,23920.34755859375,24127.1840234375,-0.01254132728463131,-0.03351740384435631,-0.04180282344938169,0.02051378578344699,-0.019407357590997723,0.004325569124318462,0.004571316403243634,0.15631399317406136,1.162782716134125,10.175948989761352,-236.68069462280982,-144.71654050630562,-91.9641541165042,-0.08598200929220884,0.008557586902581543,0.04152540366083235,0.15074902721650685,0.00238351189151631,-0.013301417683975192,0.008598836028398171,-0.007983328117518451,0.006126501965989739,0.012694866860288867,0.0003630562310619201,-0.015123127783503554,-0.023711945995085415,0.09368167228182189
2026-09-16,23201.599609375,23284.75,23116.099609375,23217.599609375,261600,0.004282266299549198,-0.017664406196722604,-0.034844035311779153,-0.038803752699960836,23328.719921875,23873.48251953125,24103.56203125,-0.004763240883860265,-0.02747328168898966,-0.03675649353097099,0.0072639029642367035,0.0006896076248783695,0.005010388830723218,0.004749450320683128,-0.22786304604486418,0.8925281473899693,16.96974119541889,-254.38083441873823,-166.64939928879215,-87.73143512994608,0.058261793187475305,0.008514331433720693,0.09275836833695728,0.20340506172050365,-0.014341110172692129,-0.0226587718244865,-0.009305235247022092,,0.0014723902902604724,0.014879817418653518,-0.017260563710188914,,0.057771100479694804,
2026-09-17,23195.25,23363.55078125,23193.650390625,23270.599609375,259700,0.0022827510548764085,-0.006866841244691946,-0.026923037343891343,-0.03354477457578586,23296.53984375,23833.0974609375,24091.3330078125,-0.001113480136920808,-0.02360154203558462,-0.03406757933117888,0.007301074896091307,0.003248493091257908,0.005244537420180479,0.004832466736133098,-0.007262996941896027,0.8828828828828829,21.418927011988643,-261.12161819709945,-185.54384307045365,-75.5777751266458,0.14047527499774742,0.008382292191697619,-0.019359659193874723,0.1727516129240454,0.00892018010207063,-0.008543897294354563,-0.004471543537976519,-0.01586103387072868,0.0016413060455819917,0.015882854771832378,0.01262467637053577,-0.011601712097319195,-0.03212700998821316,0.10104269213395711
2026-09-18,23334.69921875,23389.150390625,23286.599609375,23346.400390625,375300,0.0032573626173113546,-0.005596792981135579,-0.02207677756555848,-0.036540719467301086,23270.259765625,23788.825,24079.005,0.0032720143980720096,-0.01859800176658577,-0.030425036639803005,0.00439257356740872,0.0005014494408223536,0.005574978040071418,0.004603161115314538,0.4451289949942241,1.250083272267004,20.92295723255279,-257.380328143714,-199.91114008510573,-57.46918805860827,0.21908334979812982,0.008376798011040508,-0.06681853525763615,0.031040258656954478,-0.004204812937347868,-0.004259675550236763,0.01138133856179846,0.0001833206355925654,0.001454304994732425,0.013807866347404163,0.002780671296296333,-0.013674983148184161,-0.005076604915719485,0.06100989509801291
