Date,Adj Close,Close,High,Low,Open,Volume,Return,Previous_Return,MA_5,MA_20,MA_50,Volatility_10,Volume_Change,Target
2015-03-17,8723.2998046875,8723.2998046875,8742.5498046875,8630.7998046875,8689.099609375,177000,0.010442238346779709,-0.0016882552542568652,8696.030078125,8799.122412109375,8669.16697265625,0.009786080698764205,0.08389467238211878,0.0
2015-03-18,8685.900390625,8685.900390625,8747.25,8664.0,8742.900390625,156400,-0.004287301239194297,0.010442238346779709,8693.2201171875,8792.949951171875,8674.9759765625,0.00947598680151423,-0.11638418079096047,0.0
2015-03-19,8634.650390625,8634.650390625,8788.2001953125,8614.650390625,8749.4501953125,163500,-0.00590036699653107,-0.004287301239194297,8664.9501953125,8781.227490234374,8680.1009765625,0.009376760895272009,0.045396419437340185,0.0
2015-03-20,8570.900390625,8570.900390625,8627.900390625,8553.0,8627.900390625,174600,-0.0073830435647072035,-0.00590036699653107,8649.5802734375,8765.00751953125,8688.971982421876,0.009285530054882328,0.06788990825688068,0.0
2015-03-23,8550.900390625,8550.900390625,8608.349609375,8540.5498046875,8591.5498046875,150700,-0.002333477124745964,-0.0073830435647072035,8633.1302734375,8750.87255859375,8697.94798828125,0.00736130548774887,-0.13688430698739973,0.0
2015-03-24,8542.9501953125,8542.9501953125,8627.75,8535.849609375,8537.0498046875,156700,-0.000929749494125387,-0.002333477124745964,8597.0603515625,8740.27255859375,8704.115,0.007306000066354388,0.0398142003981421,0.0
2015-03-25,8530.7998046875,8530.7998046875,8573.75,8516.5498046875,8568.900390625,161000,-0.0014222710360253243,-0.000929749494125387,8566.040234375,8728.707568359376,8709.04099609375,0.007305730448104114,0.02744097000638157,0.0
2015-03-26,8342.150390625,8342.150390625,8499.4501953125,8325.349609375,8474.9501953125,280100,-0.022113918786236364,-0.0014222710360253243,8507.540234375,8707.452587890624,8709.42400390625,0.008680820706473729,0.7397515527950311,0.0
2015-03-27,8341.400390625,8341.400390625,8413.2001953125,8269.150390625,8396.0,193000,-8.990487642646094e-05,-0.022113918786236364,8461.640234375,8690.330126953126,8710.26400390625,0.008092993217898673,-0.31096037129596577,1.0
2015-03-30,8492.2998046875,8492.2998046875,8492.2998046875,8380.75,8390.9501953125,134700,0.018090417315550278,-8.990487642646094e-05,8449.9201171875,8672.71513671875,8714.55900390625,0.010624949210087435,-0.30207253886010366,0.0
2015-03-31,8491.0,8491.0,8550.4501953125,8454.150390625,8527.599609375,167200,-0.0001530568535489385,0.018090417315550278,8439.530078125,8649.42763671875,8714.49599609375,0.00978667980778937,0.2412769116555309,1.0
2015-04-01,8586.25,8586.25,8603.400390625,8464.75,8483.7001953125,125500,0.011217759981156483,-0.0001530568535489385,8450.6201171875,8628.92763671875,8715.945,0.010685792968693307,-0.24940191387559807,1.0
2015-04-06,8659.900390625,8659.900390625,8667.5498046875,8573.75,8615.7998046875,146900,0.00857771327704171,0.011217759981156483,8514.1701171875,8615.79013671875,8718.12900390625,0.010941154054578654,0.17051792828685253,1.0
2015-04-07,8660.2998046875,8660.2998046875,8693.599609375,8586.849609375,8684.4501953125,148700,4.612224673294918e-05,0.00857771327704171,8577.95,8601.917626953125,8717.4230078125,0.010605090672647283,0.012253233492171445,1.0
2015-04-08,8714.400390625,8714.400390625,8730.5,8679.7998046875,8698.9501953125,148200,0.006246964557533818,4.612224673294918e-05,8622.3701171875,8599.800146484375,8717.121015625,0.010644461320907425,-0.00336247478143914,1.0
2015-04-09,8778.2998046875,8778.2998046875,8785.5,8682.4501953125,8756.2001953125,152700,0.007332623152276119,0.006246964557533818,8679.830078125,8603.112646484375,8717.45900390625,0.010716775292793785,0.030364372469635637,1.0
2015-04-10,8780.349609375,8780.349609375,8787.400390625,8733.599609375,8774.349609375,139000,0.0002335081659441407,0.007332623152276119,8718.65,8607.1326171875,8716.35400390625,0.010657377217087639,-0.08971840209561233,1.0
2015-04-13,8834.0,8834.0,8841.650390625,8762.099609375,8801.75,121600,0.006110279546012176,0.0002335081659441407,8753.469921875,8610.0326171875,8714.82400390625,0.006009020451369219,-0.12517985611510796,0.0
2015-04-16,8706.7001953125,8706.7001953125,8760.0,8645.650390625,8757.0498046875,142900,-0.014410211080767454,0.006110279546012176,8762.75,8612.980126953125,8710.67201171875,0.008673839610882238,0.17516447368421062,0.0
2015-04-17,8606.0,8606.0,8699.849609375,8596.7001953125,8698.0498046875,150400,-0.01156582781691673,-0.014410211080767454,8741.069921875,8611.622607421876,8703.74501953125,0.008514377877013202,0.05248425472358287,0.0
2015-04-20,8448.099609375,8448.099609375,8619.9501953125,8422.75,8618.7998046875,148900,-0.01834770981001632,-0.01156582781691673,8675.0298828125,8597.86259765625,8696.52900390625,0.010570305200364763,-0.009973404255319118,0.0
2015-04-21,8377.75,8377.75,8469.349609375,8352.7001953125,8416.099609375,407800,-0.008327270348106652,-0.01834770981001632,8594.5099609375,8582.455078125,8688.13599609375,0.00996140524256464,1.7387508394895903,1.0
2015-04-22,8429.7001953125,8429.7001953125,8449.9501953125,8284.7001953125,8400.400390625,171800,0.006200972255378856,-0.008327270348106652,8513.65,8572.207568359376,8681.59900390625,0.009694893557475341,-0.5787150564001962,0.0
2015-04-23,8398.2998046875,8398.2998046875,8504.9501953125,8361.849609375,8478.2001953125,156000,-0.0037249712205020824,0.006200972255378856,8451.969921875,8563.5775390625,8675.09099609375,0.00965169929417735,-0.09196740395809078,0.0
2015-04-24,8305.25,8305.25,8413.2998046875,8273.349609375,8405.7001953125,173600,-0.011079600258562361,-0.0037249712205020824,8391.819921875,8551.29501953125,8666.9619921875,0.00935282651871892,0.11282051282051286,0.0
2015-04-27,8213.7998046875,8213.7998046875,8334.4501953125,8202.349609375,8330.5498046875,171500,-0.011011130948797465,-0.011079600258562361,8344.9599609375,8534.8375,8658.0169921875,0.008475808703142457,-0.012096774193548376,1.0
2015-04-28,8285.599609375,8285.599609375,8308.0,8185.14990234375,8215.5498046875,174600,0.008741362876475867,-0.011011130948797465,8326.5298828125,8522.577490234375,8653.2019921875,0.009590756153773807,0.018075801749271037,0.0
2015-04-29,8239.75,8239.75,8308.2001953125,8219.2001953125,8274.7998046875,160400,-0.005533650132347967,0.008741362876475867,8288.53984375,8517.457470703124,8646.68599609375,0.00865297589010848,-0.08132875143184426,0.0
2015-04-30,8181.5,8181.5,8229.400390625,8144.75,8224.5,267700,-0.007069389241178392,-0.005533650132347967,8245.1798828125,8509.462451171876,8637.76798828125,0.008247476304910626,0.6689526184538654,1.0
2015-05-04,8331.9501953125,8331.9501953125,8346.0,8220.4501953125,8230.0498046875,131700,0.01838907233545184,-0.007069389241178392,8250.519921875,8501.444970703125,8630.17599609375,0.011038288882223331,-0.5080313784086664,0.0
2015-05-05,8324.7998046875,8324.7998046875,8355.650390625,8280.599609375,8338.400390625,155500,-0.0008581893143123631,0.01838907233545184,8272.719921875,8493.1349609375,8620.5619921875,0.009667848341549911,0.18071374335611234,0.0
2015-05-06,8097.0,8097.0,8331.9501953125,8083.0,8316.599609375,209600,-0.02736399793773192,-0.0008581893143123631,8235.0,8468.6724609375,8606.315,0.012605419547425802,0.3479099678456592,0.0
2015-05-07,8057.2998046875,8057.2998046875,8122.60009765625,7997.14990234375,8077.0,161600,-0.004903074634123761,-0.02736399793773192,8198.5099609375,8438.542431640624,8590.07900390625,0.012153433067844357,-0.2290076335877863,1.0
2015-05-08,8191.5,8191.5,8224.9501953125,8123.4501953125,8131.5,183100,0.01665572816769534,-0.004903074634123761,8200.5099609375,8415.10244140625,8576.0030078125,0.013873996119961336,0.1330445544554455,1.0
2015-05-11,8325.25,8325.25,8332.75,8224.650390625,8243.2001953125,192000,0.01632790087285607,0.01665572816769534,8199.169921875,8395.644921875,8565.836015625,0.014654736760093526,0.04860731840524313,0.0
2015-05-12,8126.9501953125,8126.9501953125,8326.650390625,8115.2998046875,8326.150390625,173400,-0.02381908107113906,0.01632790087285607,8159.6,8363.07744140625,8553.276015625,0.01623164080504887,-0.09687500000000004,1.0
2015-05-13,8235.4501953125,8235.4501953125,8254.9501953125,8089.7998046875,8181.5498046875,169800,0.013350641678914421,-0.02381908107113906,8187.2900390625,8335.832470703124,8542.74302734375,0.01659851161607526,-0.02076124567474047,0.0
2015-05-14,8224.2001953125,8224.2001953125,8236.25,8137.2998046875,8232.4501953125,134800,-0.0013660455388829762,0.013350641678914421,8220.6701171875,8305.34248046875,8531.88203125,0.01650967437693649,-0.20612485276796233,1.0
2015-05-15,8262.349609375,8262.349609375,8279.2001953125,8212.2001953125,8240.2998046875,129800,0.004638677701966021,-0.0013660455388829762,8234.8400390625,8283.124951171874,8523.45203125,0.01637238335992235,-0.0370919881305638,1.0
2015-05-18,8373.650390625,8373.650390625,8384.599609375,8271.9501953125,8284.9501953125,148700,0.013470838987944989,0.004638677701966021,8244.5201171875,8271.507470703125,8514.033046875,0.01586138551107602,0.1456086286594762,0.0
2015-05-19,8365.650390625,8365.650390625,8427.7998046875,8335.0,8356.2001953125,140300,-0.0009553778372400901,0.013470838987944989,8292.26015625,8267.385009765625,8502.2110546875,0.01586241709732901,-0.056489576328177526,1.0
2015-05-20,8423.25,8423.25,8440.349609375,8391.4501953125,8392.650390625,123600,0.006885251795789804,-0.0009553778372400901,8329.8201171875,8269.660009765625,8490.7510546875,0.012492293395578934,-0.11903064861012114,0.0
2015-05-21,8421.0,8421.0,8446.349609375,8382.5,8434.5,143800,-0.00026711779894939003,0.006885251795789804,8369.180078125,8269.225,8480.718046875,0.01220676597065103,0.1634304207119741,1.0
2015-05-22,8458.9501953125,8458.9501953125,8489.5498046875,8420.599609375,8432.5,187300,0.004506613859696085,-0.00026711779894939003,8408.5001953125,8272.25751953125,8471.14205078125,0.011442287528189682,0.3025034770514603,0.0
2015-05-25,8370.25,8370.25,8441.9501953125,8364.150390625,8438.150390625,121300,-0.010485957862909845,0.004506613859696085,8407.8201171875,8275.50751953125,8463.41205078125,0.01118302551491089,-0.35237586759209827,0.0
2015-05-26,8339.349609375,8339.349609375,8378.900390625,8320.0498046875,8377.099609375,116800,-0.0036916926764433144,-0.010485957862909845,8402.5599609375,8281.785009765625,8455.958046875,0.007507949486357336,-0.03709810387469081,0.0
2015-05-27,8334.599609375,8334.599609375,8342.849609375,8277.9501953125,8302.75,165500,-0.0005695887835976965,-0.0036916926764433144,8384.8298828125,8284.235009765625,8448.65103515625,0.006520526780440193,0.41695205479452047,0.0
2015-05-28,8319.0,8319.0,8364.5,8270.150390625,8345.7001953125,232300,-0.00187166871908917,-0.0005695887835976965,8364.4298828125,8288.197509765625,8439.51103515625,0.006544693910240541,0.4036253776435046,1.0
2015-05-29,8433.650390625,8433.650390625,8443.900390625,8305.7001953125,8327.099609375,363900,0.013781751487558669,-0.00187166871908917,8359.369921875,8300.805029296875,8435.22904296875,0.0076320619011539925,0.566508824795523,0.0
2015-06-01,8433.400390625,8433.400390625,8467.150390625,8405.400390625,8417.25,122200,-2.964315431874809e-05,0.013781751487558669,8372.0,8305.8775390625,8431.23404296875,0.00650398716400717,-0.6641934597416872,0.0
2015-06-02,8236.4501953125,8236.4501953125,8445.349609375,8226.0498046875,8442.7998046875,146800,-0.023353592405198742,-2.964315431874809e-05,8351.4201171875,8301.46005859375,8421.49705078125,0.010042902847514787,0.2013093289689034,0.0
2015-06-03,8135.10009765625,8135.10009765625,8236.7001953125,8094.14990234375,8232.4501953125,171400,-0.012305070176218624,-0.023353592405198742,8311.52021484375,8303.365063476562,8410.481044921875,0.010093904858971789,0.16757493188010897,0.0
2015-06-04,8130.64990234375,8130.64990234375,8160.0498046875,8056.75,8155.14990234375,154700,-0.0005470363313393456,-0.012305070176218624,8273.8501953125,8307.032568359375,8400.40103515625,0.010084547274798848,-0.09743290548424732,0.0
2015-06-05,8114.7001953125,8114.7001953125,8191.0,8100.14990234375,8119.14990234375,162100,-0.001961676769116849,-0.0005470363313393456,8210.06015625,8303.192578125,8391.27703125,0.009717802305521153,0.04783451842275377,0.0
2015-06-08,8044.14990234375,8044.14990234375,8131.0,8030.5498046875,8124.35009765625,135900,-0.008694134258897646,-0.001961676769116849,8132.21005859375,8289.137573242188,8381.142021484375,0.009602881110931672,-0.16162862430598401,0.0
2015-06-09,8022.39990234375,8022.39990234375,8057.14990234375,8005.14990234375,8026.5,136000,-0.0027038282806817193,-0.008694134258897646,8089.4,8283.91005859375,8370.731015625,0.0096106171616549,0.0007358351729211954,1.0
2015-06-10,8124.4501953125,8124.4501953125,8152.25,8023.7998046875,8024.14990234375,136800,0.012720668903445809,-0.0027038282806817193,8087.27001953125,8278.36005859375,8362.6040234375,0.01093813893424245,0.00588235294117645,0.0
2015-06-11,7965.35009765625,7965.35009765625,8163.0498046875,7958.25,8157.2998046875,166200,-0.019582875620068996,0.012720668903445809,8054.21005859375,8265.417553710937,8355.068017578125,0.012188217495185632,0.21491228070175428,1.0
2015-06-12,7982.89990234375,7982.89990234375,7995.60009765625,7940.2998046875,7959.85009765625,136600,0.0022032684655837187,-0.019582875620068996,8027.85,8251.445068359375,8347.8980078125,0.010747930233358334,-0.1780986762936222,1.0
2015-06-15,8013.89990234375,8013.89990234375,8057.7001953125,7944.85009765625,7986.60009765625,133000,0.003883300602441242,0.0022032684655837187,8021.8,8233.457543945313,8338.330009765625,0.011033628283544542,-0.026354319180087793,1.0
2015-06-16,8047.2998046875,8047.2998046875,8061.85009765625,7952.35009765625,8004.2001953125,124000,0.004167746384501569,0.003883300602441242,8026.77998046875,8217.540014648437,8329.456005859374,0.009243593644004306,-0.06766917293233088,1.0
2015-06-17,8091.5498046875,8091.5498046875,8136.85009765625,8048.9501953125,8084.2001953125,152500,0.005498738840850059,0.004167746384501569,8020.19990234375,8200.955004882813,8319.562001953125,0.008802621569291166,0.22983870967741926,1.0
2015-06-18,8174.60009765625,8174.60009765625,8186.89990234375,8101.7998046875,8113.7001953125,144800,0.010263830165222254,0.005498738840850059,8062.04990234375,8188.635009765625,8309.85599609375,0.009437395388169545,-0.05049180327868852,1.0
2015-06-19,8224.9501953125,8224.9501953125,8250.7998046875,8195.650390625,8201.150390625,147100,0.006159334653041526,0.010263830165222254,8110.4599609375,8176.935009765625,8301.14900390625,0.009543244939175417,0.015883977900552404,1.0
2015-06-22,8353.099609375,8353.099609375,8369.4501953125,8257.400390625,8259.2998046875,122700,0.015580570218593381,0.006159334653041526,8178.29990234375,8176.077490234375,8293.92298828125,0.009777185383743269,-0.16587355540448678,1.0
2015-06-23,8381.5498046875,8381.5498046875,8398.4501953125,8334.9501953125,8377.4501953125,131700,0.003405944696333929,0.015580570218593381,8245.14990234375,8178.1875,8285.98798828125,0.009511569900878711,0.07334963325183375,0.0
2015-06-24,8360.849609375,8360.849609375,8421.349609375,8338.900390625,8399.400390625,130100,-0.002469733616678238,0.003405944696333929,8299.00986328125,8179.5,8277.59798828125,0.009249790148166102,-0.012148823082763882,1.0
2015-06-25,8398.0,8398.0,8423.150390625,8329.5,8336.25,201200,0.00444337505883885,-0.002469733616678238,8343.68984375,8183.45,8268.87798828125,0.004815191482992359,0.5465026902382784,0.0
2015-06-26,8381.099609375,8381.099609375,8408.5498046875,8339.7001953125,8393.9501953125,110600,-0.0020124304149797823,0.00444337505883885,8374.9197265625,8180.8224609375,8262.3659765625,0.0052798809478962995,-0.4502982107355865,0.0
2015-06-29,8318.400390625,8318.400390625,8329.4501953125,8195.650390625,8247.0498046875,132000,-0.00748102536329065,-0.0020124304149797823,8367.9798828125,8175.0724609375,8256.613984375,0.0065832726993813,0.1934900542495479,1.0
2015-06-30,8368.5,8368.5,8378.0,8298.9501953125,8316.349609375,158500,0.006022745602803914,-0.00748102536329065,8365.369921875,8181.674951171875,8255.0219921875,0.006622194728176265,0.2007575757575757,1.0
2015-07-01,8453.0498046875,8453.0498046875,8481.599609375,8370.150390625,8376.25,131800,0.01010334046573469,0.006022745602803914,8383.8099609375,8197.572436523438,8256.52798828125,0.006896920231943711,-0.1684542586750789,0.0
2015-07-02,8444.900390625,8444.900390625,8479.25,8433.2001953125,8471.9501953125,112000,-0.0009640797405430224,0.01010334046573469,8393.1900390625,8213.2849609375,8256.8319921875,0.006748873565821968,-0.15022761760242798,1.0
2015-07-03,8484.900390625,8484.900390625,8497.75,8424.150390625,8440.099609375,88400,0.004736586359787687,-0.0009640797405430224,8413.9501953125,8231.794970703126,8258.56400390625,0.006696192130239324,-0.21071428571428574,1.0
2015-07-06,8522.150390625,8522.150390625,8533.150390625,8386.150390625,8386.150390625,101500,0.004390151714822377,0.004736586359787687,8454.7001953125,8255.694995117188,8262.90201171875,0.005139668927391583,0.1481900452488687,0.0
2015-07-07,8510.7998046875,8510.7998046875,8561.349609375,8483.849609375,8525.5,122200,-0.0013318922357890006,0.004390151714822377,8483.16015625,8280.114990234375,8268.84201171875,0.00521527235118103,0.20394088669950738,0.0
2015-07-08,8363.0498046875,8363.0498046875,8457.5,8341.400390625,8439.2001953125,188100,-0.01736029555278973,-0.0013318922357890006,8465.16015625,8292.044970703126,8270.391015625,0.007915331248238937,0.539279869067103,0.0
2015-07-09,8328.5498046875,8328.5498046875,8400.2998046875,8323.0,8364.849609375,131300,-0.004125289314989233,-0.01736029555278973,8441.8900390625,8310.204956054688,8272.16701171875,0.007850979852036071,-0.3019670388091441,1.0
2015-07-10,8360.5498046875,8360.5498046875,8377.099609375,8315.400390625,8365.7001953125,154100,0.0038422055160178825,-0.004125289314989233,8417.019921875,8329.087451171876,8275.7480078125,0.007968126443528805,0.17364813404417356,1.0
2015-07-13,8459.650390625,8459.650390625,8471.650390625,8355.400390625,8397.25,117800,0.011853357524637564,0.0038422055160178825,8404.519921875,8351.374975585937,8278.30201171875,0.008346359933894045,-0.23556132381570405,0.0
2015-07-14,8454.099609375,8454.099609375,8480.25,8424.099609375,8470.599609375,101700,-0.0006561478304294432,0.011853357524637564,8393.1798828125,8371.714965820312,8280.8880078125,0.008229910942073043,-0.1366723259762309,1.0
2015-07-15,8523.7998046875,8523.7998046875,8531.400390625,8462.9501953125,8463.400390625,105500,0.008244543893853207,-0.0006561478304294432,8425.3298828125,8393.327465820312,8289.42400390625,0.008021023751819036,0.03736479842674534,1.0
2015-07-16,8608.0498046875,8608.0498046875,8616.099609375,8542.900390625,8546.150390625,116000,0.009884089482447456,0.008244543893853207,8481.2298828125,8414.999951171874,8300.43900390625,0.008467630003774228,0.09952606635071093,1.0
2015-07-17,8609.849609375,8609.849609375,8642.9501953125,8593.150390625,8623.650390625,105000,0.00020908390731189108,0.009884089482447456,8531.08984375,8434.244921875,8308.80599609375,0.008422866839582951,-0.09482758620689657,0.0
2015-07-20,8603.4501953125,8603.4501953125,8624.099609375,8559.0,8623.900390625,90600,-0.0007432666484129546,0.00020908390731189108,8559.8498046875,8446.762451171875,8314.37,0.008383149168702269,-0.13714285714285712,0.0
2015-07-21,8529.4501953125,8529.4501953125,8646.75,8517.900390625,8601.5,164100,-0.00860120048586066,-0.0007432666484129546,8574.919921875,8454.157470703125,8322.42,0.008904984931190692,0.8112582781456954,1.0
2015-07-22,8633.5,8633.5,8643.900390625,8498.650390625,8512.25,136800,0.012198887654526924,-0.00860120048586066,8596.8599609375,8467.789990234374,8330.38099609375,0.0071390113926672145,-0.1663619744058501,0.0
2015-07-23,8589.7998046875,8589.7998046875,8654.75,8573.7998046875,8643.9501953125,132900,-0.005061700968610694,0.012198887654526924,8593.2099609375,8477.37998046875,8337.69298828125,0.007251186929376716,-0.028508771929824595,0.0
2015-07-24,8521.5498046875,8521.5498046875,8589.150390625,8513.5,8588.150390625,127400,-0.00794547038951432,-0.005061700968610694,8575.55,8484.402490234375,8342.8769921875,0.008035853380029073,-0.04138449962377733,0.0
2015-07-27,8361.0,8361.0,8492.2001953125,8351.5498046875,8492.099609375,136600,-0.01884044667546103,-0.00794547038951432,8527.0599609375,8486.532470703125,8342.623984375,0.009547579009517514,0.07221350078492939,0.0
2015-07-28,8337.0,8337.0,8397.400390625,8321.75,8371.099609375,174600,-0.002870470039468942,-0.01884044667546103,8488.569921875,8484.957470703124,8342.0509765625,0.009561006528996278,0.27818448023426057,1.0
2015-07-29,8375.0498046875,8375.0498046875,8381.5,8338.4501953125,8365.599609375,141000,0.004563968416396724,-0.002870470039468942,8436.8798828125,8481.057470703125,8341.08697265625,0.009215093877602476,-0.1924398625429553,1.0
2015-07-30,8421.7998046875,8421.7998046875,8458.900390625,8408.2998046875,8417.0,215200,0.005582056356707721,0.004563968416396724,8403.2798828125,8479.90244140625,8341.10296875,0.008699108301557143,0.526241134751773,1.0
2015-07-31,8532.849609375,8532.849609375,8548.9501953125,8448.0,8456.099609375,203300,0.013185994355469077,0.005582056356707721,8405.53984375,8482.29990234375,8342.58095703125,0.009965942037400135,-0.0552973977695167,1.0
2015-08-03,8543.0498046875,8543.0498046875,8563.9501953125,8508.099609375,8510.650390625,156700,0.0011954031512864116,0.013185994355469077,8441.9498046875,8483.344873046875,8346.036953125,0.009987151275446918,-0.2292179045745204,0.0
2015-08-04,8516.900390625,8516.900390625,8565.150390625,8448.25,8564.099609375,187400,-0.00306089917070973,0.0011954031512864116,8477.9298828125,8483.64990234375,8349.58796875,0.009645454272383744,0.19591576260370136,1.0
2015-08-05,8567.9501953125,8567.9501953125,8591.849609375,8545.849609375,8547.4501953125,132800,0.005993941733038577,-0.00306089917070973,8516.5099609375,8493.894921875,8354.25498046875,0.008939743185677163,-0.2913553895410885,1.0
2015-08-06,8588.650390625,8588.650390625,8606.2998046875,8551.5,8585.7998046875,134900,0.002416003226048735,0.005993941733038577,8549.880078125,8506.899951171876,8359.64798828125,0.008849041347064119,0.01581325301204828,0.0
2015-08-07,8564.599609375,8564.599609375,8595.9501953125,8552.7001953125,8580.7998046875,143700,-0.002800298085977815,0.002416003226048735,8556.230078125,8517.10244140625,8362.26697265625,0.008476026413223347,0.0652335063009637,0.0
2015-08-10,8525.599609375,8525.599609375,8621.5498046875,8497.7998046875,8577.0,123400,-0.004553627931107251,-0.002800298085977815,8552.7400390625,8520.39990234375,8364.11095703125,0.005543950767879327,-0.14126652748782187,0.0
2015-08-11,8462.349609375,8462.349609375,8556.25,8441.2998046875,8548.4501953125,154400,-0.007418833032042493,-0.004553627931107251,8541.8298828125,8520.81240234375,8368.6289453125,0.006139364671995422,0.2512155591572123,0.0
2015-08-12,8349.4501953125,8349.4501953125,8446.9501953125,8337.9501953125,8445.7001953125,190000,-0.013341379081930671,-0.007418833032042493,8498.1298828125,8512.094921875,8372.915947265625,0.007589583944680664,0.23056994818652843,1.0
2015-08-13,8355.849609375,8355.849609375,8429.5,8339.75,8384.4501953125,189200,0.0007664473603414823,-0.013341379081930671,8451.5697265625,8499.484912109376,8377.41994140625,0.0073244402165573074,-0.004210526315789442,1.0
2015-08-14,8518.5498046875,8518.5498046875,8530.099609375,8381.2001953125,8402.349609375,155900,0.01947141259339502,0.0007664473603414823,8442.359765625,8494.919921875,8385.49693359375,0.008779503596519305,-0.17600422832980978,0.0
2015-08-17,8477.2998046875,8477.2998046875,8530.599609375,8428.0498046875,8530.5,174700,-0.004842373519645449,0.01947141259339502,8432.6998046875,8488.61240234375,8394.159931640625,0.008884962396020924,0.12059012187299545,0.0
2015-08-18,8466.5498046875,8466.5498046875,8525.75,8433.599609375,8505.849609375,153300,-0.0012680924643075908,-0.004842373519645449,8433.53984375,8485.4673828125,8403.0429296875,0.008850881977167744,-0.12249570692615908,1.0
2015-08-19,8495.150390625,8495.150390625,8520.4501953125,8425.9501953125,8468.0498046875,130500,0.0033780685872379923,-0.0012680924643075908,8462.6798828125,8478.54990234375,8410.45693359375,0.008672594746664158,-0.1487279843444227,0.0
2015-08-20,8372.75,8372.75,8501.349609375,8359.75,8471.0498046875,184100,-0.014408266481082843,0.0033780685872379923,8466.0599609375,8467.697412109375,8418.604931640624,0.00956157481916055,0.41072796934865896,0.0
2015-08-21,8299.9501953125,8299.9501953125,8322.2001953125,8225.0498046875,8305.400390625,201300,-0.008694849922367243,-0.014408266481082843,8422.3400390625,8456.617431640625,8424.9459375,0.00976163042234604,0.09342748506246612,0.0
2015-08-24,7809.0,7809.0,8060.0498046875,7769.39990234375,8055.9501953125,312400,-0.05915098088055637,-0.008694849922367243,8288.680078125,8429.017431640625,8420.847939453124,0.020276104230713077,0.5519125683060109,1.0
2015-08-25,7880.7001953125,7880.7001953125,7925.39990234375,7667.25,7895.39990234375,299100,0.009181738418811536,-0.05915098088055637,8171.51015625,8406.20244140625,8417.515947265625,0.021044107406666977,-0.04257362355953909,0.0
2015-08-26,7791.85009765625,7791.85009765625,7930.0498046875,7777.10009765625,7865.25,216600,-0.011274391291918318,0.009181738418811536,8030.85009765625,8377.042456054687,8411.521953125,0.020983773839711783,-0.275827482447342,1.0
2015-08-27,7948.9501953125,7948.9501953125,7963.60009765625,7862.2998046875,7921.60009765625,305000,0.02016210472317792,-0.011274391291918318,7946.09013671875,8353.399975585937,8407.008955078125,0.022584308456833367,0.40812557710064645,1.0
2015-08-28,8001.9501953125,8001.9501953125,8091.7998046875,7961.64990234375,8053.7001953125,195600,0.006667547122292117,0.02016210472317792,7886.49013671875,8326.855004882813,8402.548955078126,0.02139025682162639,-0.358688524590164,0.0
2015-08-31,7971.2998046875,7971.2998046875,8043.60009765625,7947.9501953125,8009.25,198200,-0.003830365083121179,0.006667547122292117,7918.95009765625,8298.267504882813,8394.912958984374,0.02139886570437663,0.013292433537832382,0.0
2015-09-01,7785.85009765625,7785.85009765625,7929.10009765625,7746.5,7907.9501953125,184900,-0.023264675971940818,-0.003830365083121179,7899.980078125,8261.714990234375,8382.99896484375,0.02198951956115712,-0.06710393541876891,0.0
2015-09-02,7717.0,7717.0,7862.5498046875,7699.25,7856.64990234375,215300,-0.0088429775544967,-0.023264675971940818,7885.01005859375,8219.16748046875,8370.12197265625,0.0216157071930181,0.1644131963223363,1.0
2015-09-03,7823.0,7823.0,7845.60009765625,7754.0498046875,7774.4501953125,155800,0.013735907736166952,-0.0088429775544967,7859.82001953125,8180.8849609375,8358.62197265625,0.022688862073279983,-0.27635856943799353,0.0
2015-09-04,7655.0498046875,7655.0498046875,7804.89990234375,7626.85009765625,7803.39990234375,193600,-0.021468770971813878,0.013735907736166952,7790.43994140625,8135.407470703125,8344.1009765625,0.023178522626776284,0.24261874197689348,0.0
2015-09-07,7558.7998046875,7558.7998046875,7705.0498046875,7545.89990234375,7685.85009765625,141400,-0.01257339958011272,-0.021468770971813878,7707.93994140625,8087.06748046875,8328.90896484375,0.014925372685801816,-0.2696280991735537,1.0
2015-09-08,7688.25,7688.25,7720.89990234375,7539.5,7587.7001953125,172200,0.017125760525132927,-0.01257339958011272,7688.419921875,8048.3625,8315.30396484375,0.015838196665039227,0.2178217821782178,1.0
2015-09-09,7818.60009765625,7818.60009765625,7846.0498046875,7764.5498046875,7805.85009765625,208400,0.01695445617094271,0.017125760525132927,7708.73994140625,8021.819995117187,8302.614970703125,0.016570803980212656,0.21022067363530783,0.0
2015-09-10,7788.10009765625,7788.10009765625,7819.85009765625,7678.5,7729.0498046875,160300,-0.0039009540862875447,0.01695445617094271,7701.7599609375,7993.43251953125,8289.47896484375,0.015072349431162303,-0.23080614203454897,1.0
2015-09-11,7789.2998046875,7789.2998046875,7864.85009765625,7759.89990234375,7833.7998046875,136400,0.00015404360706794407,-0.0039009540862875447,7728.6099609375,7956.97001953125,8275.566953125,0.014797287019976416,-0.14909544603867753,1.0
2015-09-14,7872.25,7872.25,7879.9501953125,7761.85009765625,7811.10009765625,122800,0.010649249276883932,0.00015404360706794407,7791.3,7926.717529296875,8262.5689453125,0.015360274897698763,-0.09970674486803521,0.0
2015-09-15,7829.10009765625,7829.10009765625,7880.0,7799.75,7867.35009765625,136500,-0.005481266771729776,0.010649249276883932,7819.47001953125,7894.845043945313,8248.934951171876,0.013421683496813832,0.11156351791530938,1.0
2015-09-16,7899.14990234375,7899.14990234375,7913.89990234375,7853.2998046875,7886.85009765625,140000,0.008947363530129149,-0.005481266771729776,7835.57998046875,7865.04501953125,8239.656953125,0.013203032935088463,0.02564102564102555,1.0
2015-09-18,7981.89990234375,7981.89990234375,8055.0,7955.85009765625,7967.4501953125,241800,0.010475810818002973,0.008947363530129149,7874.33994140625,7845.502514648438,8232.723955078125,0.012929839054646348,0.7271428571428571,0.0
2015-09-21,7977.10009765625,7977.10009765625,7987.89990234375,7908.35009765625,7911.5,121800,-0.0006013361162410247,0.010475810818002973,7911.9,7829.360009765625,8225.0549609375,0.010074076524531695,-0.49627791563275436,0.0
2015-09-22,7812.0,7812.0,8021.60009765625,7787.75,8014.7998046875,168400,-0.02069675641963653,-0.0006013361162410247,7899.85,7829.510009765625,8212.101953125,0.011760948581071514,0.3825944170771758,1.0
2015-09-23,7845.9501953125,7845.9501953125,7882.89990234375,7723.25,7737.35009765625,146700,0.004345903137800811,-0.02069675641963653,7903.22001953125,7827.772509765625,8199.93896484375,0.010750141977102038,-0.1288598574821853,1.0
2015-09-24,7868.5,7868.5,7894.5,7804.10009765625,7838.39990234375,202500,0.002874069312977845,0.004345903137800811,7897.0900390625,7831.605004882813,8186.83296875,0.009426772321760231,0.3803680981595092,0.0
2015-09-28,7795.7001953125,7795.7001953125,7893.9501953125,7787.9501953125,7892.7998046875,136300,-0.009252056260723118,0.002874069312977845,7859.85009765625,7823.9425048828125,8170.5859765625,0.009857525309778766,-0.3269135802469135,1.0
2015-09-29,7843.2998046875,7843.2998046875,7926.5498046875,7691.2001953125,7725.7001953125,240700,0.006105879931557867,-0.009252056260723118,7833.0900390625,7816.009985351562,8155.25498046875,0.01003642506879456,0.7659574468085106,1.0
2015-09-30,7948.89990234375,7948.89990234375,7957.7001953125,7874.5,7924.25,210700,0.013463733413981993,0.006105879931557867,7860.47001953125,7814.889990234375,8142.163974609375,0.01037890567058625,-0.12463647694225177,1.0
2015-10-01,7950.89990234375,7950.89990234375,8008.25,7930.64990234375,7992.0498046875,156900,0.00025160714370175974,0.013463733413981993,7881.4599609375,7823.14248046875,8130.59296875,0.010135492696023572,-0.2553393450403417,1.0
2015-10-05,8119.2998046875,8119.2998046875,8128.89990234375,8005.10009765625,8005.10009765625,183100,0.02117998017986733,0.00025160714370175974,7931.619921875,7843.257470703125,8120.30896484375,0.011734052810195923,0.16698534098151696,1.0
2015-10-06,8152.89990234375,8152.89990234375,8180.9501953125,8096.5,8180.4501953125,178500,0.004138299910646515,0.02117998017986733,8003.05986328125,7859.752465820313,8111.570966796875,0.011441807561750032,-0.025122883670125606,1.0
2015-10-07,8177.39990234375,8177.39990234375,8188.89990234375,8132.89990234375,8146.2001953125,193900,0.0030050657181448504,0.004138299910646515,8069.8798828125,7885.869970703125,8104.68796875,0.011401131554771484,0.08627450980392148,0.0
2015-10-08,8129.35009765625,8129.35009765625,8196.75,8105.85009765625,8196.75,171700,-0.005875926976951273,0.0030050657181448504,8105.969921875,7914.397485351563,8100.054970703125,0.008684218581404635,-0.1144920061887571,1.0
2015-10-09,8189.7001953125,8189.7001953125,8232.2001953125,8139.64990234375,8186.35009765625,199700,0.00742372968703231,-0.005875926976951273,8153.72998046875,7939.469995117188,8097.108974609375,0.008751191857382785,0.16307513104251603,0.0
2015-10-12,8143.60009765625,8143.60009765625,8244.5,8128.2001953125,8231.5,199100,-0.005629033610123568,0.00742372968703231,8158.5900390625,7955.719995117188,8092.47998046875,0.009304162921929468,-0.003004506760140191,0.0
2015-10-13,8131.7001953125,8131.7001953125,8150.25,8088.60009765625,8121.9501953125,145900,-0.0014612581906097155,-0.005629033610123568,8154.35009765625,7972.9,8086.67798828125,0.008401921584623235,-0.2672024108488197,0.0
2015-10-14,8107.89990234375,8107.89990234375,8139.2998046875,8096.35009765625,8102.39990234375,138900,-0.002926853228365389,-0.0014612581906097155,8140.45009765625,7988.830004882812,8078.178994140625,0.008662940796350589,-0.04797806716929409,1.0
2015-10-15,8179.5,8179.5,8190.5498046875,8129.7998046875,8134.35009765625,167200,0.008830905477206663,-0.002926853228365389,8150.480078125,8004.1925048828125,8070.907998046875,0.008172375914488592,0.20374370050395973,1.0
2015-10-16,8238.150390625,8238.150390625,8246.400390625,8147.64990234375,8193.650390625,156400,0.007170412693318751,0.008830905477206663,8160.1701171875,8024.64501953125,8065.332998046875,0.008216601434179007,-0.06459330143540665,1.0
2015-10-19,8275.0498046875,8275.0498046875,8283.0498046875,8239.2001953125,8262.5498046875,124500,0.004479089639404021,0.007170412693318751,8186.46005859375,8043.440014648438,8059.474990234375,0.005486900781913543,-0.20396419437340152,0.0
2015-10-20,8261.650390625,8261.650390625,8294.0498046875,8229.2001953125,8280.2998046875,155100,-0.0016192547934769097,0.004479089639404021,8212.45009765625,8057.4275390625,8052.934990234375,0.0055296451064876535,0.24578313253012052,0.0
2015-10-21,8251.7001953125,8251.7001953125,8294.400390625,8217.150390625,8258.349609375,144800,-0.001204383487806604,-0.0016192547934769097,8241.21015625,8071.157543945313,8046.677001953125,0.005548970300323669,-0.06640876853642808,1.0
2015-10-23,8295.4501953125,8295.4501953125,8328.099609375,8280.75,8308.25,152000,0.005301937657024025,-0.001204383487806604,8264.4001953125,8095.330053710937,8042.074013671875,0.005138850263878533,0.04972375690607733,0.0
2015-10-26,8260.5498046875,8260.5498046875,8336.2998046875,8252.0498046875,8333.650390625,133900,-0.004207172582956553,0.005301937657024025,8268.880078125,8116.060034179687,8038.038017578125,0.005100153941607867,-0.11907894736842106,0.0
2015-10-27,8232.900390625,8232.900390625,8241.9501953125,8217.0498046875,8230.349609375,156700,-0.0033471638954116756,-0.004207172582956553,8260.4501953125,8134.280053710938,8035.707021484375,0.004820267144087599,0.17027632561613149,0.0
2015-10-28,8171.2001953125,8171.2001953125,8209.099609375,8131.7998046875,8188.89990234375,188900,-0.007494344931314734,-0.0033471638954116756,8242.36015625,8153.0550537109375,8032.014033203125,0.005505525552873222,0.20548819400127627,0.0
2015-10-29,8111.75,8111.75,8179.60009765625,8098.0,8175.4501953125,217500,-0.00727557689096936,-0.007494344931314734,8214.3701171875,8166.477563476563,8023.878037109375,0.00595919273169372,0.15140285865537328,0.0
2015-10-30,8065.7998046875,8065.7998046875,8146.10009765625,8044.39990234375,8123.5498046875,199500,-0.005664646384873739,-0.00727557689096936,8168.4400390625,8172.32255859375,8015.648037109375,0.005318086165824881,-0.08275862068965523,0.0
2015-11-02,8050.7998046875,8050.7998046875,8060.7001953125,7995.60009765625,8054.5498046875,136100,-0.0018597039801661053,-0.005664646384873739,8126.4900390625,8177.317553710937,8007.333037109375,0.004389308586031555,-0.31779448621553885,1.0
2015-11-03,8060.7001953125,8060.7001953125,8100.35009765625,8031.75,8086.35009765625,132500,0.0012297400090901522,-0.0018597039801661053,8092.05,8174.3875732421875,7998.644033203125,0.003928699851930708,-0.02645113886847905,0.0
2015-11-04,8040.2001953125,8040.2001953125,8116.10009765625,8027.2998046875,8104.89990234375,122100,-0.0025432033822472278,0.0012297400090901522,8065.85,8168.752587890625,7991.993037109375,0.003913540079398263,-0.07849056603773585,0.0
2015-11-05,7955.4501953125,7955.4501953125,8031.2001953125,7944.10009765625,8030.35009765625,132100,-0.010540782311541208,-0.0025432033822472278,8034.5900390625,8157.655102539063,7985.103037109375,0.004573423892093315,0.08190008190008191,0.0
2015-11-06,7954.2998046875,7954.2998046875,8002.64990234375,7926.14990234375,7956.5498046875,219500,-0.00014460408861305396,-0.010540782311541208,8012.2900390625,8148.902587890625,7988.009033203125,0.003613830195324186,0.6616199848599547,0.0
2015-11-09,7915.2001953125,7915.2001953125,7937.75,7771.7001953125,7788.25,211800,-0.004915531264230055,-0.00014460408861305396,7985.1701171875,8135.177587890625,7988.699033203125,0.0036212533940541726,-0.035079726651480625,0.0
2015-11-10,7783.35009765625,7783.35009765625,7885.10009765625,7772.85009765625,7877.60009765625,165200,-0.01665783484975325,-0.004915531264230055,7929.70009765625,8117.165087890625,7988.529033203125,0.00530507669996645,-0.22001888574126538,0.0
2015-11-13,7762.25,7762.25,7775.10009765625,7730.89990234375,7762.4501953125,160900,-0.002710927478722036,-0.01665783484975325,7874.11005859375,8098.692578125,7984.795029296875,0.005329549798995652,-0.026029055690072633,1.0
2015-11-16,7806.60009765625,7806.60009765625,7838.85009765625,7714.14990234375,7732.9501953125,149500,0.005713562131630656,-0.002710927478722036,7844.3400390625,8083.627587890625,7980.88802734375,0.00624660735139646,-0.07085146053449343,1.0
2015-11-17,7837.5498046875,7837.5498046875,7860.4501953125,7793.0,7848.75,145000,0.00396455648349936,0.005713562131630656,7820.9900390625,8066.530078125,7978.21302734375,0.006657502904950407,-0.030100334448160515,0.0
2015-11-18,7731.7998046875,7731.7998046875,7843.39990234375,7725.0498046875,7823.14990234375,143600,-0.01349273722468125,0.00396455648349936,7784.3099609375,8041.212548828125,7977.132021484375,0.0074366777970451105,-0.0096551724137931,1.0
2015-11-19,7842.75,7842.75,7854.89990234375,7765.4501953125,7788.5,132600,0.014349853606560714,-0.01349273722468125,7796.18994140625,8019.59755859375,7979.647021484375,0.009369853125239502,-0.07660167130919215,1.0
2015-11-20,7856.5498046875,7856.5498046875,7906.9501953125,7817.7998046875,7841.89990234375,151900,0.0017595619760288894,0.014349853606560714,7815.04990234375,7999.342529296875,7980.318017578125,0.00947593338941708,0.145550527903469,0.0
2015-11-23,7849.25,7849.25,7877.5,7825.2001953125,7869.5,127000,-0.0009291361817810317,0.0017595619760288894,7823.5798828125,7979.22001953125,7984.202021484375,0.00902001010656426,-0.16392363396971688,0.0
2015-11-24,7831.60009765625,7831.60009765625,7870.35009765625,7812.64990234375,7837.0,130600,-0.002248610038379506,-0.0009291361817810317,7822.38994140625,7956.027514648437,7989.65802734375,0.009014438220822965,0.02834645669291347,1.0
2015-11-26,7883.7998046875,7883.7998046875,7897.10009765625,7832.0,7837.14990234375,219800,0.006665267171503286,-0.002248610038379506,7852.78994140625,7937.190014648438,7993.5690234375,0.009269558745227818,0.6830015313935682,1.0
2015-11-27,7942.7001953125,7942.7001953125,7959.2998046875,7879.4501953125,7910.60009765625,150300,0.0074710662477730505,0.006665267171503286,7872.77998046875,7922.680004882813,7996.051025390625,0.007533206847199478,-0.316196542311192,0.0
2015-11-30,7935.25,7935.25,7966.0,7922.7998046875,7936.25,216300,-0.0009379927643368147,0.0074710662477730505,7888.52001953125,7910.882495117187,7998.9940234375,0.007428736505303356,0.439121756487026,1.0
2015-12-01,7954.89990234375,7954.89990234375,7972.14990234375,7934.14990234375,7958.14990234375,138600,0.0024762801857218797,-0.0009379927643368147,7909.65,7903.039990234375,8002.306025390625,0.00733001856309297,-0.35922330097087374,0.0
2015-12-02,7931.35009765625,7931.35009765625,7979.2998046875,7910.7998046875,7976.7001953125,126300,-0.00296041496142041,0.0024762801857218797,7929.6,7896.3175048828125,8003.48802734375,0.007440403569913182,-0.08874458874458879,0.0
2015-12-03,7864.14990234375,7864.14990234375,7912.2998046875,7853.2998046875,7902.2998046875,125700,-0.008472730932953976,-0.00296041496142041,7925.67001953125,7886.985009765625,8004.1890234375,0.006439874455450947,-0.004750593824228044,0.0
2015-12-04,7781.89990234375,7781.89990234375,7821.39990234375,7775.7001953125,7817.60009765625,152500,-0.010458854551524621,-0.008472730932953976,7893.5099609375,7873.044995117188,8001.8440234375,0.005777145508457053,0.213206046141607,0.0
2015-12-07,7765.39990234375,7765.39990234375,7825.39990234375,7746.0498046875,7816.5498046875,137600,-0.0021203048364873966,-0.010458854551524621,7859.53994140625,7859.30498046875,7997.5140234375,0.005718857650906874,-0.09770491803278691,0.0
2015-12-08,7701.7001953125,7701.7001953125,7771.25,7685.4501953125,7738.5,135100,-0.00820301695113268,-0.0021203048364873966,7808.9,7846.61748046875,7992.006025390625,0.006134880968374996,-0.018168604651162767,0.0
2015-12-09,7612.5,7612.5,7702.85009765625,7606.89990234375,7695.5,140000,-0.011581883616657795,-0.00820301695113268,7745.12998046875,7829.527490234375,7988.016025390625,0.00686400033277107,0.03626943005181338,1.0
2015-12-10,7683.2998046875,7683.2998046875,7691.9501953125,7610.0,7643.2998046875,140800,0.00930046695402309,-0.011581883616657795,7708.9599609375,7817.932470703125,7984.763017578125,0.007304722235199053,0.005714285714285783,0.0
2015-12-11,7610.4501953125,7610.4501953125,7703.0498046875,7575.2998046875,7699.60009765625,167800,-0.00948155235730297,0.00930046695402309,7674.67001953125,7809.2874755859375,7979.602021484375,0.006659654601242624,0.19176136363636354,1.0
2015-12-14,7650.0498046875,7650.0498046875,7663.9501953125,7551.0498046875,7558.2001953125,148900,0.005203320218742258,-0.00948155235730297,7651.6,7803.677465820312,7976.689013671875,0.007254956944010719,-0.11263408820023835,1.0
2015-12-15,7700.89990234375,7700.89990234375,7705.0,7625.10009765625,7659.14990234375,134300,0.006647028314128445,0.005203320218742258,7651.43994140625,7798.3924560546875,7973.841015625,0.007748115538453484,-0.09805238415043649,1.0
2015-12-16,7750.89990234375,7750.89990234375,7776.60009765625,7715.75,7725.25,154300,0.006492747683265243,0.006647028314128445,7679.119921875,7794.0599609375,7969.881015625,0.00833664781089727,0.14892032762472085,1.0
2015-12-17,7844.35009765625,7844.35009765625,7852.89990234375,7737.5498046875,7783.0498046875,175900,0.012056689737954374,0.006492747683265243,7711.32998046875,7799.687475585937,7967.75001953125,0.009128880769494932,0.13998703823720016,0.0
2015-12-18,7761.9501953125,7761.9501953125,7836.14990234375,7753.35009765625,7828.89990234375,191400,-0.010504363180879661,0.012056689737954374,7741.62998046875,7795.647485351563,7960.60302734375,0.009134564702041418,0.08811824900511644,1.0
2015-12-21,7834.4501953125,7834.4501953125,7840.75,7733.4501953125,7745.64990234375,126300,0.009340436124388285,-0.010504363180879661,7778.51005859375,7794.542504882813,7954.234033203125,0.00957773715401833,-0.34012539184952983,0.0
2015-12-22,7786.10009765625,7786.10009765625,7846.2998046875,7776.85009765625,7829.39990234375,125700,-0.006171472975241898,0.009340436124388285,7795.55009765625,7791.385009765625,7946.408037109375,0.009382109952895039,-0.004750593824228044,1.0
2015-12-23,7865.9501953125,7865.9501953125,7871.4501953125,7826.10009765625,7830.4501953125,117900,0.01025546764808305,-0.006171472975241898,7818.56015625,7793.102514648437,7941.1400390625,0.008603648321248707,-0.06205250596658707,0.0
2015-12-24,7861.0498046875,7861.0498046875,7888.75,7835.5,7888.75,93500,-0.0006229877514251081,0.01025546764808305,7821.90009765625,7791.965014648437,7934.56703125,0.00840645932699774,-0.2069550466497031,1.0
2015-12-28,7925.14990234375,7925.14990234375,7937.2001953125,7863.0,7863.2001953125,122900,0.008154139618607559,-0.0006229877514251081,7854.5400390625,7791.0875,7930.19802734375,0.007450740432629361,0.3144385026737968,1.0
2015-12-29,7928.9501953125,7928.9501953125,7942.14990234375,7902.75,7929.2001953125,113000,0.0004795231655652099,0.008154139618607559,7873.4400390625,7790.772509765625,7926.14302734375,0.007521378006710496,-0.080553295362083,0.0
2015-12-30,7896.25,7896.25,7944.75,7889.85009765625,7938.60009765625,106800,-0.004124151937772491,0.0004795231655652099,7895.47001953125,7787.840014648437,7921.910029296875,0.0078044893788051265,-0.05486725663716818,1.0
2015-12-31,7946.35009765625,7946.35009765625,7955.5498046875,7891.14990234375,7897.7998046875,150900,0.006344796283837217,-0.004124151937772491,7911.55,7788.590014648437,7917.24703125,0.007796290147580568,0.4129213483146068,0.0
2016-01-04,7791.2998046875,7791.2998046875,7937.5498046875,7781.10009765625,7924.5498046875,134700,-0.01951213966956744,0.006344796283837217,7897.6,7784.947509765625,7908.31001953125,0.009671825539705772,-0.10735586481113324,0.0
2016-01-05,7784.64990234375,7784.64990234375,7831.2001953125,7763.25,7828.39990234375,145200,-0.0008535035886758635,-0.01951213966956744,7869.5,7785.085009765625,7898.502021484375,0.009038486494983837,0.07795100222717144,0.0
2016-01-06,7741.0,7741.0,7800.9501953125,7721.2001953125,7788.0498046875,147100,-0.005607176031205752,-0.0008535035886758635,7831.9099609375,7783.865014648438,7888.089013671875,0.008608378067953006,0.013085399449035862,0.0
2016-01-07,7568.2998046875,7568.2998046875,7674.9501953125,7556.60009765625,7673.35009765625,188900,-0.022309804329221028,-0.005607176031205752,7766.319921875,7777.194995117187,7874.421005859375,0.010867416829038263,0.2841604350781781,1.0
2016-01-08,7601.35009765625,7601.35009765625,7634.10009765625,7581.0498046875,7611.64990234375,157400,0.004366937597831466,-0.022309804329221028,7697.319921875,7776.6375,7860.53900390625,0.010223064672609847,-0.16675489677077815,0.0
2016-01-11,7563.85009765625,7563.85009765625,7605.10009765625,7494.35009765625,7527.4501953125,189000,-0.00493333414699082,0.004366937597831466,7651.82998046875,7770.665014648437,7846.605009765625,0.010185245142401173,0.20076238881829722,0.0
2016-01-12,7510.2998046875,7510.2998046875,7588.2998046875,7487.7998046875,7587.2001953125,163900,-0.007079766557687717,-0.00493333414699082,7596.9599609375,7765.657495117188,7832.152998046875,0.009299446223823483,-0.1328042328042328,1.0
2016-01-13,7562.39990234375,7562.39990234375,7590.9501953125,7425.7998046875,7557.89990234375,215200,0.006937152844914696,-0.007079766557687717,7561.23994140625,7761.275,7819.9769921875,0.00994868775206713,0.3129957291031116,0.0
2016-01-14,7536.7998046875,7536.7998046875,7604.7998046875,7443.7998046875,7467.39990234375,200800,-0.003385181686611949,0.006937152844914696,7554.93994140625,7753.069995117187,7808.47798828125,0.009955993080731591,-0.06691449814126393,0.0
2016-01-15,7437.7998046875,7437.7998046875,7566.5,7427.2998046875,7561.64990234375,197500,-0.013135548583687595,-0.003385181686611949,7522.2298828125,7737.414990234375,7795.91798828125,0.009469776924450418,-0.016434262948207157,0.0
2016-01-18,7351.0,7351.0,7463.64990234375,7336.39990234375,7420.35009765625,233600,-0.01167009155487031,-0.013135548583687595,7479.65986328125,7712.747485351562,7781.9219921875,0.008558023966472728,0.18278481012658232,1.0
2016-01-19,7435.10009765625,7435.10009765625,7462.75,7364.14990234375,7381.7998046875,188300,0.011440633608522655,-0.01167009155487031,7464.619921875,7696.40498046875,7769.409990234375,0.010088521373068262,-0.19392123287671237,0.0
2016-01-20,7309.2998046875,7309.2998046875,7470.89990234375,7241.5,7357.0,225600,-0.01691978471256972,0.011440633608522655,7413.99990234375,7670.1474609375,7754.791982421875,0.010828875804371155,0.19808815719596384,0.0
2016-01-21,7276.7998046875,7276.7998046875,7398.7001953125,7250.0,7376.64990234375,240700,-0.004446390334017725,-0.01691978471256972,7361.99990234375,7644.682446289063,7741.218974609375,0.009116803037303443,0.06693262411347511,1.0
2016-01-22,7422.4501953125,7422.4501953125,7433.39990234375,7327.60009765625,7355.7001953125,229200,0.020015720445019758,-0.004446390334017725,7358.92998046875,7622.5074462890625,7730.581982421875,0.0116744227881587,-0.047777316161196515,1.0
2016-01-25,7436.14990234375,7436.14990234375,7487.14990234375,7421.2001953125,7468.75,163200,0.0018457122204607046,0.020015720445019758,7375.9599609375,7601.262451171875,7721.0009765625,0.011702448387357484,-0.2879581151832461,1.0
2016-01-27,7437.75,7437.75,7477.89990234375,7419.7001953125,7469.60009765625,187600,0.00021517824106065397,0.0018457122204607046,7376.48994140625,7576.8924560546875,7714.088974609375,0.011552061411267932,0.14950980392156854,0.0
2016-01-28,7424.64990234375,7424.64990234375,7468.85009765625,7409.60009765625,7426.5,274500,-0.001761298464757477,0.00021517824106065397,7399.5599609375,7551.67744140625,7707.33697265625,0.011218175624543886,0.4632196162046909,1.0
2016-01-29,7563.5498046875,7563.5498046875,7575.64990234375,7402.7998046875,7413.35009765625,298700,0.018707939656508632,-0.001761298464757477,7456.9099609375,7535.042431640625,7702.475966796875,0.012914248308346529,0.08816029143897985,0.0
2016-02-01,7555.9501953125,7555.9501953125,7600.4501953125,7541.25,7589.5,200400,-0.0010047675458274563,0.018707939656508632,7483.6099609375,7515.522436523437,7696.843974609375,0.01203854174979989,-0.3290927351858052,0.0
2016-02-02,7455.5498046875,7455.5498046875,7576.2998046875,7428.0498046875,7566.64990234375,230200,-0.013287592960483763,-0.0010047675458274563,7487.48994140625,7498.734936523438,7691.318974609375,0.012246353847193981,0.14870259481037928,0.0
2016-02-03,7361.7998046875,7361.7998046875,7419.39990234375,7350.2998046875,7392.4501953125,192000,-0.01257452534768888,-0.013287592960483763,7472.29990234375,7477.592431640625,7681.699970703125,0.012429476679838672,-0.1659426585577759,1.0
2016-02-04,7404.0,7404.0,7457.0498046875,7365.9501953125,7411.4501953125,222700,0.005732320415128722,-0.01257452534768888,7468.169921875,7460.742431640625,7672.648974609375,0.0111923581181356,0.15989583333333335,1.0
2016-02-05,7489.10009765625,7489.10009765625,7503.14990234375,7406.64990234375,7418.25,249800,0.011493800331746407,0.005732320415128722,7453.27998046875,7456.782446289062,7665.4459765625,0.011409028881335624,0.1216883700044904,0.0
2016-02-08,7387.25,7387.25,7512.5498046875,7363.2001953125,7489.7001953125,171500,-0.013599777854234385,0.011493800331746407,7419.53994140625,7446.07744140625,7656.558974609375,0.010751535128595812,-0.31345076060848676,0.0
2016-02-09,7298.2001953125,7298.2001953125,7323.4501953125,7275.14990234375,7303.9501953125,212100,-0.012054527014450533,-0.013599777854234385,7388.07001953125,7432.794946289063,7644.846982421875,0.011309656137233413,0.23673469387755097,0.0
2016-02-10,7215.7001953125,7215.7001953125,7271.85009765625,7177.75,7264.2998046875,246900,-0.011304156886925099,-0.012054527014450533,7358.85009765625,7418.064965820313,7630.306982421875,0.011661267572414211,0.16407355021216397,0.0
2016-02-11,6976.35009765625,6976.35009765625,7208.64990234375,6959.9501953125,7203.60009765625,292300,-0.03317073758299127,-0.011304156886925099,7273.3201171875,7388.762475585938,7611.128984375,0.015041175370141888,0.18388011340623733,1.0
2016-02-12,6980.9501953125,6980.9501953125,7034.7998046875,6869.0,7023.64990234375,333900,0.0006593845767279838,-0.03317073758299127,7171.69013671875,7360.969995117188,7591.649990234375,0.01262092219240959,0.14231953472459802,1.0
2016-02-15,7162.9501953125,7162.9501953125,7182.7998046875,7056.7998046875,7057.35009765625,354200,0.02607094949942601,0.0006593845767279838,7126.83017578125,7347.227514648437,7576.2819921875,0.01655750797364046,0.06079664570230614,0.0
2016-02-16,7048.25,7048.25,7204.64990234375,7037.7001953125,7201.25,253800,-0.016012982386442,0.02607094949942601,7076.84013671875,7332.090014648437,7559.963994140625,0.016726922022638948,-0.28345567476002254,1.0
2016-02-17,7108.4501953125,7108.4501953125,7123.7001953125,6960.64990234375,7058.85009765625,260000,0.008541154940942874,-0.016012982386442,7055.39013671875,7315.75751953125,7546.495,0.01706072397698311,0.024428684003152012,1.0
2016-02-18,7191.75,7191.75,7215.10009765625,7127.85009765625,7177.39990234375,246700,0.011718419964794835,0.008541154940942874,7098.4701171875,7309.880029296875,7535.022001953125,0.017514353495633177,-0.051153846153846105,1.0
2016-02-19,7210.75,7210.75,7226.85009765625,7145.9501953125,7170.5498046875,192300,0.0026419160844022294,0.011718419964794835,7144.430078125,7306.5775390625,7525.202998046875,0.016927439837728594,-0.22051074179164976,1.0
2016-02-22,7234.5498046875,7234.5498046875,7252.39990234375,7200.7001953125,7208.85009765625,154400,0.0033006004489823937,0.0026419160844022294,7158.75,7297.18251953125,7517.643994140625,0.016665431520909286,-0.19708788351534057,0.0
2016-02-23,7109.5498046875,7109.5498046875,7241.7001953125,7090.7001953125,7240.2998046875,194400,-0.017278200216274464,0.0033006004489823937,7171.0099609375,7280.852514648437,7506.168994140625,0.017093332525083917,0.2590673575129534,0.0
2016-02-24,7018.7001953125,7018.7001953125,7090.7998046875,7009.75,7075.0,199700,-0.012778531956425754,-0.017278200216274464,7153.0599609375,7259.9000244140625,7494.333994140625,0.017183987591237633,0.027263374485596792,0.0
2016-02-25,6970.60009765625,6970.60009765625,7034.2001953125,6961.39990234375,7029.85009765625,283100,-0.006853134671341854,-0.012778531956425754,7108.82998046875,7237.197534179688,7480.745,0.013636078395913864,0.4176264396594893,1.0
2016-02-26,7029.75,7029.75,7052.89990234375,6985.10009765625,7039.2998046875,206700,0.008485625558068977,-0.006853134671341854,7072.62998046875,7210.507543945312,7467.322001953125,0.013900098981322261,-0.2698693041328153,0.0
2016-02-29,6987.0498046875,6987.0498046875,7094.60009765625,6825.7998046875,7050.4501953125,473400,-0.006074212498666354,0.008485625558068977,7023.12998046875,7182.062524414063,7452.045,0.010766006140654219,1.2902757619738754,1.0
2016-03-01,7222.2998046875,7222.2998046875,7235.5,7035.10009765625,7038.25,275100,0.03366943224623564,-0.006074212498666354,7045.67998046875,7170.4000244140625,7439.603994140625,0.014587255523503454,-0.41888466413181247,1.0
2016-03-02,7368.85009765625,7368.85009765625,7380.35009765625,7308.14990234375,7321.7001953125,338500,0.020291361052837242,0.03366943224623564,7115.7099609375,7170.7525390625,7431.7419921875,0.01556508102006631,0.23046165030897847,1.0
2016-03-03,7475.60009765625,7475.60009765625,7483.9501953125,7406.0498046875,7429.5498046875,278600,0.014486656477644022,0.020291361052837242,7216.7099609375,7174.332543945313,7424.564990234375,0.01574684468892798,-0.17695716395864103,1.0
2016-03-04,7485.35009765625,7485.35009765625,7505.89990234375,7444.10009765625,7505.39990234375,281700,0.0013042431206367056,0.014486656477644022,7307.82998046875,7174.145043945313,7418.549990234375,0.01576523182723329,0.011127063890882916,0.0
2016-03-08,7485.2998046875,7485.2998046875,7527.14990234375,7442.14990234375,7486.39990234375,257000,-6.71885323921817e-06,0.0013042431206367056,7407.47998046875,7179.047534179687,7410.936982421875,0.015812783254807193,-0.0876819311324104,1.0
2016-03-09,7531.7998046875,7531.7998046875,7539.0,7424.2998046875,7436.10009765625,245100,0.006212176026787919,-6.71885323921817e-06,7469.37998046875,7190.727514648437,7404.351982421875,0.01402252701354704,-0.04630350194552524,0.0
2016-03-10,7486.14990234375,7486.14990234375,7547.10009765625,7447.39990234375,7545.35009765625,224700,-0.006060955352974129,0.006212176026787919,7492.83994140625,7204.25,7395.571982421875,0.013164342290854298,-0.08323133414932682,1.0
2016-03-11,7510.2001953125,7510.2001953125,7543.9501953125,7460.60009765625,7484.85009765625,198700,0.0032126384433233124,-0.006060955352974129,7499.7599609375,7230.9425048828125,7387.196982421875,0.012387954761408748,-0.11570983533600354,1.0
2016-03-14,7538.75,7538.75,7583.7001953125,7515.0498046875,7542.60009765625,166900,0.0038014705260878134,0.0032126384433233124,7510.43994140625,7258.832495117187,7380.046982421875,0.012437192086726412,-0.1600402617010569,0.0
2016-03-15,7460.60009765625,7460.60009765625,7545.2001953125,7452.7998046875,7535.85009765625,193700,-0.010366427105786724,0.0038014705260878134,7505.5,7273.714990234375,7370.331982421875,0.013002935168298283,0.1605751947273817,1.0
2016-03-16,7498.75,7498.75,7508.0,7405.14990234375,7457.0498046875,195400,0.005113516586384925,-0.010366427105786724,7498.8900390625,7296.239990234375,7364.480986328125,0.008898842150435524,0.008776458440888035,1.0
2016-03-17,7512.5498046875,7512.5498046875,7585.2998046875,7479.39990234375,7557.39990234375,239600,0.0018402806717785491,0.005113516586384925,7504.17001953125,7316.444970703125,7359.038984375,0.00675352888424161,0.226202661207779,1.0
2016-03-18,7604.35009765625,7604.35009765625,7613.60009765625,7517.89990234375,7534.64990234375,237400,0.012219591930221929,0.0018402806717785491,7523.0,7337.074975585938,7356.305986328125,0.006309524530725272,-0.00918196994991649,1.0
2016-03-21,7704.25,7704.25,7713.5498046875,7617.7001953125,7619.2001953125,196800,0.013137204502793765,0.012219591930221929,7556.1,7361.749975585937,7359.024990234375,0.007259503193996447,-0.17101937657961241,1.0
2016-03-22,7714.89990234375,7714.89990234375,7728.2001953125,7643.7998046875,7695.5498046875,208900,0.001382341219943628,0.013137204502793765,7606.9599609375,7385.76748046875,7361.295986328125,0.007210611406618439,0.06148373983739841,1.0
2016-03-23,7716.5,7716.5,7726.85009765625,7670.60009765625,7717.4501953125,199600,0.00020740355370829633,0.001382341219943628,7650.5099609375,7416.114990234375,7364.348984375,0.0071678426705607074,-0.044518908568693116,0.0
2016-03-28,7615.10009765625,7615.10009765625,7749.39990234375,7587.7001953125,7741.0,242400,-0.013140659929210097,0.00020740355370829633,7671.02001953125,7445.934985351562,7366.444990234375,0.008353332641912866,0.21442885771543096,0.0
2016-03-29,7597.0,7597.0,7652.89990234375,7582.25,7606.5498046875,216800,-0.0023768693023248355,-0.013140659929210097,7669.55,7477.25498046875,7367.1369921875,0.008430549035920536,-0.10561056105610556,1.0
2016-03-30,7735.2001953125,7735.2001953125,7741.9501953125,7643.4501953125,7651.10009765625,232600,0.01819141704784788,-0.0023768693023248355,7675.7400390625,7512.527490234375,7371.105,0.010007914533808783,0.07287822878228778,1.0
2016-03-31,7738.39990234375,7738.39990234375,7777.60009765625,7702.0,7727.64990234375,380100,0.00041365536126503066,0.01819141704784788,7680.4400390625,7550.094995117188,7377.117001953125,0.008981511964924907,0.6341358555460017,0.0
2016-04-01,7713.0498046875,7713.0498046875,7740.14990234375,7666.10009765625,7718.0498046875,183900,-0.0032758836421172832,0.00041365536126503066,7679.75,7574.632495117187,7384.357998046875,0.00922324600165491,-0.516179952644041,1.0
2016-04-04,7758.7998046875,7758.7998046875,7764.4501953125,7704.39990234375,7733.14990234375,155500,0.005931505845093277,-0.0032758836421172832,7708.48994140625,7594.12998046875,7390.8319921875,0.009263645503586932,-0.15443175638934203,0.0
2016-04-05,7603.2001953125,7603.2001953125,7736.2998046875,7588.64990234375,7736.2998046875,203800,-0.02005459778469787,0.005931505845093277,7709.72998046875,7600.509985351562,7396.71,0.011215312170613235,0.31061093247588434,1.0
2016-04-06,7614.35009765625,7614.35009765625,7638.64990234375,7591.75,7636.0498046875,165600,0.0014664749128432408,-0.02005459778469787,7685.5599609375,7606.959985351563,7403.461005859375,0.010268412916294354,-0.1874386653581943,0.0
2016-04-07,7546.4501953125,7546.4501953125,7630.75,7535.85009765625,7630.39990234375,234400,-0.00891736017820488,0.0014664749128432408,7647.17001953125,7610.017504882812,7405.941005859375,0.01050279184446359,0.4154589371980677,1.0
2016-04-08,7555.2001953125,7555.2001953125,7569.35009765625,7526.7001953125,7542.35009765625,143400,0.0011594855559287076,-0.00891736017820488,7615.60009765625,7611.187524414063,7408.32201171875,0.010530869344811476,-0.3882252559726962,1.0
2016-04-11,7671.39990234375,7671.39990234375,7678.7998046875,7516.85009765625,7577.7998046875,179800,0.015380096361092388,0.0011594855559287076,7598.1201171875,7620.450024414063,7412.995009765625,0.011046073308857748,0.25383542538354265,1.0
2016-04-12,7708.9501953125,7708.9501953125,7717.39990234375,7663.35009765625,7669.25,163400,0.004894842329530746,0.015380096361092388,7619.2701171875,7630.387524414063,7418.681015625,0.01105364918316155,-0.09121245828698554,1.0
2016-04-13,7850.4501953125,7850.4501953125,7864.7998046875,7772.2001953125,7777.14990234375,220400,0.018355287868643932,0.004894842329530746,7666.49013671875,7645.9725341796875,7424.4190234375,0.011081199633862495,0.34883720930232553,1.0
2016-04-18,7914.7001953125,7914.7001953125,7920.60009765625,7842.75,7908.14990234375,184600,0.008184244011682829,0.018355287868643932,7740.14013671875,7668.6775390625,7431.5940234375,0.01126473477295612,-0.16243194192377497,1.0
2016-04-20,7914.75,7914.75,7950.39990234375,7877.5498046875,7950.0498046875,205300,6.292681500319475e-06,0.008184244011682829,7812.05009765625,7689.4775390625,7440.77802734375,0.011130838701344587,0.11213434452871063,0.0
2016-04-21,7912.0498046875,7912.0498046875,7978.4501953125,7884.10009765625,7953.64990234375,223700,-0.0003411598992387743,6.292681500319475e-06,7860.180078125,7709.4525390625,7451.78302734375,0.011101484734310024,0.08962493911349245,0.0
2016-04-22,7899.2998046875,7899.2998046875,7923.35009765625,7873.35009765625,7891.7998046875,183300,-0.0016114660947212922,-0.0003411598992387743,7898.25,7724.200024414063,7461.6890234375,0.008173917467703738,-0.18059901654000898,0.0
2016-04-25,7855.0498046875,7855.0498046875,7911.0,7827.0,7894.7998046875,146300,-0.005601762319964343,-0.0016114660947212922,7899.169921875,7731.740014648438,7469.008017578125,0.008692803167076633,-0.20185488270594654,1.0
2016-04-26,7962.64990234375,7962.64990234375,7974.5,7822.5498046875,7828.14990234375,202400,0.013698206928241197,-0.005601762319964343,7908.75986328125,7744.127514648438,7480.516015625,0.008127744626313953,0.3834586466165413,1.0
2016-04-27,7979.89990234375,7979.89990234375,7991.0,7940.5498046875,7942.0,206800,0.0021663642394880167,0.013698206928241197,7921.78984375,7757.297509765625,7494.150009765625,0.008075272043848671,0.021739130434782705,0.0
2016-04-28,7847.25,7847.25,7992.0,7834.4501953125,7967.39990234375,292500,-0.016623003291656557,0.0021663642394880167,7908.8298828125,7768.905004882812,7506.781005859375,0.009872067414324994,0.4144100580270793,1.0
2016-04-29,7849.7998046875,7849.7998046875,7889.0498046875,7788.7001953125,7844.25,243700,0.00032492971263820003,-0.016623003291656557,7898.9298828125,7781.544995117188,7524.25,0.009844996306716019,-0.16683760683760684,0.0
2016-05-02,7805.89990234375,7805.89990234375,7829.7998046875,7777.2998046875,7822.7001953125,146300,-0.005592486870497626,0.00032492971263820003,7889.09990234375,7785.07998046875,7540.748994140625,0.008152774166585707,-0.39967172753385305,0.0
2016-05-03,7747.0,7747.0,7890.25,7735.14990234375,7824.7998046875,186500,-0.0075455620851691,-0.005592486870497626,7845.969921875,7785.509985351562,7552.429990234375,0.0077921918625001,0.2747778537252221,0.0
2016-05-04,7706.5498046875,7706.5498046875,7749.0,7697.25,7724.14990234375,199700,-0.0052214012278947175,-0.0075455620851691,7791.29990234375,7785.184985351562,7565.595986328125,0.00780963072839097,0.0707774798927614,1.0
2016-05-05,7735.5,7735.5,7777.5498046875,7706.85009765625,7731.0,185100,0.003756570196288278,-0.0052214012278947175,7768.94990234375,7784.019995117187,7578.136982421875,0.008047236501153463,-0.07310966449674516,0.0
2016-05-06,7733.4501953125,7733.4501953125,7738.89990234375,7678.35009765625,7717.64990234375,163600,-0.00026498670900398924,0.003756570196288278,7745.67998046875,7790.532495117188,7588.970986328125,0.008069875123069475,-0.11615343057806593,1.0
2016-05-09,7866.0498046875,7866.0498046875,7873.64990234375,7753.5498046875,7755.25,160600,0.01714624210748439,-0.00026498670900398924,7757.7099609375,7803.11748046875,7602.076982421875,0.009955866905418121,-0.01833740831295838,1.0
2016-05-10,7887.7998046875,7887.7998046875,7896.89990234375,7837.7001953125,7873.5498046875,162000,0.002765047328716186,0.01714624210748439,7785.869921875,7820.1849609375,7615.141982421875,0.008845330510335488,0.008717310087173136,0.0
2016-05-11,7848.85009765625,7848.85009765625,7893.10009765625,7780.89990234375,7804.64990234375,214100,-0.00493796850778383,0.002765047328716186,7814.32998046875,7834.867456054688,7629.92798828125,0.00885618960388563,0.32160493827160486,1.0
2016-05-12,7900.39990234375,7900.39990234375,7916.0498046875,7849.64990234375,7871.4501953125,152700,0.006567816182767139,-0.00493796850778383,7847.3099609375,7846.317456054688,7647.561982421875,0.007408879292254027,-0.286781877627277,0.0
2016-05-13,7814.89990234375,7814.89990234375,7881.0,7784.2001953125,7881.0,179500,-0.010822236982540034,0.006567816182767139,7863.59990234375,7851.61494140625,7664.447978515625,0.008261118793194215,0.17550753110674533,1.0
2016-05-16,7860.75,7860.75,7873.89990234375,7772.14990234375,7831.2001953125,205200,0.005867010227795566,-0.010822236982540034,7862.53994140625,7852.129931640625,7681.067978515625,0.008257909741896165,0.14317548746518116,1.0
2016-05-17,7890.75,7890.75,7940.10009765625,7879.7001953125,7896.85009765625,183400,0.003816429729987636,0.005867010227795566,7863.12998046875,7850.932421875,7699.141982421875,0.0077591907155249214,-0.10623781676413258,0.0
2016-05-18,7870.14990234375,7870.14990234375,7882.0498046875,7810.75,7846.75,156400,-0.002610664088489645,0.003816429729987636,7867.38994140625,7848.702416992188,7712.098984375,0.007534856017818024,-0.14721919302071973,0.0
2016-05-19,7783.39990234375,7783.39990234375,7876.2001953125,7766.7998046875,7875.5,170400,-0.011022661712474568,-0.002610664088489645,7843.98994140625,7842.269921875,7720.38998046875,0.008559732760828732,0.08951406649616378,0.0
2016-05-20,7749.7001953125,7749.7001953125,7812.39990234375,7735.75,7792.2001953125,157000,-0.0043296897826234915,-0.011022661712474568,7830.95,7834.78994140625,7725.871982421875,0.008703335421661731,-0.07863849765258213,0.0
2016-05-23,7731.0498046875,7731.0498046875,7820.60009765625,7722.2001953125,7813.9501953125,172000,-0.0024065951139995434,-0.0043296897826234915,7805.0099609375,7828.58994140625,7730.7859765625,0.006366913672675463,0.09554140127388533,1.0
2016-05-24,7748.85009765625,7748.85009765625,7761.5498046875,7715.7998046875,7738.0498046875,147000,0.002302441895789764,-0.0024065951139995434,7776.62998046875,7817.899951171875,7736.056982421875,0.0063323621906352864,-0.14534883720930236,1.0
2016-05-25,7934.89990234375,7934.89990234375,7941.2001953125,7809.2998046875,7811.7998046875,176200,0.024009988881288802,0.002302441895789764,7789.57998046875,7815.649951171875,7744.118984375,0.010170466237972648,0.198639455782313,1.0
2016-05-26,8069.64990234375,8069.64990234375,8083.0,7948.5,7974.4501953125,264300,0.016981940750153468,0.024009988881288802,7846.82998046875,7826.769946289062,7755.788984375,0.011262842568889712,0.5,1.0
2016-05-27,8156.64990234375,8156.64990234375,8164.2001953125,8077.0498046875,8081.9501953125,260900,0.010781136858828422,0.016981940750153468,7928.219921875,7842.112451171875,7768.717978515625,0.010540799374070176,-0.012864169504351097,1.0
2016-05-30,8178.5,8178.5,8200.0,8150.7998046875,8166.5,247400,0.0026788078338353394,0.010781136858828422,8017.7099609375,7860.742456054688,7781.512978515625,0.010537660503471909,-0.051743963204292864,0.0
2016-05-31,8160.10009765625,8160.10009765625,8213.599609375,8134.2998046875,8209.849609375,471000,-0.0022497893677019265,0.0026788078338353394,8099.9599609375,7881.3974609375,7795.502978515625,0.010723654506443619,0.9037995149555376,1.0
2016-06-01,8179.9501953125,8179.9501953125,8215.349609375,8171.0498046875,8179.2001953125,194400,0.0024325801667495206,-0.0022497893677019265,8148.97001953125,7905.06748046875,7809.126982421875,0.010525625860648076,-0.5872611464968153,1.0
2016-06-02,8218.9501953125,8218.9501953125,8229.5,8154.75,8156.89990234375,181700,0.00476775519028827,0.0024325801667495206,8178.830078125,7929.239990234375,7823.254990234375,0.009126700707781035,-0.06532921810699588,1.0
2016-06-03,8220.7998046875,8220.7998046875,8262.0,8209.849609375,8246.2001953125,379000,0.00022504204686080165,0.00476775519028827,8191.66005859375,7953.607470703125,7835.583984375,0.008684765964021941,1.0858558062740782,0.0
2016-06-06,8201.0498046875,8201.0498046875,8234.7001953125,8186.0498046875,8228.75,171600,-0.002402442641741276,0.00022504204686080165,8196.17001953125,7970.357470703125,7845.51998046875,0.008684321976670543,-0.5472295514511873,1.0
2016-06-07,8266.4501953125,8266.4501953125,8294.9501953125,8216.400390625,8235.5498046875,241900,0.007974636440766236,-0.002402442641741276,8217.4400390625,7989.289990234375,7856.550986328125,0.008604281710124234,0.40967365967365965,1.0
2016-06-08,8273.0498046875,8273.0498046875,8288.900390625,8252.0498046875,8285.5,174300,0.0007983607496653278,0.007974636440766236,8236.0599609375,8010.499975585937,7867.681982421875,0.006139678367395044,-0.2794543199669285,0.0
2016-06-09,8203.599609375,8203.599609375,8273.349609375,8184.60009765625,8273.349609375,174900,-0.0083947512649023,0.0007983607496653278,8232.98984375,8025.6599609375,7879.45197265625,0.005477754939616127,0.0034423407917383297,0.0
2016-06-10,8170.0498046875,8170.0498046875,8265.599609375,8162.85009765625,8180.25,182200,-0.004089644337244347,-0.0083947512649023,8222.83984375,8043.417456054687,7890.91296875,0.00468846298847058,0.04173813607775867,0.0
2016-06-13,8110.60009765625,8110.60009765625,8125.25,8063.89990234375,8102.25,169700,-0.007276541569812833,-0.004089644337244347,8204.74990234375,8055.9099609375,7898.420966796875,0.005133353686659799,-0.06860592755214046,0.0
2016-06-14,8108.85009765625,8108.85009765625,8134.9501953125,8069.5,8134.39990234375,145500,-0.00021576701833758705,-0.007276541569812833,8173.2298828125,8066.814965820313,7905.829970703125,0.005110718304848357,-0.1426045963464938,1.0
2016-06-15,8206.599609375,8206.599609375,8213.2001953125,8123.14990234375,8139.39990234375,169800,0.012054669964487674,-0.00021576701833758705,8159.93984375,8083.637451171875,7915.700966796875,0.0064730940901482695,0.1670103092783506,0.0
2016-06-16,8140.75,8140.75,8180.64990234375,8074.4501953125,8180.64990234375,189200,-0.008023982222768011,0.012054669964487674,8147.369921875,8101.504956054688,7923.339970703125,0.006759376668895657,0.1142520612485276,1.0
2016-06-17,8170.2001953125,8170.2001953125,8195.25,8135.7998046875,8176.64990234375,166600,0.003617626792678852,-0.008023982222768011,8147.4,8122.529956054687,7934.679970703125,0.0069075851342537435,-0.11945031712473575,1.0
2016-06-20,8238.5,8238.5,8244.150390625,8107.35009765625,8115.75,168600,0.008359624373303065,0.003617626792678852,8172.97998046875,8147.9024658203125,7947.16296875,0.00741459293849768,0.01200480192076836,0.0
2016-06-21,8219.900390625,8219.900390625,8257.25,8202.150390625,8255.400390625,137000,-0.002257645126540031,0.008359624373303065,8195.1900390625,8171.45498046875,7960.63197265625,0.006957406311577689,-0.18742586002372474,0.0
2016-06-22,8203.7001953125,8203.7001953125,8238.349609375,8153.25,8213.650390625,136100,-0.0019708505629796313,-0.002257645126540031,8194.61015625,8184.894995117187,7973.60197265625,0.006953202770270624,-0.006569343065693456,1.0
2016-06-23,8270.4501953125,8270.4501953125,8285.599609375,8188.2998046875,8201.150390625,154100,0.008136572328440339,-0.0019708505629796313,8220.5501953125,8194.935009765624,7985.582978515625,0.0069172013295672,0.13225569434239537,0.0
2016-06-24,8088.60009765625,8088.60009765625,8100.7001953125,7927.0498046875,8029.10009765625,297600,-0.021987932139331257,0.008136572328440339,8204.23017578125,8191.53251953125,7993.1759765625,0.009973137568873105,0.9312134977287476,1.0
2016-06-27,8094.7001953125,8094.7001953125,8120.64990234375,8039.35009765625,8039.35009765625,162500,0.0007541598771854119,-0.021987932139331257,8175.47021484375,8187.342529296875,7998.0609765625,0.009727990699459545,-0.4539650537634409,1.0
2016-06-28,8127.85009765625,8127.85009765625,8146.35009765625,8086.85009765625,8096.0498046875,170400,0.004095260052119798,0.0007541598771854119,8157.06015625,8185.730029296875,8002.323974609375,0.009820005340307327,0.048615384615384505,1.0
2016-06-29,8204.0,8204.0,8212.400390625,8157.64990234375,8173.10009765625,147000,0.009369009200318468,0.004095260052119798,8157.1201171875,8186.93251953125,8008.108974609375,0.009493427073323357,-0.13732394366197187,1.0
2016-06-30,8287.75,8287.75,8308.150390625,8242.099609375,8260.25,279400,0.010208434909800168,0.009369009200318468,8160.580078125,8190.372509765625,8015.622978515625,0.009529936837246147,0.9006802721088436,1.0
2016-07-01,8328.349609375,8328.349609375,8356.75,8308.650390625,8313.0498046875,165500,0.00489874928358125,0.010208434909800168,8208.52998046875,8195.75,8024.203974609375,0.009565148162285592,-0.40765926986399426,1.0
2016-07-04,8370.7001953125,8370.7001953125,8398.4501953125,8364.7001953125,8376.75,154200,0.005085111447510116,0.00489874928358125,8263.72998046875,8204.23251953125,8034.516982421875,0.00937592037000547,-0.06827794561933531,0.0
2016-07-05,8335.9501953125,8335.9501953125,8381.4501953125,8319.9501953125,8379.2998046875,139000,-0.0041513850919495665,0.005085111447510116,8305.35,8207.70751953125,8041.98298828125,0.009481764021191762,-0.09857328145265887,1.0
2016-07-07,8337.900390625,8337.900390625,8361.9501953125,8317.7001953125,8342.0,155500,0.00023394997172565546,-0.0041513850919495665,8332.130078125,8210.950048828125,8049.142998046875,0.009418969090840442,0.11870503597122295,0.0
2016-07-08,8323.2001953125,8323.2001953125,8353.2998046875,8287.5498046875,8350.0,137900,-0.0017630571995113087,0.00023394997172565546,8339.2201171875,8216.930078125,8058.662001953125,0.009180334607613121,-0.11318327974276532,1.0
2016-07-11,8467.900390625,8467.900390625,8475.25,8407.0498046875,8413.349609375,149800,0.017385163388715874,-0.0017630571995113087,8367.1302734375,8231.822607421875,8071.024013671875,0.006404551557410817,0.08629441624365475,1.0
2016-07-12,8521.0498046875,8521.0498046875,8526.599609375,8479.2001953125,8502.599609375,183600,0.006276575256050743,0.017385163388715874,8397.2001953125,8252.345092773438,8085.32701171875,0.006271698195414951,0.22563417890520698,0.0
2016-07-13,8519.5,8519.5,8550.25,8493.5498046875,8540.4501953125,195500,-0.00018187954806314632,0.006276575256050743,8433.91015625,8272.877587890625,8100.77701171875,0.006494551072456178,0.06481481481481488,1.0
2016-07-14,8565.0,8565.0,8571.400390625,8500.7001953125,8515.75,153900,0.005340689007570898,-0.00018187954806314632,8479.330078125,8290.797607421875,8117.946015625,0.006297190043374732,-0.2127877237851662,0.0
2016-07-15,8541.400390625,8541.400390625,8594.7998046875,8510.0498046875,8565.4501953125,221700,-0.0027553542761237226,0.005340689007570898,8522.9701171875,8310.830126953126,8134.0640234375,0.006287691385352725,0.4405458089668617,0.0
2016-07-18,8508.7001953125,8508.7001953125,8587.099609375,8494.349609375,8564.0498046875,164300,-0.003828434895569499,-0.0027553542761237226,8531.130078125,8327.755126953125,8149.5690234375,0.006598524823671913,-0.25890843482183135,1.0
2016-07-19,8528.5498046875,8528.5498046875,8540.0498046875,8476.7001953125,8514.2998046875,167900,0.0023328603569714446,-0.003828434895569499,8532.630078125,8342.2576171875,8162.8190234375,0.006520085721283785,0.021911138161899046,1.0
2016-07-20,8565.849609375,8565.849609375,8569.900390625,8512.5498046875,8515.4501953125,160300,0.004373522526303297,0.0023328603569714446,8541.9,8359.555078125,8176.38001953125,0.006191610308859855,-0.045265038713519945,0.0
2016-07-21,8510.099609375,8510.099609375,8585.25,8503.4501953125,8582.7001953125,150000,-0.006508402848794281,0.004373522526303297,8530.919921875,8374.875048828126,8189.605009765625,0.006829267127865054,-0.06425452276980659,1.0
2016-07-22,8541.2001953125,8541.2001953125,8548.9501953125,8489.7998046875,8519.650390625,143200,0.003654550165692383,-0.006508402848794281,8530.8798828125,8388.412548828124,8202.421015625,0.006705421634958295,-0.04533333333333334,1.0
2016-07-25,8635.650390625,8635.650390625,8641.150390625,8517.2001953125,8519.9501953125,150000,0.011058187743255843,0.003654550165692383,8556.269921875,8415.765063476563,8218.836025390625,0.005309466609997271,0.04748603351955305,0.0
2016-07-26,8590.650390625,8590.650390625,8644.900390625,8577.150390625,8633.75,154800,-0.005210956669673972,0.011058187743255843,8568.6900390625,8440.562573242187,8233.434033203124,0.00551442850932668,0.03200000000000003,1.0
2016-07-27,8615.7998046875,8615.7998046875,8665.0,8572.0498046875,8599.400390625,184100,0.0029275331807177007,-0.005210956669673972,8578.680078125,8464.96005859375,8247.935029296876,0.005538801308742993,0.18927648578811374,1.0
2016-07-28,8666.2998046875,8666.2998046875,8674.7001953125,8625.25,8636.9501953125,233500,0.005861324676151858,0.0029275331807177007,8609.9201171875,8488.075048828125,8263.85802734375,0.005584945415551562,0.26833242802824553,0.0
2016-07-29,8638.5,8638.5,8670.349609375,8631.150390625,8668.2998046875,157000,-0.003207805558776422,0.005861324676151858,8629.380078125,8505.612548828125,8280.960029296875,0.005622172147141036,-0.3276231263383298,0.0
2016-08-01,8636.5498046875,8636.5498046875,8711.2998046875,8590.5,8654.2998046875,188400,-0.00022575624385023918,-0.003207805558776422,8629.5599609375,8521.02255859375,8298.697021484375,0.00537818279533542,0.19999999999999996,0.0
2016-08-02,8622.900390625,8622.900390625,8687.2001953125,8611.400390625,8647.4501953125,169400,-0.001580424402241265,-0.00022575624385023918,8636.0099609375,8533.632568359375,8316.534033203125,0.005453141000927046,-0.10084925690021229,0.0
2016-08-03,8544.849609375,8544.849609375,8635.4501953125,8529.599609375,8635.2001953125,163000,-0.009051569392458547,-0.001580424402241265,8621.819921875,8544.0775390625,8332.4540234375,0.00616735568253787,-0.037780401416765086,1.0
2016-08-04,8551.099609375,8551.099609375,8601.400390625,8518.150390625,8599.9501953125,164700,0.0007314347572768831,-0.009051569392458547,8598.7798828125,8554.7375,8344.778017578124,0.005759695416324325,0.010429447852760676,1.0
2016-08-05,8683.150390625,8683.150390625,8689.400390625,8590.150390625,8600.2001953125,157900,0.015442549763450941,0.0007314347572768831,8607.7099609375,8572.735009765625,8357.04802734375,0.007439401464791249,-0.041287188828172394,1.0
2016-08-08,8711.349609375,8711.349609375,8723.5,8697.599609375,8712.849609375,172600,0.0032475792173825013,0.015442549763450941,8622.669921875,8584.907470703125,8368.142021484375,0.006719969545440813,0.09309689677010757,0.0
2016-08-09,8678.25,8678.25,8728.349609375,8638.2001953125,8727.7998046875,200100,-0.003799596028080332,0.0032475792173825013,8633.73984375,8592.76748046875,8378.137021484376,0.006591103341305974,0.1593279258400928,0.0
2016-08-10,8575.2998046875,8575.2998046875,8690.099609375,8564.599609375,8686.7001953125,173600,-0.011863013316336768,-0.003799596028080332,8639.8298828125,8595.557470703125,8386.441015625,0.0076874416814778765,-0.13243378310844578,1.0
2016-08-11,8592.150390625,8592.150390625,8601.150390625,8540.0498046875,8572.7998046875,189200,0.00196501420606765,-0.011863013316336768,8648.0400390625,8596.914990234374,8394.68501953125,0.007426639970797874,0.08986175115207384,1.0
2016-08-16,8642.5498046875,8642.5498046875,8682.349609375,8600.4501953125,8670.25,224800,0.0058657509204553815,0.00196501420606765,8639.919921875,8601.9724609375,8403.15701171875,0.007655183270120293,0.18816067653276947,0.0
2016-08-17,8624.0498046875,8624.0498046875,8667.099609375,8603.599609375,8639.7998046875,174100,-0.0021405719860551065,0.0058657509204553815,8622.4599609375,8607.73994140625,8411.22201171875,0.0076873722286951085,-0.22553380782918153,1.0
2016-08-18,8673.25,8673.25,8690.7001953125,8645.0498046875,8648.849609375,164300,0.0057049989769026865,-0.0021405719860551065,8621.4599609375,8614.974951171875,8420.666015625,0.007876309526792854,-0.056289488799540544,0.0
2016-08-19,8666.900390625,8666.900390625,8696.599609375,8647.099609375,8694.2998046875,191900,-0.0007320911278931863,0.0057049989769026865,8639.780078125,8620.027490234375,8428.67501953125,0.007148083592520964,0.1679853925745587,0.0
2016-08-22,8629.150390625,8629.150390625,8684.849609375,8614.0,8667.0,152300,-0.0043556517669032235,-0.0007320911278931863,8647.180078125,8625.980029296876,8435.79703125,0.007381493380287645,-0.20635747785304848,1.0
2016-08-23,8632.599609375,8632.599609375,8642.150390625,8580.0,8628.349609375,187500,0.0003997170745508871,-0.0043556517669032235,8645.1900390625,8630.55,8444.37703125,0.005349160107093191,0.2311227839789889,1.0
2016-08-24,8650.2998046875,8650.2998046875,8661.0498046875,8620.900390625,8648.5,149600,0.0020503899304304962,0.0003997170745508871,8650.4400390625,8631.282470703125,8453.98203125,0.0052669720148920286,-0.2021333333333334,0.0
2016-08-25,8592.2001953125,8592.2001953125,8683.0498046875,8583.650390625,8668.849609375,213100,-0.006716485056797228,0.0020503899304304962,8634.230078125,8631.3599609375,8463.614033203125,0.005532370503540831,0.4244652406417113,0.0
2016-08-26,8572.5498046875,8572.5498046875,8622.9501953125,8547.5498046875,8614.349609375,147500,-0.0022870033493540554,-0.006716485056797228,8615.3599609375,8629.1974609375,8472.88802734375,0.004077096139272997,-0.3078366963866729,1.0
2016-08-29,8607.4501953125,8607.4501953125,8622.0,8543.75,8583.75,129700,0.004071179686342186,-0.0022870033493540554,8611.019921875,8626.25498046875,8480.9050390625,0.0042423478960265755,-0.1206779661016949,1.0
2016-08-30,8744.349609375,8744.349609375,8750.599609375,8642.25,8646.75,150200,0.015904758198549196,0.004071179686342186,8633.369921875,8631.5474609375,8492.97703125,0.006383301085104977,0.15805705474171172,1.0
2016-08-31,8786.2001953125,8786.2001953125,8819.2001953125,8754.0498046875,8754.0498046875,362200,0.00478601471887985,0.015904758198549196,8660.55,8639.02998046875,8505.29703125,0.0063575038645676965,1.411451398135819,0.0
2016-09-01,8774.650390625,8774.650390625,8813.25,8759.9501953125,8793.599609375,238900,-0.0013145392127147382,0.00478601471887985,8697.0400390625,8646.61748046875,8516.0200390625,0.006275561325782582,-0.34041965764770843,1.0
2016-09-02,8809.650390625,8809.650390625,8824.099609375,8768.2001953125,8796.349609375,191500,0.0039887629069979,-0.0013145392127147382,8744.46015625,8659.85751953125,8527.8150390625,0.006293228299859926,-0.19840937630807864,1.0
2016-09-06,8943.0,8943.0,8950.849609375,8848.4501953125,8852.7001953125,195600,0.015136765190694401,0.0039887629069979,8811.5701171875,8679.4525390625,8542.60103515625,0.007181505839807704,0.021409921671018184,0.0
2016-09-07,8917.9501953125,8917.9501953125,8968.7001953125,8913.349609375,8968.7001953125,290100,-0.002801051625573092,0.015136765190694401,8846.290234375,8691.192529296875,8555.55103515625,0.007407848058280335,0.4831288343558282,1.0
2016-09-08,8952.5,8952.5,8960.349609375,8896.0,8915.5,217200,0.0038741867728371293,-0.002801051625573092,8879.5501953125,8703.250048828126,8572.829033203125,0.007396602484790487,-0.2512926577042399,0.0
2016-09-09,8866.7001953125,8866.7001953125,8939.150390625,8858.7001953125,8934.2998046875,175900,-0.009583893290980194,0.0038741867728371293,8897.96015625,8712.67255859375,8588.269033203125,0.007875221898160435,-0.19014732965009207,0.0
2016-09-12,8715.599609375,8715.599609375,8746.9501953125,8699.400390625,8732.9501953125,184500,-0.017041355026008564,-0.009583893290980194,8879.15,8719.687548828126,8600.0240234375,0.010084888712100724,0.04889141557703236,1.0
2016-09-14,8726.599609375,8726.599609375,8739.849609375,8688.900390625,8710.650390625,184300,0.0012621047883116798,-0.017041355026008564,8835.869921875,8726.410009765625,8610.476015625,0.010050631232879302,-0.0010840108401084514,1.0
2016-09-15,8742.5498046875,8742.5498046875,8751.9501953125,8704.349609375,8743.849609375,145400,0.001827767518446155,0.0012621047883116798,8800.78984375,8731.410009765625,8619.57201171875,0.008690426864540904,-0.21106890938686929,1.0
2016-09-16,8779.849609375,8779.849609375,8847.650390625,8750.5,8780.849609375,265800,0.004266467508998506,0.001827767518446155,8766.259765625,8739.2,8628.60201171875,0.008660225106763097,0.8280605226960109,1.0
2016-09-19,8808.400390625,8808.400390625,8824.2998046875,8774.2001953125,8788.4501953125,131700,0.003251853109136782,0.004266467508998506,8754.5998046875,8745.95751953125,8637.356015625,0.00870573404196704,-0.5045146726862302,0.0
2016-09-20,8775.900390625,8775.900390625,8816.4501953125,8759.2998046875,8816.099609375,136500,-0.0036896597064991488,0.003251853109136782,8766.6599609375,8751.40751953125,8646.15501953125,0.008694426178645114,0.036446469248291535,1.0
2016-09-21,8777.150390625,8777.150390625,8826.849609375,8757.2998046875,8790.2998046875,148800,0.0001424355273373923,-0.0036896597064991488,8776.7701171875,8758.80751953125,8654.94001953125,0.006817188861502451,0.09010989010989001,1.0
2016-09-22,8867.4501953125,8867.4501953125,8893.349609375,8837.7998046875,8873.349609375,172800,0.010288054854791007,0.0001424355273373923,8801.7501953125,8770.550048828125,8665.82501953125,0.007799848994713921,0.16129032258064524,0.0
2016-09-23,8831.5498046875,8831.5498046875,8885.2001953125,8820.2998046875,8880.75,185900,-0.00404855847332275,0.010288054854791007,8812.090234375,8779.612548828125,8673.0980078125,0.0077034156804562815,0.07581018518518512,0.0
2016-09-26,8723.0498046875,8723.0498046875,8809.5498046875,8715.099609375,8807.900390625,164000,-0.012285499419638857,-0.00404855847332275,8795.0201171875,8786.155029296875,8677.1380078125,0.008063887075770397,-0.11780527165142551,0.0
2016-09-27,8706.400390625,8706.400390625,8768.5,8690.5,8748.900390625,151400,-0.0019086689214536934,-0.012285499419638857,8781.1201171875,8792.84755859375,8680.876015625,0.006000706937811034,-0.07682926829268288,1.0
2016-09-28,8745.150390625,8745.150390625,8767.0498046875,8703.150390625,8711.2001953125,165500,0.004450748674702076,-0.0019086689214536934,8774.7201171875,8799.732568359375,8684.4790234375,0.0061630241884299,0.09313077939233816,0.0
2016-09-29,8591.25,8591.25,8800.650390625,8558.25,8792.7001953125,372900,-0.0175983698107679,0.004450748674702076,8719.480078125,8792.077587890624,8685.476015625,0.008295826096427627,1.2531722054380663,1.0
2016-09-30,8611.150390625,8611.150390625,8637.150390625,8555.2001953125,8581.5,181700,0.002316355667103087,-0.0175983698107679,8675.4001953125,8783.32509765625,8687.52501953125,0.00816147787990697,-0.5127379994636632,1.0
2016-10-03,8738.099609375,8738.099609375,8745.2001953125,8635.0,8666.150390625,137300,0.014742422671912614,0.002316355667103087,8678.41015625,8781.49755859375,8691.716015625,0.009643072757710789,-0.244358833241607,1.0
2016-10-04,8769.150390625,8769.150390625,8783.650390625,8736.099609375,8770.0,184300,0.0035534936242527237,0.014742422671912614,8690.96015625,8779.47255859375,8695.78203125,0.009670477687077034,0.3423160961398397,0.0
2016-10-05,8743.9501953125,8743.9501953125,8806.9501953125,8731.400390625,8806.349609375,157200,-0.0028737328235858284,0.0035534936242527237,8690.7201171875,8769.520068359376,8700.45904296875,0.009711287237229735,-0.14704286489419427,0.0
2016-10-06,8709.5498046875,8709.5498046875,8781.150390625,8684.650390625,8768.7001953125,163600,-0.003934193340149772,-0.0028737328235858284,8714.380078125,8759.100048828124,8703.82603515625,0.008997656730015012,0.040712468193384144,0.0
2016-10-07,8697.599609375,8697.599609375,8723.7001953125,8663.7998046875,8721.7001953125,150400,-0.0013720795655899343,-0.003934193340149772,8731.669921875,8746.355029296876,8705.06501953125,0.008961706032610666,-0.0806845965770171,1.0
2016-10-10,8708.7998046875,8708.7998046875,8745.7998046875,8703.9501953125,8735.349609375,108400,0.0012877340663539627,-0.0013720795655899343,8725.8099609375,8738.460009765626,8707.4280078125,0.008134871162488263,-0.2792553191489362,0.0
2016-10-13,8573.349609375,8573.349609375,8681.5498046875,8541.349609375,8671.5,212300,-0.015553256286772621,0.0012877340663539627,8686.6498046875,8731.347509765625,8706.57900390625,0.009496091726122055,0.9584870848708487,1.0
2016-10-14,8583.400390625,8583.400390625,8604.4501953125,8549.7998046875,8594.0,162800,0.0011723284023095193,-0.015553256286772621,8654.53984375,8724.187548828126,8704.921015625,0.009322907787667829,-0.23316062176165808,0.0
2016-10-17,8520.400390625,8520.400390625,8615.400390625,8506.150390625,8612.9501953125,197400,-0.007339748483457642,0.0011723284023095193,8616.7099609375,8713.080078125,8702.5590234375,0.007841186749337321,0.21253071253071254,1.0
2016-10-18,8677.900390625,8677.900390625,8685.099609375,8555.900390625,8556.0498046875,216600,0.01848504680288232,-0.007339748483457642,8612.7701171875,8707.9826171875,8703.38603515625,0.009941041602080303,0.09726443768996962,0.0
2016-10-19,8659.099609375,8659.099609375,8698.75,8636.7001953125,8697.5,172100,-0.002166512682066579,0.01848504680288232,8602.830078125,8700.517578125,8704.11001953125,0.008665415309941407,-0.20544783010156975,1.0
2016-10-20,8699.400390625,8699.400390625,8727.0,8678.2998046875,8693.349609375,161000,0.004654153788272275,-0.002166512682066579,8628.040234375,8696.692578125,8707.20103515625,0.008734615963462823,-0.0644973852411389,0.0
2016-10-21,8693.0498046875,8693.0498046875,8709.099609375,8652.0498046875,8708.599609375,157300,-0.0007300027188475999,0.004654153788272275,8649.9701171875,8692.487548828125,8710.0400390625,0.00870333512792538,-0.02298136645962734,1.0
2016-10-24,8708.9501953125,8708.9501953125,8736.9501953125,8684.150390625,8709.849609375,157100,0.0018290923188344355,-0.0007300027188475999,8687.680078125,8684.562548828126,8710.55603515625,0.008644935260856246,-0.0012714558169103496,0.0
2016-10-25,8691.2998046875,8691.2998046875,8722.650390625,8663.4501953125,8721.7001953125,189800,-0.0020266955521803798,0.0018290923188344355,8690.3599609375,8677.550048828125,8710.1550390625,0.008659170577415673,0.2081476766390833,0.0
2016-10-26,8615.25,8615.25,8657.2998046875,8596.599609375,8657.2998046875,219300,-0.008750107164233856,-0.0020266955521803798,8681.5900390625,8672.16005859375,8708.8950390625,0.009060799268092673,0.1554267650158061,0.0
2016-10-27,8615.25,8615.25,8624.849609375,8550.25,8607.099609375,242800,0.0,-0.008750107164233856,8664.7599609375,8667.6025390625,8709.69404296875,0.007492361390625857,0.10715914272685811,1.0
2016-10-28,8638.0,8638.0,8653.75,8581.75,8625.0,175500,0.0026406662604103737,0.0,8653.75,8662.24501953125,8710.61103515625,0.007521056952454996,-0.2771828665568369,0.0
2016-11-01,8626.25,8626.25,8669.599609375,8614.5,8653.150390625,165000,-0.0013602685806899384,0.0026406662604103737,8637.2099609375,8663.99501953125,8710.2850390625,0.0070365054659169675,-0.05982905982905984,0.0
2016-11-02,8514.0,8514.0,8549.5,8504.849609375,8542.7998046875,155300,-0.013012606868569754,-0.0013602685806899384,8601.75,8659.1375,8708.08404296875,0.0053046247271430055,-0.05878787878787883,0.0
2016-11-03,8484.9501953125,8484.9501953125,8537.650390625,8476.150390625,8499.849609375,170500,-0.003412004309079175,-0.013012606868569754,8575.6900390625,8646.480029296876,8704.318046875,0.005326357460437173,0.09787508048937532,0.0
2016-11-04,8433.75,8433.75,8504.0,8400.25,8503.599609375,224800,-0.00603423639902867,-0.003412004309079175,8539.3900390625,8629.710009765626,8699.6550390625,0.004893819708880686,0.3184750733137829,1.0
2016-11-07,8497.0498046875,8497.0498046875,8535.849609375,8481.4501953125,8535.75,172800,0.007505534867348507,-0.00603423639902867,8511.2,8617.364990234375,8697.01302734375,0.005919707217627315,-0.23131672597864772,1.0
2016-11-08,8543.5498046875,8543.5498046875,8559.400390625,8480.099609375,8540.0,195700,0.005472487636161372,0.007505534867348507,8494.6599609375,8609.064990234376,8695.23203125,0.006299424023992047,0.13252314814814814,0.0
2016-11-09,8432.0,8432.0,8476.2001953125,8002.25,8067.5,314300,-0.013056610804363489,0.005472487636161372,8478.2599609375,8595.785009765625,8690.86603515625,0.007222518236800196,0.6060296371997955,1.0
2016-11-10,8525.75,8525.75,8598.4501953125,8510.7001953125,8555.599609375,263100,0.011118358633776193,-0.013056610804363489,8486.419921875,8586.63251953125,8689.53703125,0.008139751875822221,-0.16290168628698698,0.0
2016-11-11,8296.2998046875,8296.2998046875,8460.599609375,8284.9501953125,8456.650390625,266900,-0.026912611243878892,0.011118358633776193,8458.9298828125,8572.780029296875,8684.01203125,0.011516115069475847,0.014443177499049886,0.0
2016-11-15,8108.4501953125,8108.4501953125,8288.5498046875,8093.2001953125,8284.849609375,359200,-0.022642577269069153,-0.026912611243878892,8381.2099609375,8549.03251953125,8674.03203125,0.012684293619691289,0.3458224053952792,1.0
2016-11-16,8111.60009765625,8111.60009765625,8210.0498046875,8089.39990234375,8205.650390625,269500,0.0003884715658204474,-0.022642577269069153,8294.82001953125,8528.592504882812,8661.377041015625,0.012770703854928945,-0.2497216035634744,0.0
2016-11-17,8079.9501953125,8079.9501953125,8151.25,8060.2998046875,8105.10009765625,191300,-0.003901807530291679,0.0003884715658204474,8224.41005859375,8498.694995117188,8647.252041015625,0.012542418663198709,-0.2901669758812616,0.0
2016-11-18,8074.10009765625,8074.10009765625,8128.9501953125,8048.2998046875,8097.5498046875,161200,-0.000724026450019899,-0.003901807530291679,8134.080078125,8469.44501953125,8633.24103515625,0.012612353031833822,-0.1573444851019341,0.0
2016-11-21,7929.10009765625,7929.10009765625,8102.4501953125,7916.39990234375,8102.10009765625,218800,-0.017958657713704862,-0.000724026450019899,8060.64013671875,8430.930004882812,8615.630029296875,0.013279783496907656,0.35732009925558317,1.0
2016-11-22,8002.2998046875,8002.2998046875,8019.0498046875,7938.14990234375,7989.14990234375,210200,0.009231779915716665,-0.017958657713704862,8039.41005859375,8396.392504882813,8596.816025390624,0.013485503022979024,-0.039305301645338186,1.0
2016-11-23,8033.2998046875,8033.2998046875,8055.2001953125,7973.10009765625,8051.2001953125,181000,0.0038738863522509437,0.009231779915716665,8023.75,8362.609985351562,8579.123017578126,0.013344469045036063,-0.13891531874405327,0.0
2016-11-24,7965.5,7965.5,8024.85009765625,7952.5498046875,8011.7998046875,260500,-0.008439844937436325,0.0038738863522509437,8000.8599609375,8326.319995117188,8559.383017578126,0.013153953229003871,0.4392265193370166,1.0
2016-11-25,8114.2998046875,8114.2998046875,8122.25,7976.75,8007.9501953125,177900,0.018680535394827613,-0.008439844937436325,8008.89990234375,8301.272485351563,8544.335009765626,0.014381742804596271,-0.3170825335892514,1.0
2016-11-28,8126.89990234375,8126.89990234375,8146.5,8066.5,8080.64990234375,189700,0.001552826240037497,0.018680535394827613,8048.45986328125,8276.85498046875,8532.561015625,0.012175468525577384,0.06632939853850472,1.0
2016-11-29,8142.14990234375,8142.14990234375,8197.349609375,8128.7001953125,8131.5498046875,189700,0.0018764842908427504,0.001552826240037497,8076.4298828125,8252.062475585937,8520.872021484374,0.009790436945593527,0.0,1.0
2016-11-30,8224.5,8224.5,8234.25,8139.25,8172.14990234375,248000,0.01011404833415619,0.0018764842908427504,8114.669921875,8231.974975585938,8510.511025390624,0.010254810998465102,0.30732735898787555,0.0
2016-12-01,8192.900390625,8192.900390625,8250.7998046875,8185.0498046875,8244.0,157700,-0.00384213136056899,0.01011404833415619,8160.15,8215.919995117187,8498.772041015625,0.010251379942872943,-0.3641129032258065,0.0
2016-12-02,8086.7998046875,8086.7998046875,8159.2998046875,8070.0498046875,8153.5498046875,171500,-0.012950308300941793,-0.00384213136056899,8154.65,8196.012475585938,8484.340029296874,0.011220918233327682,0.08750792644261263,1.0
2016-12-05,8128.75,8128.75,8141.89990234375,8056.85009765625,8088.75,126500,0.00518749027126697,-0.012950308300941793,8155.02001953125,8180.762475585938,8471.397021484376,0.00927423642280716,-0.26239067055393583,1.0
2016-12-06,8143.14990234375,8143.14990234375,8178.7001953125,8130.85009765625,8153.14990234375,115300,0.0017714780678148578,0.00518749027126697,8155.22001953125,8163.06748046875,8458.71701171875,0.008970174731376297,-0.08853754940711467,0.0
2016-12-07,8102.0498046875,8102.0498046875,8190.4501953125,8077.5,8168.39990234375,169800,-0.005047198952388254,0.0017714780678148578,8130.72998046875,8140.99248046875,8443.40900390625,0.009180218293794958,0.47267996530789236,1.0
2016-12-08,8246.849609375,8246.849609375,8256.25,8151.75,8152.10009765625,142500,0.017871996368588716,-0.005047198952388254,8141.51982421875,8131.7349609375,8431.715,0.009947533386710382,-0.16077738515901063,1.0
2016-12-09,8261.75,8261.75,8274.9501953125,8241.9501953125,8271.7001953125,149700,0.0018067979083868924,0.017871996368588716,8176.50986328125,8118.5349609375,8422.48900390625,0.0084014091109141,0.05052631578947375,0.0
2016-12-12,8170.7998046875,8170.7998046875,8230.650390625,8154.4501953125,8230.650390625,108100,-0.011008587201561393,0.0018067979083868924,8184.91982421875,8112.2599609375,8411.7769921875,0.009335302633929595,-0.27788911155644624,1.0
2016-12-13,8221.7998046875,8221.7998046875,8228.849609375,8155.7998046875,8196.150390625,184000,0.006241739024219095,-0.011008587201561393,8200.6498046875,8117.92744140625,8401.30998046875,0.009503316088979816,0.7021276595744681,0.0
2016-12-14,8182.4501953125,8182.4501953125,8229.400390625,8165.10009765625,8229.349609375,144600,-0.004786009184091999,0.006241739024219095,8216.7298828125,8121.469946289062,8393.133984375,0.009076594268810367,-0.21413043478260874,0.0
2016-12-15,8153.60009765625,8153.60009765625,8225.900390625,8121.9501953125,8128.39990234375,181800,-0.003525850688682164,-0.004786009184091999,8198.07998046875,8125.15244140625,8383.982978515625,0.009064101868104538,0.2572614107883817,0.0
2016-12-16,8139.4501953125,8139.4501953125,8178.7001953125,8127.4501953125,8178.2001953125,203000,-0.001735417750965862,-0.003525850688682164,8173.62001953125,8128.419946289063,8372.009990234375,0.007972875188722908,0.11661166116611654,0.0
2016-12-19,8104.35009765625,8104.35009765625,8132.5,8094.85009765625,8126.0,107400,-0.004312342580149231,-0.001735417750965862,8160.330078125,8137.182446289063,8358.713984375,0.007941712767775886,-0.47093596059113296,0.0
2016-12-20,8082.39990234375,8082.39990234375,8124.10009765625,8062.75,8110.60009765625,128000,-0.0027084460873485483,-0.004312342580149231,8132.45009765625,8141.187451171875,8345.482978515625,0.007939966891853112,0.19180633147113602,0.0
2016-12-21,8061.2998046875,8061.2998046875,8112.5498046875,8053.25,8105.85009765625,123700,-0.0026106228238139684,-0.0027084460873485483,8108.22001953125,8142.587451171875,8332.517978515625,0.007829044210348048,-0.03359374999999998,0.0
2016-12-22,7979.10009765625,7979.10009765625,8046.4501953125,7964.9501953125,8043.85009765625,122600,-0.010196830414798908,-0.0026106228238139684,8073.32001953125,8143.2674560546875,8318.14798828125,0.005062577462055993,-0.008892481810832686,1.0
2016-12-23,7985.75,7985.75,8022.60009765625,7942.0498046875,7972.5,124100,0.0008334150796909245,-0.010196830414798908,8042.57998046875,8136.8399658203125,8303.6869921875,0.004962192768788137,0.012234910277324706,0.0
2016-12-26,7908.25,7908.25,7970.0498046875,7893.7998046875,7965.10009765625,106900,-0.009704786651222541,0.0008334150796909245,8003.3599609375,8125.907470703125,8290.385,0.004752194137259154,-0.1385979049153908,1.0
2016-12-27,8032.85009765625,8032.85009765625,8044.64990234375,7903.7001953125,7915.0498046875,118800,0.01575571051196545,-0.009704786651222541,7993.45,8120.44248046875,8279.373994140626,0.007190520784883962,0.11131898971000931,1.0
2016-12-28,8034.85009765625,8034.85009765625,8100.5498046875,8028.39990234375,8047.5498046875,126700,0.00024897763255693484,0.01575571051196545,7988.16005859375,8110.959985351563,8269.66298828125,0.007173294279485805,0.06649831649831639,1.0
2016-12-29,8103.60009765625,8103.60009765625,8111.10009765625,8020.7998046875,8030.60009765625,178500,0.008556475748073389,0.00024897763255693484,8013.06005859375,8106.494970703125,8258.176982421875,0.007836377204790442,0.40883977900552493,1.0
2016-12-30,8185.7998046875,8185.7998046875,8197.0,8114.75,8119.64990234375,127600,0.01014360358861044,0.008556475748073389,8053.07001953125,8111.444970703125,8248.710986328126,0.008514068961573033,-0.28515406162464985,0.0
2017-01-02,8179.5,8179.5,8212.0,8133.7998046875,8210.099609375,118300,-0.0007696016073948098,0.01014360358861044,8107.32001953125,8113.982470703125,8238.312978515625,0.008359228288810847,-0.07288401253918497,1.0
2017-01-03,8192.25,8192.25,8219.099609375,8148.60009765625,8196.0498046875,127300,0.0015587749862460143,-0.0007696016073948098,8139.2,8116.437475585937,8228.296982421874,0.008259774440089462,0.07607776838546076,0.0
2017-01-04,8190.5,8190.5,8218.5,8180.89990234375,8202.650390625,132400,-0.00021361652781592966,0.0015587749862460143,8170.32998046875,8120.8599853515625,8217.927978515625,0.008165289657749184,0.04006284367635504,1.0
2017-01-05,8273.7998046875,8273.7998046875,8282.650390625,8223.7001953125,8226.650390625,159100,0.01017029542610337,-0.00021361652781592966,8204.369921875,8122.207495117187,8209.577978515625,0.007393588112571248,0.20166163141993954,0.0
2017-01-06,8243.7998046875,8243.7998046875,8306.849609375,8233.25,8281.849609375,139400,-0.0036259035398709116,0.01017029542610337,8215.969921875,8121.309985351562,8202.148974609376,0.007710555929239076,-0.12382149591451919,0.0
2017-01-09,8236.0498046875,8236.0498046875,8263.0,8227.75,8259.349609375,99100,-0.0009401004613908137,-0.0036259035398709116,8227.2798828125,8124.572485351562,8194.564970703124,0.00647892966600332,-0.28909612625538017,1.0
2017-01-10,8288.599609375,8288.599609375,8293.7998046875,8261.0,8262.7001953125,142900,0.0063804622280927425,-0.0009401004613908137,8246.5498046875,8127.9124755859375,8187.576962890625,0.005143796779343624,0.44197780020181643,1.0
2017-01-11,8380.650390625,8380.650390625,8389.0,8322.25,8327.7998046875,186500,0.01110570972035907,0.0063804622280927425,8284.5798828125,8137.822485351562,8182.664970703125,0.005589653049766299,0.30510846745976217,1.0
2017-01-12,8407.2001953125,8407.2001953125,8417.2001953125,8382.2998046875,8391.0498046875,172600,0.003167988574872327,0.01110570972035907,8311.2599609375,8150.502490234375,8180.528974609375,0.005382844381768687,-0.07453083109919567,0.0
2017-01-13,8400.349609375,8400.349609375,8461.0498046875,8373.150390625,8457.650390625,185300,-0.0008148474852923693,0.003167988574872327,8342.569921875,8163.5474609375,8178.836962890625,0.005028597238117958,0.07358053302433376,1.0
2017-01-16,8412.7998046875,8412.7998046875,8426.7001953125,8374.400390625,8390.9501953125,124100,0.0014821044232022906,-0.0008148474852923693,8377.919921875,8178.969946289062,8178.417958984375,0.004909864673886361,-0.3302752293577982,0.0
2017-01-17,8398.0,8398.0,8440.900390625,8378.2998046875,8415.0498046875,122000,-0.0017592008642893786,0.0014821044232022906,8399.8,8194.749951171874,8176.436962890625,0.005113005888213394,-0.01692183722804186,1.0
2017-01-18,8417.0,8417.0,8460.2998046875,8397.400390625,8403.849609375,163800,0.002262443438914019,-0.0017592008642893786,8407.069921875,8212.5349609375,8173.905966796875,0.005026467975484188,0.3426229508196721,1.0
2017-01-19,8435.099609375,8435.099609375,8445.150390625,8404.0498046875,8418.400390625,165900,0.0021503634757038537,0.002262443438914019,8412.6498046875,8235.334936523437,8173.967958984375,0.004296527160765447,0.012820512820512775,0.0
2017-01-20,8349.349609375,8349.349609375,8423.650390625,8340.9501953125,8404.349609375,202600,-0.010165855054597661,0.0021503634757038537,8402.4498046875,8253.514916992188,8170.439951171875,0.005552261361393912,0.22121760096443643,1.0
2017-01-23,8391.5,8391.5,8404.150390625,8327.2001953125,8329.599609375,195000,0.005048344194100052,-0.010165855054597661,8398.18984375,8277.677416992188,8172.343955078125,0.005608041438868634,-0.03751233958538991,1.0
2017-01-24,8475.7998046875,8475.7998046875,8480.9501953125,8398.150390625,8407.0498046875,179200,0.010045856484240057,0.005048344194100052,8413.7498046875,8299.82490234375,8179.690947265625,0.006037774958651317,-0.08102564102564103,1.0
2017-01-25,8602.75,8602.75,8612.599609375,8493.9501953125,8499.4501953125,292500,0.014977960574563243,0.010045856484240057,8450.8998046875,8328.219897460938,8189.5139453125,0.006750742764666171,0.6322544642857142,1.0
2017-01-27,8641.25,8641.25,8672.7001953125,8606.900390625,8610.5,275400,0.00447531312661642,0.014977960574563243,8492.1298828125,8355.102392578125,8200.73994140625,0.0067747300851266935,-0.058461538461538454,0.0
2017-01-30,8632.75,8632.75,8662.599609375,8617.75,8635.5498046875,304700,-0.0009836539852451365,0.00447531312661642,8548.8099609375,8377.44990234375,8211.912939453125,0.006784858391445396,0.10639070442992016,0.0
2017-01-31,8561.2998046875,8561.2998046875,8631.75,8552.400390625,8629.4501953125,521000,-0.008276643631809133,-0.0009836539852451365,8582.769921875,8396.539892578125,8224.55693359375,0.00763639277489463,0.7098785690843452,1.0
2017-02-01,8716.400390625,8716.400390625,8722.400390625,8537.5,8570.349609375,327700,0.01811647640847469,-0.008276643631809133,8630.8900390625,8422.747412109375,8238.8389453125,0.00906630134712081,-0.3710172744721689,1.0
2017-02-02,8734.25,8734.25,8757.599609375,8685.7998046875,8724.75,283500,0.002047818890261066,0.01811647640847469,8657.1900390625,8449.934912109375,8252.85794921875,0.009070506756618975,-0.13487946292340558,1.0
2017-02-03,8740.9501953125,8740.9501953125,8748.25,8707.75,8735.150390625,191000,0.0007671174184962215,0.002047818890261066,8677.130078125,8473.292431640624,8268.366953125,0.009107972935641766,-0.326278659611993,1.0
2017-02-06,8801.0498046875,8801.0498046875,8814.099609375,8770.2001953125,8785.4501953125,194400,0.006875638006406781,0.0007671174184962215,8710.7900390625,8501.154931640625,8282.101953125,0.0077359664675933715,0.017801047120418856,0.0
2017-02-07,8768.2998046875,8768.2998046875,8809.2998046875,8741.0498046875,8805.7001953125,226300,-0.0037211469911869743,0.006875638006406781,8752.1900390625,8527.767431640625,8294.929951171875,0.008248900431359847,0.16409465020576142,1.0
2017-02-08,8769.0498046875,8769.0498046875,8791.25,8715.0,8774.5498046875,218700,8.55353964515082e-05,-0.0037211469911869743,8762.719921875,8551.78994140625,8307.46794921875,0.00809570688877651,-0.03358373840035356,1.0
2017-02-09,8778.400390625,8778.400390625,8821.400390625,8724.099609375,8795.5498046875,187500,0.0010663168924529565,8.55353964515082e-05,8771.55,8571.67744140625,8318.54595703125,0.007015234818011438,-0.1426611796982168,1.0
2017-02-10,8793.5498046875,8793.5498046875,8822.099609375,8771.2001953125,8812.349609375,225900,0.0017257602055471555,0.0010663168924529565,8782.069921875,8590.994921875,8330.5589453125,0.006963098672343516,0.2048000000000001,1.0
2017-02-13,8805.0498046875,8805.0498046875,8826.900390625,8754.2001953125,8819.7998046875,204900,0.001307776751758416,0.0017257602055471555,8782.869921875,8611.229931640624,8344.9239453125,0.006899816323008821,-0.09296148738379817,0.0
2017-02-14,8792.2998046875,8792.2998046875,8820.4501953125,8772.5,8819.900390625,188300,-0.0014480326951941125,0.001307776751758416,8787.669921875,8630.204931640625,8358.19494140625,0.006056135800680986,-0.08101512933138111,0.0
2017-02-15,8724.7001953125,8724.7001953125,8807.900390625,8712.849609375,8778.9501953125,216100,-0.007688501401983627,-0.0014480326951941125,8778.8,8646.53994140625,8369.825947265625,0.0038419092935685446,0.14763674986723307,1.0
2017-02-16,8778.0,8778.0,8783.9501953125,8719.599609375,8739.0,184600,0.006109070053333943,-0.007688501401983627,8778.719921875,8664.58994140625,8383.344951171875,0.004262147367137595,-0.14576584914391488,1.0
2017-02-17,8821.7001953125,8821.7001953125,8896.4501953125,8804.25,8883.7001953125,298300,0.004978377228582742,0.006109070053333943,8784.35,8683.919970703126,8394.841962890625,0.004492427631509669,0.6159263271939328,1.0
2017-02-20,8879.2001953125,8879.2001953125,8886.25,8809.7998046875,8818.5498046875,167800,0.0065180179247708026,0.004978377228582742,8799.180078125,8710.4125,8407.190966796876,0.004440958849686876,-0.43747904793831716,1.0
2017-02-21,8907.849609375,8907.849609375,8920.7998046875,8860.9501953125,8890.75,175700,0.003226575978951818,0.0065180179247708026,8822.2900390625,8736.22998046875,8421.931962890625,0.0041742966001772205,0.04707985697258632,1.0
2017-02-22,8926.900390625,8926.900390625,8960.75,8905.25,8931.599609375,247100,0.0021386509747480797,0.003226575978951818,8862.730078125,8758.785009765625,8436.033974609374,0.00414255274430064,0.40637450199203196,1.0
2017-02-23,8939.5,8939.5,8982.150390625,8927.5498046875,8956.400390625,377200,0.0014114204061503877,0.0021386509747480797,8895.030078125,8775.622509765624,8451.174970703125,0.004137256703191057,0.5265074868474302,0.0
2017-02-27,8896.7001953125,8896.7001953125,8951.7998046875,8888.650390625,8943.7001953125,189900,-0.004787717958219084,0.0014114204061503877,8910.030078125,8788.39501953125,8466.03697265625,0.0046375953571654305,-0.4965535524920467,0.0
2017-02-28,8879.599609375,8879.599609375,8914.75,8867.599609375,8898.9501953125,293600,-0.0019221268068030373,-0.004787717958219084,8910.1099609375,8800.7375,8480.8399609375,0.004738812025688481,0.5460768825697735,1.0
2017-03-01,8945.7998046875,8945.7998046875,8960.7998046875,8898.599609375,8904.400390625,205900,0.007455313102474381,-0.0019221268068030373,8917.7,8819.9625,8497.668955078125,0.0050822750275647,-0.29870572207084467,0.0
2017-03-02,8899.75,8899.75,8992.5,8879.7998046875,8982.849609375,218800,-0.0051476453411544165,0.007455313102474381,8912.269921875,8829.12998046875,8514.01595703125,0.004598831261315788,0.06265177270519673,0.0
2017-03-03,8897.5498046875,8897.5498046875,8907.099609375,8860.099609375,8883.5,202600,-0.0002472199008398679,-0.0051476453411544165,8903.8798828125,8837.294970703126,8530.74095703125,0.004402562789454357,-0.07404021937842775,1.0
2017-03-06,8963.4501953125,8963.4501953125,8967.7998046875,8914.0,8915.099609375,174800,0.00740657732427441,-0.0002472199008398679,8917.2298828125,8848.419970703126,8550.427958984375,0.0046822404036906875,-0.13721618953603154,0.0
2017-03-07,8946.900390625,8946.900390625,8977.849609375,8932.7998046875,8977.75,173400,-0.0018463654426456033,0.00740657732427441,8930.6900390625,8855.7125,8569.650966796875,0.004448362392751326,-0.008009153318077833,0.0
2017-03-08,8924.2998046875,8924.2998046875,8957.0498046875,8891.9501953125,8950.7001953125,177800,-0.0025260799775062015,-0.0018463654426456033,8926.3900390625,8863.5125,8589.971962890624,0.00446712683506718,0.025374855824682907,1.0
2017-03-09,8927.0,8927.0,8945.7998046875,8899.5,8914.5,171500,0.0003025666294942386,-0.0025260799775062015,8931.8400390625,8871.410009765625,8607.8549609375,0.004415730605053544,-0.03543307086614178,1.0
2017-03-10,8934.5498046875,8934.5498046875,8975.7001953125,8903.9501953125,8953.7001953125,152700,0.0008457269729471584,0.0003025666294942386,8939.2400390625,8879.21748046875,8625.848955078125,0.0043993737674671435,-0.10962099125364433,1.0
2017-03-14,9087.0,9087.0,9122.75,9060.5,9091.650390625,270300,0.017062996865551794,0.0008457269729471584,8963.95,8893.889990234375,8645.516953125,0.006639188225461155,0.7701375245579567,0.0
2017-03-15,9084.7998046875,9084.7998046875,9106.5498046875,9075.5,9086.849609375,240600,-0.0002421255983823256,0.017062996865551794,8991.5298828125,8907.877490234376,8663.496953125,0.0065456198468617326,-0.1098779134295228,1.0
2017-03-16,9153.7001953125,9153.7001953125,9158.4501953125,9128.5498046875,9129.650390625,208600,0.0075841396735512046,-0.0002421255983823256,9037.4099609375,8925.947509765625,8682.98095703125,0.006556996513416914,-0.13300083125519535,1.0
2017-03-17,9160.0498046875,9160.0498046875,9218.400390625,9147.599609375,9207.7998046875,286700,0.0006936658662091144,0.0075841396735512046,9084.019921875,8947.714990234375,8702.336953125,0.006059186344206383,0.3744007670182168,0.0
2017-03-20,9126.849609375,9126.849609375,9167.599609375,9116.2998046875,9166.9501953125,332100,-0.0036244557639315556,0.0006936658662091144,9122.4798828125,8965.157470703125,8721.0639453125,0.0063418319809197135,0.15835367980467385,0.0
2017-03-21,9121.5,9121.5,9147.75,9087.2001953125,9133.9501953125,247700,-0.0005861397529225432,-0.0036244557639315556,9129.3798828125,8980.1474609375,8738.01794921875,0.006165140160557689,-0.2541403191809696,0.0
2017-03-22,9030.4501953125,9030.4501953125,9072.900390625,9019.2998046875,9047.2001953125,232300,-0.009981889457600146,-0.0005861397529225432,9118.5099609375,8987.7099609375,8753.75095703125,0.007152559914497067,-0.062171982236576495,1.0
2017-03-23,9086.2998046875,9086.2998046875,9099.0498046875,9048.599609375,9048.75,191800,0.006184587497530369,-0.009981889457600146,9105.0298828125,8996.632470703125,8770.75595703125,0.007211971030852123,-0.1743435213086526,1.0
2017-03-24,9108.0,9108.0,9133.5498046875,9089.400390625,9104.0,203700,0.002388232369495924,0.006184587497530369,9094.619921875,9005.687451171874,8787.14396484375,0.007193219960237677,0.06204379562043805,0.0
2017-03-27,9045.2001953125,9045.2001953125,9094.849609375,9024.650390625,9093.4501953125,202700,-0.006895015885759803,0.002388232369495924,9078.2900390625,9010.9724609375,8800.4349609375,0.007731476182647945,-0.004909180166912108,1.0
2017-03-28,9100.7998046875,9100.7998046875,9110.400390625,9079.7998046875,9081.5,183300,0.006146863328001739,-0.006895015885759803,9074.15,9021.17744140625,8814.306953125,0.005775206595744408,-0.09570794277257033,1.0
2017-03-29,9143.7998046875,9143.7998046875,9153.150390625,9109.099609375,9128.7001953125,243400,0.004724859454424246,0.006146863328001739,9096.819921875,9034.387451171875,8829.17595703125,0.005947163933055824,0.32787779596290245,1.0
2017-03-30,9173.75,9173.75,9183.150390625,9136.349609375,9142.599609375,323400,0.003275464899958447,0.004724859454424246,9114.3099609375,9045.7849609375,8844.3949609375,0.005531619587776423,0.3286770747740344,0.0
2017-03-31,9173.75,9173.75,9191.7001953125,9152.099609375,9158.900390625,190900,0.0,0.003275464899958447,9127.4599609375,9059.4849609375,8859.9099609375,0.005529544537277588,-0.40970933828076683,1.0
2017-04-03,9237.849609375,9237.849609375,9245.349609375,9192.400390625,9220.599609375,139100,0.006987285393105225,0.0,9165.98984375,9076.499951171874,8876.326953125,0.00573626465727442,-0.27134625458355155,1.0
2017-04-05,9265.150390625,9265.150390625,9273.900390625,9215.400390625,9264.400390625,184800,0.002955317785461098,0.006987285393105225,9198.8599609375,9091.5849609375,8892.92796875,0.005721365847522517,0.3285406182602444,0.0
2017-04-06,9261.9501953125,9261.9501953125,9267.9501953125,9218.849609375,9245.7998046875,186100,-0.00034540133484917135,0.002955317785461098,9222.4900390625,9107.337451171876,8911.17998046875,0.004155016868070137,0.007034632034631949,0.0
2017-04-07,9198.2998046875,9198.2998046875,9250.5,9188.099609375,9223.7001953125,190000,-0.006872244968150865,-0.00034540133484917135,9227.4,9121.037451171875,8927.3159765625,0.0048727666320829855,0.020956475013433673,0.0
2017-04-10,9181.4501953125,9181.4501953125,9225.650390625,9174.849609375,9225.599609375,135800,-0.0018318178068531532,-0.006872244968150865,9228.9400390625,9133.7599609375,8941.428984375,0.004944157055929714,-0.2852631578947369,1.0
2017-04-11,9237.0,9237.0,9242.7001953125,9172.849609375,9184.5498046875,200100,0.006050221207523521,-0.0018318178068531532,9228.7701171875,9148.882470703125,8954.113984375,0.004361697186598009,0.4734904270986746,0.0
2017-04-12,9203.4501953125,9203.4501953125,9246.400390625,9161.7998046875,9242.5,161800,-0.003632110499891761,0.006050221207523521,9216.430078125,9154.70498046875,8965.35798828125,0.004451140545803704,-0.1914042978510745,0.0
2017-04-13,9150.7998046875,9150.7998046875,9202.650390625,9144.9501953125,9202.5,166500,-0.005720723153564311,-0.003632110499891761,9194.2,9158.00498046875,8975.718984375,0.004730943325735516,0.029048207663782355,0.0
2017-04-17,9139.2998046875,9139.2998046875,9160.0,9120.25,9144.75,0,-0.0012567207506942735,-0.005720723153564311,9182.4,9157.2849609375,8987.278984375,0.004606975335650753,-1.0,0.0
2017-04-18,9105.150390625,9105.150390625,9217.900390625,9095.4501953125,9163.0,174200,-0.003736545992832463,-0.0012567207506942735,9167.1400390625,9154.539990234374,8995.053984375,0.004723979177852149,inf,0.0
2017-04-19,9103.5,9103.5,9120.5,9075.150390625,9112.2001953125,173700,-0.00018125901870869043,-0.003736545992832463,9140.4400390625,9153.372509765624,9002.438984375,0.003891619685067383,-0.002870264064293915,1.0
2017-04-20,9136.400390625,9136.400390625,9143.900390625,9102.650390625,9108.099609375,170300,0.003614037526775471,-0.00018125901870869043,9127.030078125,9154.117529296875,9010.34798828125,0.0039791956945054415,-0.01957397812320094,0.0
2017-04-21,9119.400390625,9119.400390625,9183.650390625,9088.75,9179.099609375,155200,-0.0018606890321317682,0.003614037526775471,9120.7501953125,9158.5650390625,9016.715,0.003963765460532555,-0.08866705813270703,1.0
2017-04-24,9217.9501953125,9217.9501953125,9225.400390625,9130.5498046875,9135.349609375,167700,0.010806610135114969,-0.0018606890321317682,9136.4802734375,9165.14755859375,9025.7080078125,0.005101777068485448,0.080541237113402,1.0
2017-04-25,9306.599609375,9306.599609375,9309.2001953125,9250.349609375,9273.0498046875,168700,0.00961704198701141,0.010806610135114969,9176.7701171875,9175.0775390625,9036.45900390625,0.005822591840665351,0.005963029218843063,1.0
2017-04-26,9351.849609375,9351.849609375,9367.0,9301.349609375,9336.2001953125,185700,0.004862141050359314,0.00961704198701141,9226.4400390625,9190.410009765625,9047.92798828125,0.005727832381462657,0.10077059869590999,0.0
2017-04-27,9342.150390625,9342.150390625,9367.150390625,9322.650390625,9359.150390625,209400,-0.001037144431864756,0.004862141050359314,9267.5900390625,9202.4775390625,9058.9,0.005537639900738779,0.1276252019386106,0.0
2017-04-28,9304.0498046875,9304.0498046875,9342.650390625,9282.25,9340.9501953125,162200,-0.004078352878555069,-0.001037144431864756,9304.519921875,9210.4900390625,9068.88,0.005319392999458251,-0.22540592168099327,1.0
2017-05-02,9313.7998046875,9313.7998046875,9352.5498046875,9269.900390625,9339.849609375,161600,0.0010479307618374012,-0.004078352878555069,9323.68984375,9217.492529296875,9079.31,0.005227395470240963,-0.0036991368680641123,0.0
2017-05-03,9311.9501953125,9311.9501953125,9346.2998046875,9298.400390625,9344.7001953125,151600,-0.00019858805361794296,0.0010479307618374012,9324.7599609375,9224.4025390625,9091.055,0.004913412819311532,-0.061881188118811936,1.0
2017-05-04,9359.900390625,9359.900390625,9365.650390625,9323.25,9360.9501953125,269600,0.005149318274558334,-0.00019858805361794296,9326.3701171875,9230.505078125,9102.6930078125,0.00490838690091757,0.7783641160949868,0.0
2017-05-05,9285.2998046875,9285.2998046875,9377.099609375,9272.0,9374.5498046875,231900,-0.007970232889681239,0.005149318274558334,9315.0,9231.512548828125,9111.965,0.0059494731589840736,-0.13983679525222548,1.0
2017-05-08,9314.0498046875,9314.0498046875,9338.7001953125,9297.9501953125,9311.4501953125,174300,0.0030962920535411165,-0.007970232889681239,9317.0,9234.117529296875,9120.6619921875,0.005831297801664706,-0.2483829236739974,1.0
2017-05-09,9316.849609375,9316.849609375,9338.9501953125,9307.7001953125,9337.349609375,132300,0.0003006001413146109,0.0030962920535411165,9317.6099609375,9240.04501953125,9128.8419921875,0.004978301248641367,-0.24096385542168675,1.0
2017-05-10,9407.2998046875,9407.2998046875,9414.75,9336.0,9339.650390625,152700,0.009708238203339103,0.0003006001413146109,9336.6798828125,9251.3375,9138.44998046875,0.004995732927571109,0.1541950113378685,1.0
2017-05-11,9422.400390625,9422.400390625,9450.650390625,9411.2998046875,9448.599609375,171100,0.0016051987553300506,0.009708238203339103,9349.1798828125,9260.60751953125,9148.10798828125,0.00482561274931135,0.12049770792403414,0.0
2017-05-12,9400.900390625,9400.900390625,9437.75,9372.5498046875,9436.650390625,154300,-0.002281796475279485,0.0016051987553300506,9372.3,9270.480029296876,9158.1919921875,0.004892766969714846,-0.09818819403857393,1.0
2017-05-15,9445.400390625,9445.400390625,9449.25,9423.099609375,9433.5498046875,140800,0.004733589140501593,-0.002281796475279485,9398.5701171875,9285.21005859375,9169.5080078125,0.0047401336681928774,-0.08749189889825015,1.0
2017-05-16,9512.25,9512.25,9517.2001953125,9456.349609375,9461.0,166500,0.007077477566896029,0.004733589140501593,9437.6501953125,9303.857568359375,9180.83701171875,0.005047093385243136,0.18252840909090917,1.0
2017-05-17,9525.75,9525.75,9532.599609375,9486.099609375,9517.599609375,205500,0.0014192225814082526,0.007077477566896029,9461.340234375,9324.887548828125,9193.35701171875,0.004990049760615467,0.23423423423423428,0.0
2017-05-18,9429.4501953125,9429.4501953125,9489.099609375,9418.099609375,9453.2001953125,193300,-0.010109419697924005,0.0014192225814082526,9462.7501953125,9341.18505859375,9203.99501953125,0.006202175942809937,-0.05936739659367396,0.0
2017-05-19,9427.900390625,9427.900390625,9505.75,9390.75,9469.900390625,252100,-0.00016435790585866972,-0.010109419697924005,9468.1501953125,9355.76005859375,9213.2840234375,0.00542401758516747,0.3041903776513193,1.0
2017-05-22,9438.25,9438.25,9498.650390625,9427.900390625,9480.25,196800,0.001097763971423804,-0.00016435790585866972,9466.7201171875,9371.7025390625,9223.111015625,0.005396993394735929,-0.2193573978579929,0.0
2017-05-23,9386.150390625,9386.150390625,9448.0498046875,9370.0,9445.0498046875,224400,-0.00552004973114717,0.001097763971423804,9441.5001953125,9380.112548828125,9232.34802734375,0.005818782578645429,0.1402439024390243,0.0
2017-05-24,9360.5498046875,9360.5498046875,9431.900390625,9341.650390625,9410.900390625,211800,-0.0027274851639997877,-0.00552004973114717,9408.46015625,9382.81005859375,9241.0190234375,0.004958338043209383,-0.05614973262032086,1.0
2017-05-25,9509.75,9509.75,9523.2998046875,9379.2001953125,9384.0498046875,289200,0.015939255537936958,-0.0027274851639997877,9424.5201171875,9390.705078125,9252.52302734375,0.007196941420300778,0.36543909348441916,1.0
2017-05-26,9595.099609375,9595.099609375,9604.900390625,9495.400390625,9507.75,218800,0.008974958266515953,0.015939255537936958,9457.9599609375,9403.3525390625,9262.68501953125,0.007509462808242928,-0.2434301521438451,1.0
2017-05-29,9604.900390625,9604.900390625,9637.75,9547.7001953125,9560.0498046875,235000,0.00102143611312,0.008974958266515953,9491.2900390625,9418.395068359376,9273.08703125,0.007454831493974558,0.07404021937842775,1.0
2017-05-30,9624.5498046875,9624.5498046875,9635.2998046875,9581.2001953125,9590.650390625,193900,0.0020457696866569286,0.00102143611312,9538.969921875,9433.932568359374,9282.5040234375,0.007217647770573068,-0.1748936170212766,0.0
2017-05-31,9621.25,9621.25,9649.599609375,9609.25,9636.5498046875,414300,-0.0003428528870922376,0.0020457696866569286,9591.1099609375,9449.39755859375,9291.72802734375,0.007233131541081176,1.1366683857658586,0.0
2017-06-01,9616.099609375,9616.099609375,9634.650390625,9589.900390625,9603.5498046875,176100,-0.0005353140834091219,-0.0003428528870922376,9612.3798828125,9462.20751953125,9301.51302734375,0.006148384061616324,-0.5749456915278783,1.0
2017-06-02,9653.5,9653.5,9673.5,9637.4501953125,9657.150390625,162200,0.00388935141525959,-0.0005353140834091219,9624.0599609375,9480.617529296875,9312.15302734375,0.00612496306548559,-0.0789324247586598,1.0
2017-06-05,9675.099609375,9675.099609375,9687.2001953125,9640.7001953125,9656.2998046875,127700,0.002237489964779682,0.00388935141525959,9638.0998046875,9498.67001953125,9325.046015625,0.0061089467333664904,-0.2127003699136868,0.0
2017-06-06,9637.150390625,9637.150390625,9709.2998046875,9630.2001953125,9704.25,145900,-0.003922359487981697,0.002237489964779682,9640.619921875,9514.68505859375,9336.06302734375,0.005893017403265105,0.14252153484729835,1.0
2017-06-07,9663.900390625,9663.900390625,9678.5498046875,9630.5498046875,9663.9501953125,160700,0.002775716774745085,-0.003922359487981697,9649.15,9527.515087890624,9347.18103515625,0.005583014878565458,0.10143934201507876,0.0
2017-06-08,9647.25,9647.25,9688.7001953125,9641.5,9682.400390625,155400,-0.0017229472523487832,0.002775716774745085,9655.380078125,9538.757568359375,9359.22203125,0.0035209960745852314,-0.03298070939639075,1.0
2017-06-09,9668.25,9668.25,9676.25,9608.150390625,9638.5498046875,159000,0.0021767861307626646,-0.0017229472523487832,9658.330078125,9552.125048828126,9370.57103515625,0.002374666145116699,0.02316602316602312,0.0
2017-06-12,9616.400390625,9616.400390625,9647.0498046875,9598.5,9646.7001953125,141400,-0.005362874292141773,0.0021767861307626646,9646.590234375,9560.675048828125,9380.023046875,0.0030573430345005575,-0.11069182389937104,0.0
2017-06-13,9606.900390625,9606.900390625,9654.150390625,9595.400390625,9615.5498046875,129700,-0.0009878956380873216,-0.005362874292141773,9640.540234375,9565.407568359375,9388.6860546875,0.0029953328473810562,-0.08274398868458277,1.0
2017-06-14,9618.150390625,9618.150390625,9627.400390625,9580.4501953125,9621.5498046875,181800,0.0011710332721861505,-0.0009878956380873216,9631.390234375,9570.027587890625,9397.5740625,0.003024276041005062,0.4016962220508866,0.0
2017-06-15,9578.0498046875,9578.0498046875,9621.400390625,9560.7998046875,9617.900390625,171100,-0.0041692616884621,0.0011710332721861505,9617.5501953125,9577.457568359376,9404.37806640625,0.003297938700374325,-0.05885588558855881,1.0
2017-06-16,9588.0498046875,9588.0498046875,9615.849609375,9565.5,9595.4501953125,213200,0.001044053873587636,-0.0041692616884621,9601.51015625,9585.4650390625,9410.8360546875,0.002996538255009487,0.2460549386323787,1.0
2017-06-19,9657.5498046875,9657.5498046875,9673.2998046875,9614.900390625,9626.400390625,141700,0.007248606485755094,0.001044053873587636,9609.7400390625,9596.430029296875,9418.748046875,0.003838594474275906,-0.33536585365853655,0.0
2017-06-20,9653.5,9653.5,9676.5,9643.75,9670.5,159500,-0.0004193408027297618,0.007248606485755094,9619.0599609375,9609.797509765625,9427.85205078125,0.003611748605493207,0.12561750176429065,0.0
2017-06-21,9633.599609375,9633.599609375,9650.4501953125,9608.599609375,9648.099609375,144000,-0.0020614689620345183,-0.0004193408027297618,9622.1498046875,9623.45,9436.8950390625,0.003548153379115702,-0.09717868338557989,0.0
2017-06-22,9630.0,9630.0,9698.849609375,9617.75,9642.650390625,198800,-0.00037365154469337636,-0.0020614689620345183,9632.53984375,9629.4625,9444.7550390625,0.003513870911640493,0.38055555555555554,0.0
2017-06-23,9574.9501953125,9574.9501953125,9647.650390625,9565.2998046875,9643.25,175200,-0.005716490621754944,-0.00037365154469337636,9629.919921875,9628.455029296874,9452.1850390625,0.0038020122635736885,-0.11871227364185111,0.0
2017-06-27,9511.400390625,9511.400390625,9615.400390625,9473.4501953125,9594.0498046875,203300,-0.006637089842891464,-0.005716490621754944,9600.6900390625,9623.780029296875,9459.39705078125,0.003982913578280902,0.16038812785388123,0.0
2017-06-28,9491.25,9491.25,9522.5,9474.349609375,9520.2001953125,172400,-0.0021185514012070916,-0.006637089842891464,9568.2400390625,9617.1150390625,9466.4360546875,0.0039957160275274385,-0.15199212985735366,1.0
2017-06-29,9504.099609375,9504.099609375,9575.7998046875,9493.7998046875,9522.9501953125,259300,0.0013538374160411148,-0.0021185514012070916,9542.3400390625,9611.25751953125,9474.4150390625,0.004008183850702886,0.5040603248259861,1.0
2017-06-30,9520.900390625,9520.900390625,9535.7998046875,9448.75,9478.5,179600,0.0017677404426008625,0.0013538374160411148,9520.5201171875,9606.49755859375,9482.763046875,0.003956389143616265,-0.30736598534516,1.0
2017-07-03,9615.0,9615.0,9624.0,9543.5498046875,9587.9501953125,183000,0.009883477981521338,0.0017677404426008625,9528.530078125,9604.57255859375,9492.3350390625,0.005165150796493793,0.018930957683741756,0.0
2017-07-04,9613.2998046875,9613.2998046875,9650.650390625,9595.5,9645.900390625,144800,-0.00017682738559543498,0.009883477981521338,9548.9099609375,9601.482568359375,9502.21302734375,0.004551327786223009,-0.20874316939890714,1.0
2017-07-05,9637.599609375,9637.599609375,9643.650390625,9607.349609375,9619.75,130800,0.0025277277502206985,-0.00017682738559543498,9578.1798828125,9601.505029296875,9510.606015625,0.0046479111074555065,-0.09668508287292821,1.0
2017-07-06,9674.5498046875,9674.5498046875,9700.7001953125,9639.9501953125,9653.599609375,147400,0.003833962481337938,0.0025277277502206985,9612.269921875,9602.0375,9517.96501953125,0.004751968175198767,0.12691131498470942,0.0
2017-07-07,9665.7998046875,9665.7998046875,9684.25,9642.650390625,9670.349609375,141800,-0.0009044348498532528,0.003833962481337938,9641.2498046875,9602.964990234375,9524.2440234375,0.0047649435879593876,-0.037991858887381325,1.0
2017-07-10,9771.0498046875,9771.0498046875,9782.150390625,9646.4501953125,9719.2998046875,37500,0.010888907501369838,-0.0009044348498532528,9672.459765625,9608.10498046875,9532.82201171875,0.005270398023125236,-0.7355430183356841,1.0
2017-07-11,9786.0498046875,9786.0498046875,9830.0498046875,9778.849609375,9797.4501953125,179700,0.001535147225716127,0.010888907501369838,9707.009765625,9616.587451171876,9542.46201171875,0.004323677115207226,3.792,1.0
2017-07-12,9816.099609375,9816.099609375,9824.9501953125,9787.7001953125,9807.2998046875,145500,0.0030706776776372458,0.001535147225716127,9742.709765625,9627.047412109376,9552.5080078125,0.003955623413309068,-0.1903171953255426,1.0
2017-07-13,9891.7001953125,9891.7001953125,9897.25,9853.4501953125,9855.7998046875,181300,0.007701693029408263,0.0030706776776372458,9786.13984375,9640.72490234375,9564.1030078125,0.004101353366273465,0.24604810996563575,0.0
2017-07-14,9886.349609375,9886.349609375,9913.2998046875,9845.4501953125,9913.2998046875,159600,-0.0005409167111671831,0.007701693029408263,9830.2498046875,9656.139892578125,9574.6319921875,0.0043018469131387415,-0.11969111969111967,1.0
2017-07-17,9915.9501953125,9915.9501953125,9928.2001953125,9894.7001953125,9908.150390625,163500,0.0029940865038224906,-0.0005409167111671831,9859.2298828125,9672.534912109375,9587.245,0.003729739012772224,0.02443609022556381,0.0
2017-07-18,9827.150390625,9827.150390625,9885.349609375,9792.0498046875,9832.7001953125,293900,-0.008955249163058343,0.0029940865038224906,9867.45,9681.01494140625,9597.50701171875,0.005291094053804786,0.7975535168195718,1.0
2017-07-19,9899.599609375,9899.599609375,9905.0498046875,9851.650390625,9855.9501953125,200200,0.007372352703497453,-0.008955249163058343,9884.15,9693.319921875,9609.16201171875,0.005538882599547158,-0.3188159237835999,0.0
2017-07-20,9873.2998046875,9873.2998046875,9922.5498046875,9863.4501953125,9920.2001953125,161100,-0.002656653372384299,0.007372352703497453,9880.469921875,9705.304931640625,9618.48201171875,0.0057667932596081745,-0.1953046953046953,1.0
2017-07-21,9915.25,9915.25,9924.7001953125,9838.0,9899.599609375,187500,0.004248852576378193,-0.002656653372384299,9886.25,9719.567431640626,9628.33900390625,0.005703293280419013,0.16387337057728124,1.0
2017-07-24,9966.400390625,9966.400390625,9982.0498046875,9919.599609375,9936.7998046875,174500,0.005158759549683589,0.004248852576378193,9896.3400390625,9739.13994140625,9639.64900390625,0.0050212313504863,-0.06933333333333336,0.0
2017-07-25,9964.5498046875,9964.5498046875,10011.2998046875,9949.099609375,10010.5498046875,185500,-0.00018568247962835738,0.005158759549683589,9923.819921875,9761.797412109376,9650.0319921875,0.00506793132212406,0.06303724928366772,1.0
2017-07-26,10020.650390625,10020.650390625,10025.9501953125,9965.9501953125,9983.650390625,197600,0.0056300171143817135,-0.00018568247962835738,9948.030078125,9788.267431640625,9660.2,0.0052009434052412064,0.06522911051212943,0.0
2017-07-27,10020.5498046875,10020.5498046875,10114.849609375,10005.5,10063.25,287900,-1.0037865166290239e-05,0.0056300171143817135,9977.480078125,9814.08994140625,9670.09599609375,0.004832937459242583,0.4569838056680162,0.0
2017-07-28,10014.5,10014.5,10026.0498046875,9944.5,9996.5498046875,191600,-0.0006037397952625145,-1.0037865166290239e-05,9997.330078125,9838.769921875,9681.7969921875,0.0048356444389550945,-0.33449114275790204,1.0
2017-07-31,10077.099609375,10077.099609375,10085.900390625,10016.9501953125,10034.7001953125,237700,0.006250897136651945,-0.0006037397952625145,10019.469921875,9861.87490234375,9694.7809765625,0.005066629794483485,0.24060542797494788,1.0
2017-08-01,10114.650390625,10114.650390625,10128.599609375,10065.75,10101.0498046875,184300,0.0037263481265050746,0.006250897136651945,10049.4900390625,9886.942431640626,9708.308984375,0.0034549411385113903,-0.22465292385359692,0.0
2017-08-02,10081.5,10081.5,10137.849609375,10054.2001953125,10136.2998046875,161500,-0.0032774628232060676,0.0037263481265050746,10061.6599609375,9909.137451171875,9722.2159765625,0.003560588127116878,-0.12371134020618557,0.0
2017-08-03,10013.650390625,10013.650390625,10081.150390625,9998.25,10081.150390625,192700,-0.006730110536626532,-0.0032774628232060676,10060.280078125,9926.09248046875,9735.27798828125,0.004289146284710194,0.193188854489164,1.0
2017-08-04,10066.400390625,10066.400390625,10075.25,9988.349609375,10008.599609375,178600,0.0052678092346210015,-0.006730110536626532,10070.66015625,9946.122509765624,9746.41099609375,0.004375040145545551,-0.07317073170731703,0.0
2017-08-07,10057.400390625,10057.400390625,10088.099609375,10046.349609375,10074.7998046875,137400,-0.000894063384204502,0.0052678092346210015,10066.7203125,9960.4400390625,9755.65701171875,0.0042324761755899625,-0.2306830907054871,0.0
2017-08-08,9978.5498046875,9978.5498046875,10083.7998046875,9947.0,10068.349609375,203300,-0.007840056363968673,-0.000894063384204502,10039.5001953125,9970.0650390625,9763.13,0.005064494705058473,0.47962154294032033,0.0
2017-08-09,9908.0498046875,9908.0498046875,9969.7998046875,9893.0498046875,9961.150390625,169200,-0.007065154895241621,-0.007840056363968673,10004.81015625,9974.662548828124,9768.8,0.005129466726967856,-0.16773241515002457,0.0
2017-08-10,9820.25,9820.25,9892.650390625,9776.2001953125,9872.849609375,235500,-0.008861461782919355,-0.007065154895241621,9966.130078125,9971.0900390625,9772.78,0.005654001043306338,0.39184397163120566,0.0
2017-08-11,9710.7998046875,9710.7998046875,9771.650390625,9685.5498046875,9712.150390625,285900,-0.011145357329243155,-0.008861461782919355,9895.0099609375,9962.312548828126,9774.67400390625,0.006308971424416078,0.21401273885350314,1.0
2017-08-14,9794.150390625,9794.150390625,9818.2998046875,9752.099609375,9755.75,195600,0.008583287433983067,-0.011145357329243155,9842.3599609375,9956.22255859375,9777.48701171875,0.006720968636478882,-0.3158447009443861,1.0
2017-08-16,9897.2998046875,9897.2998046875,9903.9501953125,9773.849609375,9825.849609375,219500,0.010531736796816515,0.008583287433983067,9826.1099609375,9959.730029296876,9781.931015625,0.007727116368198278,0.1221881390593047,1.0
2017-08-17,9904.150390625,9904.150390625,9947.7998046875,9883.75,9945.5498046875,197600,0.0006921671640436333,0.010531736796816515,9825.330078125,9959.957568359376,9787.271015625,0.007764241244268256,-0.09977220956719812,0.0
2017-08-18,9837.400390625,9837.400390625,9865.9501953125,9783.650390625,9865.9501953125,246300,-0.006739598791147605,0.0006921671640436333,9828.76015625,9958.16259765625,9790.741015625,0.007764918534677307,0.24645748987854255,0.0
2017-08-21,9754.349609375,9754.349609375,9884.349609375,9740.099609375,9864.25,205300,-0.008442350412935062,-0.006739598791147605,9837.4701171875,9950.117578125,9792.8830078125,0.007597273357301533,-0.1664636622005684,1.0
2017-08-22,9765.5498046875,9765.5498046875,9828.4501953125,9752.599609375,9815.75,183600,0.0011482257414410224,-0.008442350412935062,9831.75,9940.075048828125,9794.82900390625,0.00769057939976618,-0.1056989771066732,1.0
2017-08-23,9852.5,9852.5,9857.900390625,9786.75,9803.0498046875,168600,0.008903768559017866,0.0011482257414410224,9822.7900390625,9934.47255859375,9799.55099609375,0.008297645881627158,-0.0816993464052288,1.0
2017-08-24,9857.0498046875,9857.0498046875,9881.5,9848.849609375,9881.2001953125,184700,0.00046179189926420783,0.008903768559017866,9813.369921875,9926.292529296876,9804.553984375,0.00804810947997473,0.09549228944246746,1.0
2017-08-28,9912.7998046875,9912.7998046875,9925.75,9882.0,9907.150390625,159600,0.005655850493267112,0.00046179189926420783,9828.4498046875,9920.905029296875,9810.44697265625,0.007670071328908495,-0.13589604764482943,0.0
2017-08-29,9796.0498046875,9796.0498046875,9887.349609375,9783.75,9886.400390625,173300,-0.011777701789638884,0.005655850493267112,9836.78984375,9909.98251953125,9814.80697265625,0.007782784388297025,0.08583959899749383,1.0
2017-08-30,9884.400390625,9884.400390625,9909.4501953125,9850.7998046875,9859.5,157800,0.009019001301445284,-0.011777701789638884,9860.5599609375,9900.34755859375,9820.733984375,0.007831633789638701,-0.0894402769763416,1.0
2017-08-31,9917.900390625,9917.900390625,9925.099609375,9856.9501953125,9905.7001953125,327700,0.0033891787742403867,0.009019001301445284,9873.6400390625,9890.51005859375,9825.94099609375,0.007156825755611658,1.076679340937896,1.0
2017-09-01,9974.400390625,9974.400390625,9983.4501953125,9909.849609375,9937.650390625,157800,0.00569677026131532,0.0033891787742403867,9897.11015625,9885.155078125,9832.35900390625,0.007364618304964276,-0.518462007934086,0.0
2017-09-04,9912.849609375,9912.849609375,9988.400390625,9861.0,9984.150390625,148800,-0.006170875324781666,0.00569677026131532,9897.1201171875,9880.1150390625,9837.94400390625,0.0073024467407606835,-0.057034220532319435,1.0
2017-09-05,9952.2001953125,9952.2001953125,9963.099609375,9901.0498046875,9933.25,139200,0.003969654285916446,-0.006170875324781666,9928.3501953125,9874.405029296875,9844.3880078125,0.006578080101933864,-0.06451612903225812,0.0
2017-09-06,9916.2001953125,9916.2001953125,9931.5498046875,9882.5498046875,9899.25,149200,-0.0036172905783141696,0.003969654285916446,9934.71015625,9867.34501953125,9851.2130078125,0.0068172938459388635,0.07183908045977017,1.0
2017-09-07,9929.900390625,9929.900390625,9964.849609375,9917.2001953125,9945.849609375,188800,0.0013815972895521167,-0.0036172905783141696,9937.11015625,9864.912548828124,9859.5830078125,0.006312394820557513,0.2654155495978552,1.0
2017-09-08,9934.7998046875,9934.7998046875,9963.599609375,9913.2998046875,9958.650390625,163600,0.0004934001218306339,0.0013815972895521167,9929.1900390625,9866.250048828126,9868.45400390625,0.00631221411909765,-0.13347457627118642,1.0
2017-09-11,10006.0498046875,10006.0498046875,10028.650390625,9968.7998046875,9971.75,173000,0.007171760015373785,0.0004934001218306339,9947.830078125,9875.5400390625,9878.4930078125,0.006458196049078885,0.057457212713936334,1.0
2017-09-12,10093.0498046875,10093.0498046875,10097.5498046875,10028.0498046875,10056.849609375,182600,0.008694739852208588,0.007171760015373785,9976.0,9894.6525390625,9889.93599609375,0.005068661457456999,0.05549132947976876,0.0
2017-09-13,10079.2998046875,10079.2998046875,10131.9501953125,10063.150390625,10099.25,215000,-0.0013623236054590704,0.008694739852208588,10008.619921875,9908.910009765625,9899.2219921875,0.004752826798144751,0.1774370208105147,1.0
2017-09-14,10086.599609375,10086.599609375,10126.5,10070.349609375,10107.400390625,225600,0.0007242372812548137,-0.0013623236054590704,10039.959765625,9918.375,9908.68798828125,0.0047387700295566815,0.049302325581395356,0.0
2017-09-15,10085.400390625,10085.400390625,10115.150390625,10043.650390625,10062.349609375,266600,-0.00011889227256378643,0.0007242372812548137,10070.0798828125,9927.4375,9917.64400390625,0.00454647794523406,0.18173758865248235,1.0
2017-09-18,10153.099609375,10153.099609375,10171.7001953125,10131.2998046875,10133.099609375,156100,0.006712596042585561,-0.00011889227256378643,10099.48984375,9943.2224609375,9927.215,0.004050289822360609,-0.4144786196549137,0.0
2017-09-19,10147.5498046875,10147.5498046875,10178.9501953125,10129.9501953125,10175.599609375,187500,-0.0005466118624873895,0.006712596042585561,10110.38984375,9962.882470703125,9936.85,0.0041078158735438075,0.2011531069827035,0.0
2017-09-20,10141.150390625,10141.150390625,10171.0498046875,10134.2001953125,10160.9501953125,199400,-0.0006306363787978997,-0.0005466118624873895,10122.7599609375,9981.6625,9944.25201171875,0.0037508587452653405,0.06346666666666656,0.0
2017-09-21,10121.900390625,10121.900390625,10158.900390625,10058.599609375,10139.599609375,191800,-0.0018982067377479872,-0.0006306363787978997,10129.8201171875,9995.13251953125,9950.9690234375,0.003972282970824951,-0.03811434302908723,0.0
2017-09-22,9964.400390625,9964.400390625,10095.0498046875,9952.7998046875,10094.349609375,226600,-0.01556031910231781,-0.0018982067377479872,10105.6201171875,10000.500048828126,9953.9350390625,0.006830439199325016,0.18143899895724713,0.0
2017-09-25,9872.599609375,9872.599609375,9960.5,9816.0498046875,9960.099609375,221400,-0.009212875602266135,-0.01556031910231781,10049.5201171875,9998.4900390625,9953.55302734375,0.006967646009118666,-0.02294792586054717,0.0
2017-09-26,9871.5,9871.5,9891.349609375,9813.0,9875.25,190900,-0.00011137992205778602,-0.009212875602266135,9994.31015625,10002.262548828125,9953.25603515625,0.006058481651594873,-0.1377597109304426,0.0
2017-09-27,9735.75,9735.75,9921.0498046875,9714.400390625,9920.599609375,200100,-0.013751709466646389,-0.00011137992205778602,9913.230078125,9994.830029296874,9949.65203125,0.007053182639949086,0.04819277108433728,1.0
2017-09-28,9768.9501953125,9768.9501953125,9789.2001953125,9687.5498046875,9736.400390625,385000,0.003410132276660871,-0.013751709466646389,9842.6400390625,9987.38251953125,9948.48802734375,0.007276943600471506,0.9240379810094952,1.0
2017-09-29,9788.599609375,9788.599609375,9854.0,9775.349609375,9814.2998046875,196300,0.002011415113154058,0.003410132276660871,9807.4798828125,9978.09248046875,9946.26802734375,0.00740624754221733,-0.4901298701298701,1.0
2017-10-03,9859.5,9859.5,9895.400390625,9831.0498046875,9893.2998046875,162800,0.007243159742390093,0.002011415113154058,9804.8599609375,9975.425,9945.99203125,0.007484705525737878,-0.17065715741212428,1.0
2017-10-04,9914.900390625,9914.900390625,9938.2998046875,9850.650390625,9884.349609375,156200,0.005618985813175215,0.007243159742390093,9813.5400390625,9973.560009765624,9945.9850390625,0.007940602911315394,-0.04054054054054057,0.0
2017-10-05,9888.7001953125,9888.7001953125,9945.9501953125,9881.849609375,9927.0,147800,-0.0026425071639926134,0.005618985813175215,9844.130078125,9972.185009765624,9944.43103515625,0.007919399900080604,-0.05377720870678615,1.0
2017-10-06,9979.7001953125,9979.7001953125,9989.349609375,9906.599609375,9908.150390625,195800,0.009202422785872022,-0.0026425071639926134,9886.280078125,9974.675,9944.73404296875,0.00874628380208881,0.32476319350473615,1.0
2017-10-09,9988.75,9988.75,10015.75,9959.4501953125,9988.2001953125,143900,0.0009068212982741297,0.009202422785872022,9926.31015625,9977.372509765624,9944.09603515625,0.0071916976129212905,-0.26506639427987744,1.0
2017-10-10,10016.9501953125,10016.9501953125,10034.0,10002.2998046875,10013.7001953125,148600,0.0028231956263296,0.0009068212982741297,9957.8001953125,9977.917529296876,9944.02404296875,0.006391428954078252,0.03266157053509389,0.0
2017-10-11,9984.7998046875,9984.7998046875,10067.25,9955.7998046875,10042.599609375,189700,-0.0032095987299651796,0.0028231956263296,9971.780078125,9972.505029296875,9943.4300390625,0.006549790421950746,0.27658142664872143,1.0
2017-10-12,10096.400390625,10096.400390625,10104.4501953125,9977.099609375,10011.2001953125,200900,0.011177047924897598,-0.0032095987299651796,10013.3201171875,9973.36005859375,9943.8160546875,0.004736082013808307,0.05904059040590415,1.0
2017-10-13,10167.4501953125,10167.4501953125,10191.900390625,10120.099609375,10123.7001953125,230100,0.007037142143597297,0.011177047924897598,10050.8701171875,9977.402587890625,9944.87205078125,0.004852767082735794,0.145345943255351,1.0
2017-10-16,10230.849609375,10230.849609375,10242.9501953125,10175.099609375,10207.400390625,203000,0.006235527378509298,0.007037142143597297,10099.2900390625,9984.675048828125,9947.85904296875,0.004842645443159593,-0.11777488048674489,1.0
2017-10-17,10234.4501953125,10234.4501953125,10251.849609375,10212.599609375,10227.650390625,195700,0.00035193420634405115,0.006235527378509298,10142.7900390625,9988.742578125,9952.2750390625,0.004889397346987026,-0.03596059113300487,0.0
2017-10-18,10210.849609375,10210.849609375,10236.4501953125,10175.75,10209.400390625,254200,-0.0023059945074831445,0.00035193420634405115,10188.0,9991.907568359375,9955.1640234375,0.0051860799521073215,0.2989269289729177,0.0
2017-10-19,10146.5498046875,10146.5498046875,10211.9501953125,10123.349609375,10210.349609375,30200,-0.006297204164917303,-0.0023059945074831445,10198.0298828125,9992.1775390625,9956.94701171875,0.005725317455408114,-0.8811959087332809,1.0
2017-10-23,10184.849609375,10184.849609375,10224.150390625,10124.5,10176.650390625,218100,0.00377466285828576,-0.006297204164917303,10201.509765625,9995.325,9961.0730078125,0.00526803451218847,6.2218543046357615,1.0
2017-10-24,10207.7001953125,10207.7001953125,10237.75,10182.400390625,10218.5498046875,217200,0.0022435859942857572,0.00377466285828576,10196.8798828125,10007.489990234375,9967.066015625,0.005252759500146164,-0.004126547455295726,1.0
2017-10-25,10295.349609375,10295.349609375,10340.5498046875,10240.900390625,10321.150390625,594200,0.008586597606260904,0.0022435859942857572,10209.059765625,10028.627490234376,9976.5680078125,0.0056332103397028176,1.7357274401473295,1.0
2017-10-26,10343.7998046875,10343.7998046875,10355.650390625,10271.849609375,10291.7998046875,429700,0.004706027201677676,0.008586597606260904,10235.6498046875,10052.24248046875,9989.2280078125,0.005243966910553903,-0.27684281386738474,0.0
2017-10-27,10323.0498046875,10323.0498046875,10366.150390625,10311.2998046875,10362.2998046875,312700,-0.002006032637116295,0.004706027201677676,10270.9498046875,10081.607470703126,9999.80599609375,0.004747345090908562,-0.2722829881312544,1.0
2017-10-30,10363.650390625,10363.650390625,10384.5,10344.2998046875,10353.849609375,236900,0.00393300300838062,-0.002006032637116295,10306.7099609375,10111.34248046875,10009.1330078125,0.0044929561993903066,-0.24240486088903102,0.0
2017-10-31,10335.2998046875,10335.2998046875,10367.7001953125,10323.9501953125,10364.900390625,232600,-0.002735579151063039,0.00393300300838062,10332.2298828125,10138.677490234375,10017.75599609375,0.004431229185849946,-0.018151118615449602,1.0
2017-11-01,10440.5,10440.5,10451.650390625,10383.0498046875,10390.349609375,260300,0.010178727013297362,-0.002735579151063039,10361.2599609375,10167.727490234374,10029.81798828125,0.005274690909201847,0.11908856405846957,0.0
2017-11-02,10423.7998046875,10423.7998046875,10453.0,10412.5498046875,10440.5,201500,-0.0015995589591015769,0.010178727013297362,10377.2599609375,10193.1724609375,10043.2069921875,0.005214889126256001,-0.22589320015366887,1.0
2017-11-03,10452.5,10452.5,10461.7001953125,10403.599609375,10461.5498046875,199900,0.0027533333189682097,-0.0015995589591015769,10403.15,10221.362451171875,10056.94599609375,0.0043059231850113636,-0.007940446650124056,0.0
2017-11-06,10451.7998046875,10451.7998046875,10490.4501953125,10413.75,10431.75,193600,-6.698831021290097e-05,0.0027533333189682097,10420.7798828125,10244.967431640625,10068.9319921875,0.004397882098555105,-0.031515757878939454,0.0
2017-11-07,10350.150390625,10350.150390625,10485.75,10340.7998046875,10477.150390625,286900,-0.009725541625559164,-6.698831021290097e-05,10423.75,10263.037451171875,10078.79400390625,0.005883326393883314,0.4819214876033058,0.0
2017-11-08,10303.150390625,10303.150390625,10384.25,10285.5,10361.9501953125,274500,-0.004540996818999998,-0.009725541625559164,10396.280078125,10277.3474609375,10086.601015625,0.005557773626652969,-0.04322063436737544,1.0
2017-11-09,10308.9501953125,10308.9501953125,10368.4501953125,10266.9501953125,10358.650390625,240200,0.0005629156585715833,-0.004540996818999998,10373.31015625,10293.55498046875,10096.8590234375,0.005324952218110172,-0.1249544626593807,1.0
2017-11-10,10321.75,10321.75,10344.9501953125,10254.099609375,10304.349609375,279400,0.0012416205767800115,0.0005629156585715833,10347.16015625,10304.8224609375,10105.606015625,0.005310028435351908,0.1631973355537053,0.0
2017-11-13,10224.9501953125,10224.9501953125,10334.150390625,10216.25,10322.0,210300,-0.009378235734008311,0.0012416205767800115,10301.790234375,10307.6974609375,10111.74701171875,0.005855045226351963,-0.24731567644953467,0.0
2017-11-14,10186.599609375,10186.599609375,10248.0,10175.5498046875,10223.400390625,305000,-0.0037506868204679744,-0.009378235734008311,10269.080078125,10305.4849609375,10115.99099609375,0.005890792505241007,0.45030908226343325,0.0
2017-11-15,10118.0498046875,10118.0498046875,10175.4501953125,10094.0,10171.9501953125,207400,-0.00672940994209803,-0.0037506868204679744,10232.0599609375,10299.66494140625,10120.095,0.004434206524156988,-0.31999999999999995,1.0
2017-11-16,10214.75,10214.75,10232.25,10139.2001953125,10152.900390625,182600,0.009557197007243445,-0.00672940994209803,10213.219921875,10299.8599609375,10125.34599609375,0.005990611255735725,-0.11957569913211186,1.0
2017-11-17,10283.599609375,10283.599609375,10343.599609375,10268.0498046875,10324.5498046875,203300,0.006740214824151325,0.009557197007243445,10205.58984375,10306.712451171876,10132.693984375,0.006457172555852721,0.1133625410733845,1.0
2017-11-20,10298.75,10298.75,10309.849609375,10261.5,10287.2001953125,147200,0.0014732575363192169,0.006740214824151325,10220.3498046875,10312.407470703125,10140.0709765625,0.006516141881060435,-0.27594687653713723,1.0
2017-11-21,10326.900390625,10326.900390625,10358.7001953125,10315.0498046875,10329.25,186100,0.0027333793542905216,0.0014732575363192169,10248.4099609375,10318.36748046875,10147.91298828125,0.005923196423655066,0.26426630434782616,1.0
2017-11-22,10342.2998046875,10342.2998046875,10368.7001953125,10309.5498046875,10350.7998046875,157600,0.00149119420929833,0.0027333793542905216,10293.2599609375,10320.714990234375,10154.63798828125,0.005737255750601713,-0.153143471252015,1.0
2017-11-23,10348.75,10348.75,10374.2998046875,10307.2998046875,10358.4501953125,153000,0.0006236712756650942,0.00149119420929833,10320.0599609375,10320.9625,10159.7519921875,0.005737486495963767,-0.029187817258883197,1.0
2017-11-24,10389.7001953125,10389.7001953125,10404.5,10362.25,10366.7998046875,129200,0.003957018510689636,0.0006236712756650942,10341.280078125,10324.29501953125,10165.96,0.005844981536909079,-0.15555555555555556,1.0
2017-11-27,10399.5498046875,10399.5498046875,10407.150390625,10340.2001953125,10361.0498046875,141900,0.000948016707878141,0.003957018510689636,10361.4400390625,10326.089990234375,10172.21900390625,0.004665297854137572,0.09829721362229105,0.0
2017-11-28,10370.25,10370.25,10409.5498046875,10355.2001953125,10387.900390625,196000,-0.0028174108723719726,0.000948016707878141,10370.1099609375,10327.8375,10177.91599609375,0.004552005236507625,0.3812544045102184,0.0
2017-11-29,10361.2998046875,10361.2998046875,10392.9501953125,10345.900390625,10376.650390625,152500,-0.0008630645657047298,-0.0028174108723719726,10373.9099609375,10323.877490234376,10182.08,0.00361191358124316,-0.22193877551020413,0.0
2017-11-30,10226.5498046875,10226.5498046875,10332.7001953125,10211.25,10332.7001953125,342500,-0.013005125084696312,-0.0008630645657047298,10349.469921875,10314.014990234375,10183.66,0.005290384689433983,1.2459016393442623,0.0
2017-12-01,10121.7998046875,10121.7998046875,10272.7001953125,10108.5498046875,10263.7001953125,143400,-0.010242946252702612,-0.013005125084696312,10295.88984375,10297.47998046875,10183.27298828125,0.005645940619444991,-0.5813138686131387,1.0
2017-12-04,10127.75,10127.75,10179.2001953125,10095.7001953125,10175.0498046875,148600,0.0005878594150563465,-0.010242946252702612,10241.5298828125,10281.277490234375,10183.38998046875,0.005599662701737632,0.036262203626220346,0.0
2017-12-05,10118.25,10118.25,10147.9501953125,10069.099609375,10118.25,155500,-0.0009380168349337747,0.0005878594150563465,10191.1298828125,10269.682470703125,10186.46697265625,0.005396365139377958,0.04643337819650073,0.0
2017-12-06,10044.099609375,10044.099609375,10104.2001953125,10033.349609375,10088.7998046875,166100,-0.007328380957675518,-0.0009380168349337747,10127.68984375,10256.729931640624,10189.89697265625,0.005477783605904189,0.06816720257234721,1.0
2017-12-07,10166.7001953125,10166.7001953125,10182.650390625,10061.900390625,10063.4501953125,166200,0.012206229598028528,-0.007328380957675518,10115.719921875,10249.617431640625,10195.8009765625,0.0072464775493236945,0.0006020469596628164,1.0
2017-12-08,10265.650390625,10265.650390625,10270.849609375,10195.25,10198.4501953125,200000,0.009732773998600175,0.012206229598028528,10144.4900390625,10246.812451171874,10206.398984375,0.007948068996713565,0.2033694344163659,1.0
2017-12-11,10322.25,10322.25,10329.2001953125,10282.0498046875,10310.5,147400,0.0055134947345070184,0.009732773998600175,10183.3900390625,10251.67744140625,10217.46498046875,0.008210178481236638,-0.263,0.0
2017-12-12,10240.150390625,10240.150390625,10326.099609375,10230.2001953125,10324.900390625,175100,-0.007953654423696332,0.0055134947345070184,10207.7701171875,10254.35498046875,10226.49599609375,0.008511420112900308,0.18792401628222533,0.0
2017-12-13,10192.9501953125,10192.9501953125,10296.5498046875,10169.849609375,10236.599609375,181600,-0.004609326378225087,-0.007953654423696332,10237.540234375,10258.1,10233.165,0.008575722054536133,0.03712164477441471,1.0
2017-12-14,10252.099609375,10252.099609375,10276.099609375,10141.5498046875,10229.2998046875,154300,0.005802972930222028,-0.004609326378225087,10254.6201171875,10259.96748046875,10239.908984375,0.007827155581102517,-0.15033039647577096,1.0
2017-12-15,10333.25,10333.25,10373.099609375,10319.650390625,10345.650390625,255100,0.007915489872025061,0.005802972930222028,10268.1400390625,10262.45,10248.79998046875,0.007196295387024326,0.6532728451069345,1.0
2017-12-18,10388.75,10388.75,10443.5498046875,10074.7998046875,10263.099609375,230400,0.005371011056540809,0.007915489872025061,10281.4400390625,10266.95,10256.9809765625,0.007243944550553163,-0.09682477459819683,1.0
2017-12-19,10463.2001953125,10463.2001953125,10472.2001953125,10406.0,10414.7998046875,169100,0.007166424768379365,0.005371011056540809,10326.05,10273.764990234375,10266.46998046875,0.007261044631140691,-0.2660590277777778,0.0
2017-12-20,10444.2001953125,10444.2001953125,10494.4501953125,10437.150390625,10494.400390625,175200,-0.001815888030940238,0.007166424768379365,10376.3,10278.860009765625,10275.01498046875,0.0065300605136289925,0.03607332939089303,0.0
2017-12-21,10440.2998046875,10440.2998046875,10473.9501953125,10426.900390625,10473.9501953125,151900,-0.00037345038892977467,-0.001815888030940238,10413.9400390625,10283.4375,10284.12498046875,0.005944636964075833,-0.13299086757990863,1.0
2017-12-22,10493.0,10493.0,10501.099609375,10448.25,10457.2998046875,138800,0.0050477664720738336,-0.00037345038892977467,10445.8900390625,10288.602490234374,10292.05697265625,0.0054941499471989974,-0.08624094799210003,1.0
2017-12-26,10531.5,10531.5,10545.4501953125,10477.9501953125,10512.2998046875,155600,0.003669112741827796,0.0050477664720738336,10474.4400390625,10295.2,10299.33796875,0.005400966388334605,0.12103746397694515,0.0
2017-12-27,10490.75,10490.75,10552.400390625,10469.25,10531.0498046875,165200,-0.003869344347908643,0.003669112741827796,10479.95,10301.225,10304.5359765625,0.00466737690890146,0.06169665809768632,0.0
2017-12-28,10477.900390625,10477.900390625,10534.5498046875,10460.4501953125,10498.2001953125,272900,-0.0012248513571480046,-0.003869344347908643,10486.6900390625,10307.055029296875,10309.40498046875,0.004199428432652001,0.6519370460048426,1.0
2017-12-29,10530.7001953125,10530.7001953125,10538.7001953125,10488.650390625,10492.349609375,152000,0.005039158869532878,-0.0012248513571480046,10504.7701171875,10322.262548828125,10315.8019921875,0.004144701641538046,-0.4430194210333456,0.0
2018-01-02,10442.2001953125,10442.2001953125,10495.2001953125,10404.650390625,10477.5498046875,153400,-0.008403999578242116,0.005039158869532878,10494.61015625,10338.282568359375,10321.715,0.00498696605298645,0.009210526315789558,1.0
2018-01-03,10443.2001953125,10443.2001953125,10503.599609375,10429.5498046875,10482.650390625,167300,9.576525840304662e-05,-0.008403999578242116,10476.9501953125,10354.055078125,10326.88201171875,0.004753908934474065,0.09061277705345505,1.0
2018-01-04,10504.7998046875,10504.7998046875,10513.0,10441.4501953125,10469.400390625,174900,0.0058985376343401175,9.576525840304662e-05,10479.76015625,10373.382568359375,10332.82400390625,0.004570715281619966,0.04542737597130908,1.0
2018-01-05,10558.849609375,10558.849609375,10566.099609375,10520.099609375,10534.25,180900,0.005145248428569005,0.0058985376343401175,10495.95,10399.120068359374,10338.09400390625,0.004722252081292913,0.03430531732418518,1.0
2018-01-08,10623.599609375,10623.599609375,10631.2001953125,10588.5498046875,10591.7001953125,169000,0.006132296831134809,0.005145248428569005,10514.5298828125,10421.9650390625,10343.69,0.004939481627752023,-0.06578220011055835,1.0
2018-01-09,10637.0,10637.0,10659.150390625,10603.599609375,10645.099609375,205000,0.0012613794869653638,0.006132296831134809,10553.48984375,10440.53251953125,10349.96900390625,0.00480206676230499,0.21301775147928992,0.0
2018-01-10,10632.2001953125,10632.2001953125,10655.5,10592.7001953125,10652.0498046875,176400,-0.0004512366915013777,0.0012613794869653638,10591.28984375,10456.030029296875,10355.34,0.004759873340329785,-0.13951219512195123,1.0
2018-01-11,10651.2001953125,10651.2001953125,10664.599609375,10612.349609375,10637.0498046875,153800,0.0017870242895141608,-0.0004512366915013777,10620.569921875,10476.58251953125,10361.6580078125,0.00444776512932759,-0.1281179138321995,1.0
2018-01-12,10681.25,10681.25,10690.400390625,10597.099609375,10682.5498046875,175200,0.00282125996474325,0.0017870242895141608,10645.05,10500.997509765624,10366.4730078125,0.004352538321671123,0.1391417425227568,1.0
2018-01-15,10741.5498046875,10741.5498046875,10782.650390625,10713.7998046875,10718.5,175900,0.005645388385020489,0.00282125996474325,10668.6400390625,10525.47001953125,10372.8280078125,0.004404526904843562,0.003995433789954372,0.0
2018-01-16,10700.4501953125,10700.4501953125,10762.349609375,10687.849609375,10761.5,211000,-0.003826227138756466,0.005645388385020489,10681.330078125,10543.830029296874,10377.78701171875,0.003304330425034191,0.1995451961341672,1.0
2018-01-17,10788.5498046875,10788.5498046875,10803.0,10666.75,10702.4501953125,252700,0.008233261943837888,-0.003826227138756466,10712.6,10563.82001953125,10384.52201171875,0.0036443845764354715,0.1976303317535546,1.0
2018-01-18,10817.0,10817.0,10887.5,10782.400390625,10873.400390625,312000,0.002637073177355065,0.008233261943837888,10745.7599609375,10581.510009765625,10393.85900390625,0.003526517113343845,0.23466561139691344,1.0
2018-01-19,10894.7001953125,10894.7001953125,10906.849609375,10793.900390625,10829.2001953125,207600,0.007183155709762357,0.002637073177355065,10788.45,10604.035009765625,10405.69,0.003721689765432262,-0.33461538461538465,1.0
2018-01-22,10966.2001953125,10966.2001953125,10975.099609375,10881.400390625,10883.2001953125,231600,0.006562824007838586,0.007183155709762357,10833.380078125,10630.330029296874,10418.835,0.003762388545297778,0.11560693641618491,1.0
2018-01-23,11083.7001953125,11083.7001953125,11092.900390625,10994.5498046875,10997.400390625,284600,0.010714741469905364,0.006562824007838586,10910.030078125,10659.8650390625,10434.07400390625,0.004364666386516708,0.22884283246977555,1.0
2018-01-24,11086.0,11086.0,11110.099609375,11046.150390625,11069.349609375,283400,0.00020749430668232094,0.010714741469905364,10969.5201171875,10687.5900390625,10451.295,0.0042921994552961905,-0.0042164441321153046,0.0
2018-01-25,11069.650390625,11069.650390625,11095.599609375,11009.2001953125,11095.599609375,330300,-0.001474797886974577,0.00020749430668232094,11020.0501953125,10716.53505859375,10468.956015625,0.004607982607983075,0.16549047282992246,1.0
2018-01-29,11130.400390625,11130.400390625,11171.5498046875,11075.9501953125,11079.349609375,241700,0.005487978197707966,-0.001474797886974577,11067.190234375,10749.16005859375,10489.20302734375,0.004617673373614658,-0.2682409930366334,0.0
2018-01-30,11049.650390625,11049.650390625,11121.099609375,11033.900390625,11120.849609375,228000,-0.0072549052294663685,0.005487978197707966,11083.8802734375,10775.107568359375,10505.90103515625,0.005800066858127281,-0.056681836988001666,0.0
2018-01-31,11027.7001953125,11027.7001953125,11058.5,10979.2998046875,11018.7998046875,245900,-0.001986505865481769,-0.0072549052294663685,11072.6802734375,10804.382568359375,10520.783046875,0.005590260586876445,0.07850877192982453,0.0
2018-02-01,11016.900390625,11016.900390625,11117.349609375,10878.7998046875,11044.5498046875,306200,-0.000979334267002474,-0.001986505865481769,11058.8603515625,10833.067578125,10535.1460546875,0.005393326832135842,0.24522163481089865,0.0
2018-02-02,10760.599609375,10760.599609375,10954.9501953125,10736.099609375,10938.2001953125,282700,-0.023264327729431322,-0.000979334267002474,10997.0501953125,10845.857568359375,10543.8200390625,0.00965096668314465,-0.07674722403657741,0.0
2018-02-05,10666.5498046875,10666.5498046875,10702.75,10586.7998046875,10604.2998046875,240100,-0.00874020111347329,-0.023264327729431322,10904.280078125,10851.242578125,10550.3050390625,0.00955923258236988,-0.15068977714892107,0.0
2018-02-06,10498.25,10498.25,10594.150390625,10276.2998046875,10295.150390625,266500,-0.015778279553294694,-0.00874020111347329,10794.0,10844.97509765625,10553.2950390625,0.009920620168975403,0.10995418575593496,0.0
2018-02-07,10476.7001953125,10476.7001953125,10614.0,10446.400390625,10607.2001953125,250400,-0.0020527044686019513,-0.015778279553294694,10683.8,10836.960107421875,10555.0350390625,0.008491181440150928,-0.06041275797373358,1.0
2018-02-08,10576.849609375,10576.849609375,10637.7998046875,10479.5498046875,10518.5,232200,0.009559251691416026,-0.0020527044686019513,10595.78984375,10834.192578125,10558.58103515625,0.009637451996768878,-0.07268370607028751,0.0
2018-02-09,10454.9501953125,10454.9501953125,10480.2001953125,10398.2001953125,10416.5,191600,-0.011525115565078292,0.009559251691416026,10534.6599609375,10824.380078125,10560.2750390625,0.009792521274806948,-0.17484926787252364,1.0
2018-02-12,10539.75,10539.75,10555.5,10485.400390625,10518.2001953125,217400,0.008110971654893273,-0.011525115565078292,10509.3,10817.305078125,10563.84404296875,0.010152618387999525,0.13465553235908145,0.0
2018-02-14,10500.900390625,10500.900390625,10590.5498046875,10456.650390625,10585.75,229200,-0.0036860086221209842,0.008110971654893273,10509.830078125,10805.272607421875,10569.3310546875,0.010142544678236191,0.054277828886844626,1.0
2018-02-15,10545.5,10545.5,10618.099609375,10511.0498046875,10537.900390625,210600,0.004247217640005241,-0.0036860086221209842,10523.5900390625,10797.52509765625,10577.80505859375,0.010534660108517415,-0.08115183246073299,0.0
2018-02-16,10452.2998046875,10452.2998046875,10612.900390625,10434.0498046875,10596.2001953125,184300,-0.00883791146104973,0.004247217640005241,10498.680078125,10780.71259765625,10584.2960546875,0.01054334637024255,-0.12488129154795824,0.0
2018-02-19,10378.400390625,10378.400390625,10489.349609375,10302.75,10488.900390625,187300,-0.0070701582851038225,-0.00883791146104973,10483.3701171875,10758.7826171875,10589.4990625,0.00850689448614048,0.016277807921866616,0.0
2018-02-20,10360.400390625,10360.400390625,10429.349609375,10347.650390625,10391.0,187700,-0.001734371321447492,-0.0070701582851038225,10447.5001953125,10732.067626953125,10595.825078125,0.008320909876312057,0.0021356113187400716,1.0
2018-02-21,10397.4501953125,10397.4501953125,10426.099609375,10349.599609375,10426.0,234100,0.003576097765586983,-0.001734371321447492,10426.81015625,10703.630126953125,10600.440078125,0.007155937252064506,0.2472029834842835,0.0
2018-02-22,10382.7001953125,10382.7001953125,10397.5498046875,10340.650390625,10354.349609375,313600,-0.0014186170381128571,0.003576097765586983,10394.2501953125,10668.580126953126,10602.78107421875,0.0071477992919105815,0.33959846219564294,1.0
2018-02-23,10491.0498046875,10491.0498046875,10499.099609375,10396.650390625,10408.099609375,210600,0.010435590678416817,-0.0014186170381128571,10402.0001953125,10638.8326171875,10606.1570703125,0.00729385882384883,-0.32844387755102045,1.0
2018-02-26,10582.599609375,10582.599609375,10592.9501953125,10520.2001953125,10526.5498046875,171900,0.008726467454819975,0.010435590678416817,10442.8400390625,10614.480078125,10613.0060546875,0.006775122042323422,-0.18376068376068377,0.0
2018-02-27,10554.2998046875,10554.2998046875,10631.650390625,10537.25,10615.2001953125,187500,-0.0026741826897078713,0.008726467454819975,10481.619921875,10585.675048828125,10620.233046875,0.006407371791780721,0.09075043630017454,0.0
2018-02-28,10492.849609375,10492.849609375,10535.5,10461.5498046875,10488.9501953125,286000,-0.005822290104475547,-0.0026741826897078713,10500.6998046875,10557.835009765626,10625.048046875,0.006582924325044689,0.5253333333333334,0.0
2018-03-01,10458.349609375,10458.349609375,10525.5,10447.150390625,10479.9501953125,176000,-0.0032879533476946055,-0.005822290104475547,10515.8296875,10529.36748046875,10627.5500390625,0.006465684398486955,-0.3846153846153846,0.0
2018-03-05,10358.849609375,10358.849609375,10428.7001953125,10323.900390625,10428.2998046875,194000,-0.009513929416818057,-0.0032879533476946055,10489.3896484375,10496.46494140625,10626.95203125,0.006561757951166854,0.10227272727272729,0.0
2018-03-06,10249.25,10249.25,10441.349609375,10215.900390625,10420.5,222900,-0.010580287725753812,-0.009513929416818057,10422.7197265625,10470.8974609375,10622.67302734375,0.007008464085275906,0.14896907216494837,0.0
2018-03-07,10154.2001953125,10154.2001953125,10243.349609375,10141.5498046875,10232.9501953125,249500,-0.00927383024977435,-0.010580287725753812,10342.6998046875,10445.27998046875,10616.87302734375,0.007459828922269484,0.11933602512337371,1.0
2018-03-08,10242.650390625,10242.650390625,10270.349609375,10146.400390625,10216.25,226400,0.008710700361544088,-0.00927383024977435,10292.6599609375,10432.5,10612.9200390625,0.008039207304036717,-0.09258517034068137,0.0
2018-03-09,10226.849609375,10226.849609375,10296.7001953125,10211.900390625,10271.2998046875,186500,-0.001542645765246653,0.008710700361544088,10246.3599609375,10420.007470703125,10607.59703125,0.008039215183886462,-0.1762367491166078,1.0
2018-03-12,10421.400390625,10421.400390625,10433.650390625,10295.4501953125,10301.599609375,216400,0.019023530088059015,-0.001542645765246653,10258.8701171875,10412.235009765625,10605.3950390625,0.009733889299924376,0.1603217158176944,1.0
2018-03-13,10426.849609375,10426.849609375,10478.599609375,10377.849609375,10389.5,266700,0.0005228873803659884,0.019023530088059015,10294.3900390625,10410.82998046875,10604.11703125,0.0091887660728312,0.2324399260628467,0.0
2018-03-14,10410.900390625,10410.900390625,10420.349609375,10336.2998046875,10393.0498046875,181400,-0.001529629691374823,0.0005228873803659884,10345.730078125,10404.3875,10602.77703125,0.009178860512815409,-0.3198350206224222,0.0
2018-03-15,10360.150390625,10360.150390625,10420.0,10346.2001953125,10405.4501953125,173900,-0.004874698450260895,-0.001529629691374823,10369.230078125,10397.35,10599.36603515625,0.009132095444790609,-0.04134509371554573,0.0
2018-03-16,10195.150390625,10195.150390625,10346.2998046875,10180.25,10345.150390625,328500,-0.01592640973139836,-0.004874698450260895,10362.890234375,10379.83251953125,10594.4250390625,0.010253545847788294,0.8890166762507188,0.0
2018-03-19,10094.25,10094.25,10224.5498046875,10075.2998046875,10215.349609375,210200,-0.009896900659531527,-0.01592640973139836,10297.46015625,10361.930029296875,10587.44603515625,0.010283332200964144,-0.36012176560121767,1.0
2018-03-20,10124.349609375,10124.349609375,10155.650390625,10049.099609375,10051.5498046875,203000,0.002981856935879268,-0.009896900659531527,10236.96015625,10349.227490234374,10579.83703125,0.009994915664705853,-0.03425309229305429,1.0
2018-03-21,10155.25,10155.25,10227.2998046875,10132.9501953125,10181.9501953125,204800,0.003052086486265315,0.002981856935879268,10185.830078125,10338.969970703125,10571.7650390625,0.009639648266878945,0.008866995073891548,0.0
2018-03-22,10114.75,10114.75,10207.849609375,10105.400390625,10167.5,230500,-0.003988084980675044,0.003052086486265315,10136.75,10324.8349609375,10561.588046875,0.00919861475948511,0.12548828125,0.0
2018-03-23,9998.0498046875,9998.0498046875,10027.7001953125,9951.900390625,9968.7998046875,285700,-0.011537625281148767,-0.003988084980675044,10097.3298828125,10305.60244140625,10548.80904296875,0.009763502969866063,0.23947939262472895,1.0
2018-03-26,10130.650390625,10130.650390625,10143.5,9958.5498046875,9989.150390625,262600,0.013262645068574441,-0.011537625281148767,10104.6099609375,10287.582470703124,10538.778046875,0.008452948091877034,-0.08085404270213514,1.0
2018-03-27,10184.150390625,10184.150390625,10207.900390625,10139.650390625,10188.0,225700,0.005281003483202706,0.013262645068574441,10116.5701171875,10267.660009765625,10529.43705078125,0.008787649950053945,-0.14051789794364056,0.0
2018-03-28,10113.7001953125,10113.7001953125,10158.349609375,10096.900390625,10143.599609375,344400,-0.006917631084606968,0.005281003483202706,10108.26015625,10245.630029296875,10518.0860546875,0.008898450050575026,0.5259193619849358,1.0
2018-04-02,10211.7998046875,10211.7998046875,10220.099609375,10127.75,10151.650390625,225400,0.009699675438319622,-0.006917631084606968,10127.6701171875,10231.5775390625,10507.4910546875,0.009689520566630815,-0.3455284552845529,1.0
2018-04-03,10245.0,10245.0,10255.349609375,10171.0498046875,10186.849609375,205300,0.0032511600254110373,0.009699675438319622,10177.06015625,10220.91005859375,10498.38205078125,0.00829175865577873,-0.08917480035492453,0.0
2018-04-04,10128.400390625,10128.400390625,10279.849609375,10111.2998046875,10274.599609375,231100,-0.011381123413860439,0.0032511600254110373,10176.61015625,10209.38759765625,10485.1790625,0.008509344372210612,0.12566975158304916,1.0
2018-04-05,10325.150390625,10325.150390625,10331.7998046875,10227.4501953125,10228.4501953125,236800,0.019425574859986305,-0.011381123413860439,10204.81015625,10213.1826171875,10475.3420703125,0.01043988608520431,0.02466464733881435,1.0
2018-04-06,10331.599609375,10331.599609375,10350.4501953125,10290.849609375,10322.75,200200,0.0006246125727966678,0.019425574859986305,10248.3900390625,10222.052587890625,10464.08005859375,0.0104413080973292,-0.15456081081081086,1.0
2018-04-09,10379.349609375,10379.349609375,10397.7001953125,10328.5,10333.7001953125,221600,0.004621743176794313,0.0006246125727966678,10281.9,10228.887548828125,10452.343046875,0.010267085598809383,0.10689310689310694,1.0
2018-04-10,10402.25,10402.25,10424.849609375,10381.5,10412.900390625,251700,0.002206341580816895,0.004621743176794313,10313.35,10237.657568359375,10438.71404296875,0.009001253483661554,0.13583032490974722,1.0
2018-04-11,10417.150390625,10417.150390625,10428.150390625,10355.599609375,10428.150390625,250400,0.0014324199692374862,0.002206341580816895,10371.1,10237.445068359375,10425.33705078125,0.008407527188467531,-0.005164878823996855,1.0
2018-04-12,10458.650390625,10458.650390625,10469.900390625,10395.25,10410.650390625,238600,0.003983815001590951,0.0014324199692374862,10397.8,10239.035107421874,10413.11705078125,0.008375358271233363,-0.04712460063897761,1.0
2018-04-13,10480.599609375,10480.599609375,10519.900390625,10451.4501953125,10495.2998046875,213100,0.002098666456015641,0.003983815001590951,10427.6,10242.520068359376,10400.12103515625,0.007682225973923573,-0.10687342833193625,1.0
2018-04-16,10528.349609375,10528.349609375,10540.150390625,10396.349609375,10398.2998046875,195000,0.004556037037927396,0.002098666456015641,10457.4,10250.930029296875,10389.69501953125,0.007394994158617715,-0.08493664946034729,1.0
2018-04-17,10548.7001953125,10548.7001953125,10560.4501953125,10495.650390625,10557.2998046875,206100,0.001932932196645476,0.004556037037927396,10486.6900390625,10268.60751953125,10380.11501953125,0.007403386749325341,0.056923076923076854,0.0
2018-04-18,10526.2001953125,10526.2001953125,10594.2001953125,10509.7001953125,10578.900390625,205400,-0.002132964212026689,0.001932932196645476,10508.5,10290.205029296874,10370.301015625,0.005823247611190097,-0.003396409509946574,1.0
2018-04-19,10565.2998046875,10565.2998046875,10572.2001953125,10546.2001953125,10563.650390625,262600,0.0037145036812440413,-0.002132964212026689,10529.8298828125,10312.2525390625,10366.39501953125,0.0020739371739992543,0.2784810126582278,0.0
2018-04-20,10564.0498046875,10564.0498046875,10582.349609375,10527.4501953125,10560.349609375,244600,-0.00011831183431687542,0.0037145036812440413,10546.519921875,10332.692529296875,10364.34501953125,0.0021525880092252243,-0.06854531607006853,1.0
2018-04-23,10584.7001953125,10584.7001953125,10638.349609375,10514.9501953125,10592.7998046875,194200,0.0019547797489403163,-0.00011831183431687542,10557.7900390625,10356.1900390625,10366.0740234375,0.001981699278779615,-0.20605069501226492,1.0
2018-04-24,10614.349609375,10614.349609375,10636.7998046875,10569.0,10578.099609375,219200,0.0028011576629851653,0.0019547797489403163,10570.919921875,10387.005029296875,10368.82701171875,0.0019986749112726084,0.1287332646755921,0.0
2018-04-25,10570.5498046875,10570.5498046875,10612.599609375,10536.4501953125,10612.400390625,189200,-0.00412647089076601,0.0028011576629851653,10579.78984375,10409.0,10368.701015625,0.0027952668440557426,-0.1368613138686131,1.0
2018-04-26,10617.7998046875,10617.7998046875,10628.400390625,10559.650390625,10586.5,335100,0.0044699661676110836,-0.00412647089076601,10590.28984375,10430.682470703125,10371.9580078125,0.0028476507592327276,0.7711416490486258,1.0
2018-04-27,10692.2998046875,10692.2998046875,10719.7998046875,10647.5498046875,10651.650390625,0,0.007016519558704637,0.0044699661676110836,10615.93984375,10459.612451171875,10375.00900390625,0.003341477808080807,-1.0,1.0
2018-04-30,10739.349609375,10739.349609375,10759.0,10704.599609375,10705.75,173800,0.004400344691688707,0.007016519558704637,10646.8697265625,10485.98994140625,10379.77798828125,0.0033286182122323634,inf,0.0
2018-05-02,10718.0498046875,10718.0498046875,10784.650390625,10689.7998046875,10783.849609375,229700,-0.0019833421447520427,0.004400344691688707,10667.609765625,10509.642431640625,10383.228984375,0.0035586751630490633,0.32163406214039125,0.0
2018-05-03,10679.650390625,10679.650390625,10720.599609375,10647.4501953125,10720.150390625,185200,-0.003582686660562606,-0.0019833421447520427,10689.4298828125,10537.204931640625,10387.77599609375,0.0037519100773525742,-0.19373095341750113,0.0
2018-05-04,10618.25,10618.25,10700.4501953125,10601.599609375,10700.4501953125,186500,-0.0057492884485150775,-0.003582686660562606,10689.519921875,10551.859912109376,10392.57298828125,0.0042755745770074,0.007019438444924475,1.0
2018-05-07,10715.5,10715.5,10725.650390625,10635.650390625,10653.150390625,168400,0.00915875968262192,-0.0057492884485150775,10694.1599609375,10571.054931640625,10399.67498046875,0.005059170580711856,-0.09705093833780165,1.0
2018-05-08,10717.7998046875,10717.7998046875,10758.5498046875,10689.400390625,10757.900390625,269800,0.00021462411343375898,0.00915875968262192,10689.85,10587.97744140625,10406.08197265625,0.005069260130536205,0.6021377672209025,1.0
2018-05-09,10741.7001953125,10741.7001953125,10766.25,10689.849609375,10693.349609375,215400,0.0022299717349214543,0.00021462411343375898,10694.580078125,10604.949951171875,10413.26197265625,0.005053182435277805,-0.2016308376575241,0.0
2018-05-10,10716.5498046875,10716.5498046875,10785.5498046875,10705.0,10779.650390625,192100,-0.0023413789407356056,0.0022299717349214543,10701.9599609375,10619.919921875,10417.77197265625,0.004872211600681074,-0.10817084493964713,1.0
2018-05-11,10806.5,10806.5,10812.0498046875,10724.4501953125,10741.9501953125,203100,0.00839357787271755,-0.0023413789407356056,10739.6099609375,10637.31240234375,10422.24998046875,0.005288589851497516,0.0572618427902134,1.0
2018-05-14,10806.599609375,10806.599609375,10834.849609375,10774.75,10815.150390625,171400,9.217542682682378e-06,0.00839357787271755,10757.8298828125,10653.61240234375,10427.2959765625,0.004971773976029308,-0.15608074839980302,0.0
2018-05-15,10801.849609375,10801.849609375,10929.2001953125,10781.400390625,10812.599609375,254300,-0.0004395462191344457,9.217542682682378e-06,10774.63984375,10667.28740234375,10433.4759765625,0.00484607644976463,0.48366394399066515,0.0
2018-05-16,10741.099609375,10741.099609375,10790.4501953125,10699.7001953125,10751.9501953125,231100,-0.005624036826737067,-0.0004395462191344457,10774.5197265625,10676.907373046875,10439.1309765625,0.005185814256373497,-0.09123082972866692,0.0
2018-05-17,10682.7001953125,10682.7001953125,10777.25,10664.5,10775.599609375,214100,-0.005437005165795927,-0.005624036826737067,10767.7498046875,10684.732373046874,10445.60798828125,0.005367154494544954,-0.07356122890523586,0.0
2018-05-18,10596.400390625,10596.400390625,10674.9501953125,10589.099609375,10671.849609375,223000,-0.008078463600931896,-0.005437005165795927,10725.7298828125,10686.28740234375,10452.55099609375,0.005687365626241842,0.04156936011209722,0.0
2018-05-21,10516.7001953125,10516.7001953125,10621.7001953125,10505.7998046875,10616.7001953125,0,-0.007521440524559053,-0.008078463600931896,10667.75,10683.919921875,10459.80099609375,0.005050800998717228,-1.0,1.0
2018-05-22,10536.7001953125,10536.7001953125,10558.599609375,10490.5498046875,10518.4501953125,241700,0.0019017372016476575,-0.007521440524559053,10614.7201171875,10681.519921875,10465.6819921875,0.005154883558278442,inf,0.0
2018-05-23,10430.349609375,10430.349609375,10533.5498046875,10417.7998046875,10521.099609375,290900,-0.010093348388598211,0.0019017372016476575,10552.5701171875,10672.319921875,10469.7519921875,0.005569768869613932,0.2035581299131155,1.0
2018-05-24,10513.849609375,10513.849609375,10535.150390625,10419.7998046875,10464.849609375,297600,0.008005484296034426,-0.010093348388598211,10518.8,10669.484912109376,10471.6009765625,0.006562435838227386,0.023031969749054637,1.0
2018-05-25,10605.150390625,10605.150390625,10628.0498046875,10524.0,10533.0498046875,260800,0.00868385840031305,0.008005484296034426,10520.55,10668.85244140625,10475.1669921875,0.006613414140789721,-0.12365591397849462,1.0
2018-05-28,10688.650390625,10688.650390625,10709.7998046875,10640.5498046875,10648.349609375,232600,0.007873532851907061,0.00868385840031305,10554.9400390625,10668.669970703126,10480.7219921875,0.00729297992653032,-0.10812883435582821,0.0
2018-05-29,10633.2998046875,10633.2998046875,10717.25,10616.099609375,10689.400390625,225800,-0.005178444790938985,0.007873532851907061,10574.2599609375,10663.36748046875,10486.18498046875,0.007400423673002047,-0.02923473774720553,0.0
2018-05-30,10614.349609375,10614.349609375,10648.7001953125,10558.4501953125,10579.0,238700,-0.0017821556488181178,-0.005178444790938985,10611.0599609375,10658.182470703125,10494.56896484375,0.0072637001524106974,0.05713020372010624,1.0
2018-05-31,10736.150390625,10736.150390625,10763.7998046875,10620.400390625,10670.099609375,610300,0.011475105468772284,-0.0017821556488181178,10655.5201171875,10661.007470703125,10507.40697265625,0.008080786543563175,1.5567658148303312,0.0
2018-06-01,10696.2001953125,10696.2001953125,10764.75,10681.5,10738.4501953125,220600,-0.0037210912532843476,0.011475105468772284,10673.730078125,10664.90498046875,10518.843984375,0.007672257240083316,-0.6385384237260363,0.0
2018-06-04,10628.5,10628.5,10770.2998046875,10618.349609375,10765.9501953125,203800,-0.006329368754912523,-0.0037210912532843476,10661.7,10660.55498046875,10528.308984375,0.00753377160906303,-0.07615593834995471,0.0
2018-06-05,10593.150390625,10593.150390625,10633.150390625,10550.900390625,10630.7001953125,167700,-0.003325926459519235,-0.006329368754912523,10653.6701171875,10654.322509765625,10537.8769921875,0.007651146887414786,-0.17713444553483804,1.0
2018-06-06,10684.650390625,10684.650390625,10698.349609375,10587.5,10603.4501953125,189900,0.0086376570355291,-0.003325926459519235,10667.7302734375,10651.47001953125,10551.60900390625,0.0070198247105525,0.1323792486583184,1.0
2018-06-07,10768.349609375,10768.349609375,10818.0,10722.599609375,10722.599609375,220900,0.007833594520176401,0.0086376570355291,10674.1701171875,10654.060009765624,10564.36298828125,0.007004860482732558,0.1632438125329121,0.0
2018-06-08,10767.650390625,10767.650390625,10779.4501953125,10709.0498046875,10736.400390625,209400,-6.493276828523076e-05,0.007833594520176401,10688.46015625,10652.117529296875,10576.03298828125,0.006673657234793529,-0.05205975554549569,1.0
2018-06-11,10786.9501953125,10786.9501953125,10850.5498046875,10777.0498046875,10781.849609375,211400,0.0017923877528847054,-6.493276828523076e-05,10720.1501953125,10651.13505859375,10589.49798828125,0.006299146260382218,0.009551098376313183,1.0
2018-06-12,10842.849609375,10842.849609375,10856.5498046875,10789.400390625,10816.150390625,198300,0.005182133323169635,0.0017923877528847054,10770.0900390625,10653.18505859375,10602.118984375,0.006028361383835256,-0.061967833491012314,1.0
2018-06-13,10856.7001953125,10856.7001953125,10893.25,10842.650390625,10887.5,213400,0.0012773935299743577,0.005182133323169635,10804.5,10658.965087890625,10614.35298828125,0.005892903503900174,0.07614725163893099,0.0
2018-06-14,10808.0498046875,10808.0498046875,10833.7001953125,10773.5498046875,10832.900390625,184300,-0.0044811397339686865,0.0012773935299743577,10812.4400390625,10665.232568359375,10627.9459765625,0.0052504211423696715,-0.13636363636363635,1.0
2018-06-15,10817.7001953125,10817.7001953125,10834.0,10755.400390625,10808.650390625,305400,0.000892889170515776,-0.0044811397339686865,10822.45,10676.29755859375,10637.79697265625,0.005018283050788239,0.6570808464460118,0.0
2018-06-18,10799.849609375,10799.849609375,10830.2001953125,10787.349609375,10830.2001953125,196600,-0.00165012762557748,0.000892889170515776,10825.0298828125,10690.455029296874,10647.16197265625,0.004427672456481819,-0.3562540929927963,0.0
2018-06-19,10710.4501953125,10710.4501953125,10789.4501953125,10701.2001953125,10789.4501953125,224500,-0.008277838793689818,-0.00165012762557748,10798.55,10699.142529296874,10653.783984375,0.005242840409041123,0.1419125127161749,1.0
2018-06-20,10772.0498046875,10772.0498046875,10781.7998046875,10724.0498046875,10734.650390625,193500,0.005751355755517995,-0.008277838793689818,10781.619921875,10716.2275390625,10661.17998046875,0.004847154075593842,-0.13808463251670378,0.0
2018-06-21,10741.099609375,10741.099609375,10809.599609375,10725.900390625,10808.4501953125,223600,-0.0028731945983977436,0.005751355755517995,10768.2298828125,10727.5900390625,10667.65896484375,0.004276019367085332,0.15555555555555545,1.0
2018-06-22,10821.849609375,10821.849609375,10837.0,10710.4501953125,10742.7001953125,229800,0.007517852262492797,-0.0028731945983977436,10769.059765625,10738.425,10674.92294921875,0.004933336616801394,0.027728085867620766,0.0
2018-06-25,10762.4501953125,10762.4501953125,10831.0498046875,10753.0498046875,10822.900390625,229600,-0.005488841206131911,0.007517852262492797,10761.5798828125,10742.114990234375,10680.5599609375,0.005250676343705576,-0.0008703220191470518,1.0
2018-06-26,10769.150390625,10769.150390625,10805.25,10732.5498046875,10742.7001953125,220000,0.0006225529680423669,-0.005488841206131911,10773.319921875,10748.90751953125,10685.3759765625,0.004917320044517553,-0.04181184668989546,0.0
2018-06-27,10671.400390625,10671.400390625,10785.5,10652.400390625,10785.5,246000,-0.009076853461448153,0.0006225529680423669,10753.1900390625,10751.76005859375,10687.82998046875,0.0055152645460694845,0.11818181818181817,0.0
2018-06-28,10589.099609375,10589.099609375,10674.2001953125,10557.7001953125,10660.7998046875,352300,-0.007712275637441368,-0.009076853461448153,10722.7900390625,10744.40751953125,10689.08796875,0.005783991776981731,0.4321138211382114,1.0
2018-06-29,10714.2998046875,10714.2998046875,10723.0498046875,10612.349609375,10612.849609375,242800,0.011823497741172861,-0.007712275637441368,10701.280078125,10745.3125,10692.06796875,0.007245744200963873,-0.3108146466080045,0.0
2018-07-02,10657.2998046875,10657.2998046875,10736.150390625,10604.650390625,10732.349609375,295400,-0.005319993003655044,0.011823497741172861,10680.25,10746.752490234376,10693.93296875,0.007377646900172137,0.21663920922570012,1.0
2018-07-03,10699.900390625,10699.900390625,10713.2998046875,10630.25,10668.599609375,202100,0.003997315147197256,-0.005319993003655044,10666.4,10752.089990234375,10696.23697265625,0.007104406026678075,-0.3158429248476642,1.0
2018-07-04,10769.900390625,10769.900390625,10777.150390625,10677.75,10715.0,173900,0.006542116977213297,0.003997315147197256,10686.1,10756.352490234374,10699.34798828125,0.0071804666196287155,-0.13953488372093026,0.0
2018-07-05,10749.75,10749.75,10786.0498046875,10726.25,10786.0498046875,220500,-0.0018709913642785958,0.006542116977213297,10718.230078125,10755.422509765625,10702.9319921875,0.007142753737697545,0.2679700977573318,1.0
2018-07-06,10772.650390625,10772.650390625,10816.349609375,10735.0498046875,10744.150390625,0,0.0021303184376380013,-0.0018709913642785958,10729.9001953125,10755.672509765625,10706.02900390625,0.006711536770978093,-1.0,1.0
2018-07-09,10852.900390625,10852.900390625,10860.349609375,10807.150390625,10838.2998046875,183600,0.007449420253147654,0.0021303184376380013,10769.0203125,10758.97001953125,10709.241015625,0.0068742159406923,inf,1.0
2018-07-10,10947.25,10947.25,10956.900390625,10876.650390625,10902.75,197000,0.008693492612951825,0.007449420253147654,10818.490234375,10764.1900390625,10713.3990234375,0.00730381072786362,0.07298474945533773,1.0
2018-07-11,10948.2998046875,10948.2998046875,10976.650390625,10923.0,10956.400390625,222300,9.589665783638068e-05,0.008693492612951825,10854.1701171875,10768.77001953125,10718.0040234375,0.0063136580395152485,0.12842639593908634,1.0
2018-07-12,11023.2001953125,11023.2001953125,11078.2998046875,10999.650390625,11006.9501953125,248300,0.006841280560560881,9.589665783638068e-05,10908.86015625,10779.5275390625,10724.87501953125,0.0052675490066146835,0.11695906432748537,0.0
2018-07-13,11018.900390625,11018.900390625,11071.349609375,10999.75,11056.900390625,0,-0.0003900686380828855,0.006841280560560881,10958.11015625,10789.587548828125,10732.88802734375,0.004640475304258321,-1.0,0.0
2018-07-16,10936.849609375,10936.849609375,11019.5,10926.25,11018.9501953125,210500,-0.0074463674542162295,-0.0003900686380828855,10974.9,10796.437548828126,10737.31501953125,0.005082426076274719,inf,1.0
2018-07-17,11008.0498046875,11008.0498046875,11018.5,10925.599609375,10939.650390625,210600,0.006510119262449043,-0.0074463674542162295,10987.0599609375,10811.317529296875,10743.12001953125,0.005219230496212405,0.00047505938242276,0.0
2018-07-18,10980.4501953125,10980.4501953125,11076.2001953125,10956.2998046875,11060.2001953125,225500,-0.002507220612614547,0.006510119262449043,10993.4900390625,10821.737548828125,10747.89501953125,0.005292996133233436,0.070750237416904,0.0
2018-07-19,10957.099609375,10957.099609375,11006.5,10935.4501953125,10999.5,215400,-0.0021265599790679657,-0.002507220612614547,10980.269921875,10832.537548828124,10752.706015625,0.005314073639950189,-0.044789356984478945,1.0
2018-07-20,11010.2001953125,11010.2001953125,11030.25,10946.2001953125,10963.5,187300,0.00484622644956767,-0.0021265599790679657,10978.5298828125,10841.955078125,10756.78001953125,0.005394524297316994,-0.13045496750232122,1.0
2018-07-23,11084.75,11084.75,11093.400390625,11010.9501953125,11019.849609375,229100,0.006770976309698584,0.00484622644956767,11008.1099609375,10858.070068359375,10762.34302734375,0.005324939547623657,0.22317138280832882,1.0
2018-07-24,11134.2998046875,11134.2998046875,11143.400390625,11092.5,11109.0,205800,0.00447008770495505,0.006770976309698584,11033.3599609375,10876.3275390625,10768.99203125,0.004896681017398512,-0.10170231340026192,0.0
2018-07-25,11132.0,11132.0,11157.150390625,11113.25,11148.400390625,205900,-0.0002065513528324292,0.00447008770495505,11063.669921875,10899.35751953125,10776.8100390625,0.00490865337559398,0.0004859086491739717,1.0
2018-07-26,11167.2998046875,11167.2998046875,11185.849609375,11125.7001953125,11132.9501953125,365400,0.0031710209025781477,-0.0002065513528324292,11105.7099609375,10928.267529296874,10786.50203125,0.004607520378219109,0.7746478873239437,1.0
2018-07-27,11278.349609375,11278.349609375,11283.400390625,11210.25,11232.75,314600,0.009944194803553685,0.0031710209025781477,11159.33984375,10956.47001953125,10800.141015625,0.00529213058289786,-0.1390257252326218,1.0
2018-07-30,11319.5498046875,11319.5498046875,11328.099609375,11261.4501953125,11296.650390625,278800,0.0036530340643325943,0.009944194803553685,11206.2998046875,10989.58251953125,10816.1980078125,0.0040226257505895716,-0.11379529561347745,1.0
2018-07-31,11356.5,11356.5,11366.0,11267.75,11311.0498046875,256500,0.0032642813495284972,0.0036530340643325943,11250.73984375,11022.4125,10832.59400390625,0.00387680736819601,-0.07998565279770442,0.0
2018-08-01,11346.2001953125,11346.2001953125,11390.5498046875,11313.5498046875,11359.7998046875,269700,-0.0009069523785937283,0.0032642813495284972,11293.5798828125,11051.227490234374,10850.911015625,0.003644416203456811,0.05146198830409365,0.0
2018-08-02,11244.7001953125,11244.7001953125,11328.900390625,11234.9501953125,11328.900390625,210000,-0.008945726168478219,-0.0009069523785937283,11309.0599609375,11075.975,10865.52802734375,0.005112425912560749,-0.22135706340378203,1.0
2018-08-03,11360.7998046875,11360.7998046875,11368.0,11294.5498046875,11297.7998046875,218300,0.010324829240302646,-0.008945726168478219,11325.55,11105.382470703125,10880.641015625,0.005644974574530723,0.03952380952380952,1.0
2018-08-06,11387.099609375,11387.099609375,11427.650390625,11370.599609375,11401.5,203700,0.0023149606664707445,0.010324829240302646,11339.0599609375,11132.092431640625,10894.61,0.0055017854220702645,-0.0668804397617957,1.0
2018-08-07,11389.4501953125,11389.4501953125,11428.9501953125,11359.7001953125,11423.150390625,226400,0.00020642534254866618,0.0023149606664707445,11345.65,11154.20244140625,10909.7330078125,0.005515277137999381,0.1114383897889053,1.0
2018-08-08,11450.0,11450.0,11459.9501953125,11379.2998046875,11412.5,210500,0.005316306199962151,0.00020642534254866618,11366.4099609375,11179.287451171875,10926.446015625,0.00551491917941344,-0.07022968197879864,1.0
2018-08-09,11470.7001953125,11470.7001953125,11495.2001953125,11454.099609375,11493.25,302200,0.001807877319869089,0.005316306199962151,11411.6099609375,11201.662451171875,10941.13701171875,0.005522511283112896,0.43562945368171024,0.0
2018-08-10,11429.5,11429.5,11478.75,11419.650390625,11474.9501953125,0,-0.003591776841080363,0.001807877319869089,11425.35,11222.192431640626,10955.8030078125,0.005198427061699209,-1.0,0.0
2018-08-13,11355.75,11355.75,11406.2998046875,11340.2998046875,11369.599609375,246900,-0.006452600726191027,-0.003591776841080363,11419.080078125,11243.137451171875,10970.3480078125,0.005661393044137309,inf,1.0
2018-08-14,11435.099609375,11435.099609375,11452.4501953125,11370.7998046875,11381.7001953125,232600,0.006987615029830696,-0.006452600726191027,11428.2099609375,11264.48994140625,10987.1869921875,0.0059885245162458476,-0.05791818550020256,0.0
2018-08-16,11385.0498046875,11385.0498046875,11449.849609375,11366.25,11397.150390625,290600,-0.004376857779749166,0.006987615029830696,11415.219921875,11284.719921875,11001.19498046875,0.006189527903684202,0.24935511607910565,1.0
2018-08-17,11470.75,11470.75,11486.4501953125,11431.7998046875,11437.150390625,234700,0.0075274326228431665,-0.004376857779749166,11415.2298828125,11310.40244140625,11015.24298828125,0.005602190397903395,-0.192360633172746,1.0
2018-08-20,11551.75,11551.75,11565.2998046875,11499.650390625,11502.099609375,232600,0.007061438877143944,0.0075274326228431665,11439.6798828125,11337.479931640624,11030.92498046875,0.005139748744512128,-0.008947592671495475,1.0
2018-08-21,11570.900390625,11570.900390625,11581.75,11539.599609375,11576.2001953125,224200,0.00165779129785526,0.007061438877143944,11482.7099609375,11361.787451171875,11046.603984375,0.005134928251152086,-0.03611349957007737,1.0
2018-08-23,11582.75,11582.75,11620.7001953125,11546.7001953125,11620.7001953125,248500,0.0010240870610727093,0.00165779129785526,11512.2400390625,11384.2099609375,11061.4019921875,0.005116494785150553,0.10838537020517403,0.0
2018-08-24,11557.099609375,11557.099609375,11604.599609375,11532.0,11566.599609375,218800,-0.0022145337355118366,0.0010240870610727093,11546.65,11405.46494140625,11075.40998046875,0.0050785272337039635,-0.11951710261569415,1.0
2018-08-27,11691.9501953125,11691.9501953125,11700.9501953125,11595.599609375,11605.849609375,199500,0.011668203138797129,-0.0022145337355118366,11590.8900390625,11431.6974609375,11093.08798828125,0.006116293211126854,-0.08820840950639852,1.0
2018-08-28,11738.5,11738.5,11760.2001953125,11710.5,11731.9501953125,241900,0.003981355027167455,0.011668203138797129,11628.2400390625,11454.70498046875,11111.503984375,0.005818343839351225,0.2125313283208019,0.0
2018-08-29,11691.900390625,11691.900390625,11753.2001953125,11678.849609375,11744.9501953125,251600,-0.003969809547642367,0.003981355027167455,11652.4400390625,11473.322509765625,11129.345,0.005424691754854432,0.04009921455146759,0.0
2018-08-30,11676.7998046875,11676.7998046875,11698.7998046875,11639.7001953125,11694.75,313800,-0.0012915424723947133,-0.003969809547642367,11671.25,11489.3375,11148.6719921875,0.005368898352587257,0.24721780604133547,1.0
2018-08-31,11680.5,11680.5,11727.650390625,11640.099609375,11675.849609375,346500,0.00031688436681198695,-0.0012915424723947133,11695.930078125,11506.052490234375,11166.84099609375,0.0049259955875114135,0.10420650095602291,0.0
2018-09-03,11582.349609375,11582.349609375,11751.7998046875,11567.400390625,11751.7998046875,234400,-0.00840292715423141,0.00031688436681198695,11674.0099609375,11522.9349609375,11183.66599609375,0.005667015439924344,-0.32352092352092354,0.0
2018-09-04,11520.2998046875,11520.2998046875,11602.5498046875,11496.849609375,11598.75,254800,-0.00535727264157837,-0.00840292715423141,11630.369921875,11530.9099609375,11197.635,0.005546441563229117,0.08703071672354956,0.0
2018-09-05,11476.9501953125,11476.9501953125,11542.650390625,11393.849609375,11514.849609375,246100,-0.0037628889968090995,-0.00535727264157837,11587.3798828125,11535.402490234375,11211.925,0.005602919093141855,-0.03414442700156983,1.0
2018-09-06,11536.900390625,11536.900390625,11562.25,11436.0498046875,11514.150390625,247900,0.005223530144531363,-0.0037628889968090995,11559.4,11542.775,11227.28,0.005904174640542504,0.00731409995936616,1.0
2018-09-07,11589.099609375,11589.099609375,11603.0,11484.400390625,11558.25,295900,0.0045245444601755835,0.005223530144531363,11541.119921875,11549.72998046875,11245.633984375,0.006054320416757518,0.1936264622831787,0.0
2018-09-10,11438.099609375,11438.099609375,11573.0,11427.2998046875,11570.25,286700,-0.013029485041085365,0.0045245444601755835,11512.269921875,11548.099951171875,11262.613984375,0.005934731290989351,-0.0310915849949307,0.0
2018-09-11,11287.5,11287.5,11479.400390625,11274.0,11476.849609375,0,-0.013166488710376734,-0.013029485041085365,11465.7099609375,11540.999951171874,11274.07798828125,0.006415572900404461,-1.0,1.0
2018-09-12,11369.900390625,11369.900390625,11380.75,11250.2001953125,11340.099609375,268200,0.0073001453488372725,-0.013166488710376734,11444.3,11541.707470703124,11288.33,0.007325623314831882,inf,1.0
2018-09-14,11515.2001953125,11515.2001953125,11523.25,11430.5498046875,11443.5,276600,0.012779338401883056,0.0073001453488372725,11439.9599609375,11545.7125,11304.63599609375,0.008835701324942274,0.031319910514541416,0.0
2018-09-17,11377.75,11377.75,11464.9501953125,11366.900390625,11464.9501953125,201400,-0.011936413868727347,0.012779338401883056,11397.6900390625,11545.347509765625,11316.79298828125,0.009408760791522214,-0.27187274041937814,0.0
2018-09-18,11278.900390625,11278.900390625,11411.4501953125,11268.9501953125,11381.5498046875,240900,-0.008687975159851424,-0.011936413868727347,11365.8501953125,11535.755029296875,11327.37599609375,0.009428763202531932,0.19612711022840124,0.0
2018-09-19,11234.349609375,11234.349609375,11332.0498046875,11210.900390625,11326.650390625,250600,-0.003949922395540484,-0.008687975159851424,11355.2201171875,11519.885009765625,11336.60998046875,0.00939366010142879,0.04026567040265672,0.0
2018-09-21,11143.099609375,11143.099609375,11346.7998046875,10866.4501953125,11271.2998046875,719000,-0.00812241056873042,-0.003949922395540484,11309.8599609375,11498.494970703125,11342.41396484375,0.009559988347862251,1.8691141260973665,0.0
2018-09-24,10967.400390625,10967.400390625,11170.150390625,10943.599609375,11164.400390625,0,-0.015767535507102526,-0.00812241056873042,11200.3,11467.727490234374,11342.81697265625,0.009875818832765108,-1.0,1.0
2018-09-25,11067.4501953125,11067.4501953125,11080.599609375,10882.849609375,10969.9501953125,405000,0.009122472156029238,-0.015767535507102526,11138.2400390625,11443.24501953125,11345.19998046875,0.010458654262146466,inf,0.0
2018-09-26,11053.7998046875,11053.7998046875,11145.5498046875,10993.0498046875,11145.5498046875,340500,-0.0012333817079910325,0.009122472156029238,11093.219921875,11411.3375,11345.81197265625,0.01005283867071745,-0.1592592592592592,0.0
2018-09-27,10977.5498046875,10977.5498046875,11089.4501953125,10953.349609375,11079.7998046875,405700,-0.006898080420062014,-0.0012333817079910325,11041.8599609375,11373.289990234374,11344.9849609375,0.009557053997199435,0.19148311306901622,0.0
2018-09-28,10930.4501953125,10930.4501953125,11034.099609375,10850.2998046875,11008.099609375,478100,-0.004290539347394984,-0.006898080420062014,10999.330078125,11335.21748046875,11344.85697265625,0.008883287948388668,0.17845698792210984,1.0
2018-10-01,11008.2998046875,11008.2998046875,11035.650390625,10821.5498046875,10930.900390625,387000,0.007122269255513958,-0.004290539347394984,11007.5099609375,11301.79248046875,11344.86197265625,0.007819652486774336,-0.19054591089730177,0.0
2018-10-03,10858.25,10858.25,10989.0498046875,10843.75,10982.7001953125,386800,-0.01363060666494631,0.007122269255513958,10965.669921875,11260.67998046875,11342.41796875,0.008015435461361806,-0.000516795865633024,0.0
2018-10-04,10599.25,10599.25,10754.7001953125,10547.25,10754.7001953125,425100,-0.023852830796859514,-0.01363060666494631,10874.7599609375,11211.525,11335.2609765625,0.010045282580085026,0.09901758014477768,0.0
2018-10-05,10316.4501953125,10316.4501953125,10540.650390625,10261.900390625,10514.099609375,606400,-0.026681114672028716,-0.023852830796859514,10742.5400390625,11151.33251953125,11321.3859765625,0.011893893689365744,0.42648788520348146,1.0
2018-10-08,10348.0498046875,10348.0498046875,10398.349609375,10198.400390625,10310.150390625,456200,0.003063031253653259,-0.026681114672028716,10626.0599609375,11094.8875,11306.65197265625,0.012438798827040578,-0.24769129287598945,0.0
2018-10-09,10301.0498046875,10301.0498046875,10397.599609375,10279.349609375,10390.2998046875,430500,-0.004541918611438267,0.003063031253653259,10484.6099609375,11033.094970703125,11289.98697265625,0.012091888191845082,-0.05633494081543178,1.0
2018-10-10,10460.099609375,10460.099609375,10482.349609375,10318.25,10331.849609375,0,0.015440154906845027,-0.004541918611438267,10404.9798828125,10976.644970703124,11276.54896484375,0.013103112978803714,-1.0,0.0
2018-10-11,10234.650390625,10234.650390625,10335.9501953125,10138.599609375,10169.7998046875,483500,-0.021553257346415555,0.015440154906845027,10332.0599609375,10916.472509765625,11257.8959765625,0.013910001138345434,inf,1.0
2018-10-12,10472.5,10472.5,10492.4501953125,10322.150390625,10331.5498046875,343500,0.02323964183406524,-0.021553257346415555,10363.269921875,10875.722509765625,11241.778984375,0.016997020158569572,-0.2895553257497415,1.0
2018-10-15,10512.5,10512.5,10526.2998046875,10410.150390625,10524.2001953125,259500,0.003819527333492445,0.02323964183406524,10396.1599609375,10832.852490234374,11225.63798828125,0.01720398192522881,-0.24454148471615722,1.0
2018-10-16,10584.75,10584.75,10604.900390625,10525.2998046875,10550.150390625,265200,0.006872770511296089,0.003819527333492445,10452.9,10786.32998046875,11210.20298828125,0.017186622668404813,0.021965317919075078,0.0
2018-10-17,10453.0498046875,10453.0498046875,10710.150390625,10436.4501953125,10688.7001953125,284800,-0.012442447418455793,0.006872770511296089,10451.4900390625,10740.094970703125,11192.33998046875,0.017114932422252344,0.07390648567119151,0.0
2018-10-19,10303.5498046875,10303.5498046875,10380.099609375,10249.599609375,10339.7001953125,357500,-0.014302046081609565,-0.012442447418455793,10465.269921875,10691.32744140625,11173.51697265625,0.016099478247480294,0.2552668539325842,0.0
2018-10-22,10245.25,10245.25,10408.5498046875,10224.0,10405.849609375,297300,-0.0056582251546914986,-0.014302046081609565,10419.819921875,10641.8724609375,11151.2059765625,0.01383457826652218,-0.16839160839160838,0.0
2018-10-23,10146.7998046875,10146.7998046875,10222.099609375,10102.349609375,10152.599609375,302600,-0.009609350217173795,-0.0056582251546914986,10346.6798828125,10592.057470703125,11126.39998046875,0.014039992816162871,0.01782711066263043,1.0
2018-10-24,10224.75,10224.75,10290.650390625,10126.7001953125,10278.150390625,351400,0.007682244334463961,-0.009609350217173795,10274.6798828125,10554.924951171875,11103.1059765625,0.014311385241399611,0.16126900198281557,0.0
2018-10-25,10124.900390625,10124.900390625,10166.599609375,10079.2998046875,10135.0498046875,0,-0.009765481735494741,0.007682244334463961,10209.05,10507.7974609375,11076.603984375,0.013349793381130659,-1.0,0.0
2018-10-26,10030.0,10030.0,10128.849609375,10004.5498046875,10122.349609375,364300,-0.0093729702973544,-0.009765481735494741,10154.3400390625,10456.607470703126,11047.78998046875,0.011970751843690513,inf,1.0
2018-10-29,10250.849609375,10250.849609375,10275.2998046875,10020.349609375,10078.099609375,364400,0.022018904224825553,-0.0093729702973544,10155.4599609375,10420.2724609375,11024.21697265625,0.011688182634830055,0.00027449903925336194,0.0
2018-10-30,10198.400390625,10198.400390625,10285.099609375,10175.349609375,10239.400390625,289800,-0.005116572845048073,0.022018904224825553,10165.780078125,10383.669970703126,11001.06998046875,0.011527889853660902,-0.20472008781558726,1.0
2018-10-31,10386.599609375,10386.599609375,10396.0,10105.099609375,10209.5498046875,375000,0.01845379780568379,-0.005116572845048073,10198.15,10352.5849609375,10980.09998046875,0.013100896293424145,0.29399585921325055,0.0
2018-11-01,10380.4501953125,10380.4501953125,10441.900390625,10341.900390625,10441.7001953125,348500,-0.0005920526730374132,0.01845379780568379,10249.2599609375,10328.694970703125,10960.00798828125,0.012557075984406495,-0.07066666666666666,1.0
2018-11-02,10553.0,10553.0,10606.9501953125,10457.7001953125,10462.2998046875,421200,0.01662257430466929,-0.0005920526730374132,10353.8599609375,10326.382470703125,10941.65298828125,0.012622634519690397,0.20860832137733132,0.0
2018-11-05,10524.0,10524.0,10558.7998046875,10477.0,10558.75,301900,-0.0027480337344830685,0.01662257430466929,10408.4900390625,10336.7599609375,10921.09798828125,0.01244683200582312,-0.2832383665716999,1.0
2018-11-06,10530.0,10530.0,10600.25,10491.4501953125,10552.0,0,0.0005701254275940482,-0.0027480337344830685,10474.8099609375,10345.857470703126,10900.27998046875,0.01171798259537094,-1.0,1.0
2018-11-07,10598.400390625,10598.400390625,10616.4501953125,10582.2998046875,10614.4501953125,31200,0.006495763592117676,0.0005701254275940482,10517.1701171875,10360.725,10880.59298828125,0.01167997274078642,inf,0.0
2018-11-09,10585.2001953125,10585.2001953125,10619.5498046875,10544.849609375,10614.7001953125,296600,-0.0012454893970770264,0.006495763592117676,10558.1201171875,10366.980029296876,10861.155,0.010875124276650256,8.506410256410257,0.0
2018-11-12,10482.2001953125,10482.2001953125,10645.5,10464.0498046875,10607.7998046875,259700,-0.009730567027500525,-0.0012454893970770264,10543.96015625,10379.35751953125,10836.96,0.010926308982283068,-0.12440997977073498,1.0
2018-11-13,10582.5,10582.5,10596.25,10440.5498046875,10451.900390625,254600,0.009568583199961456,-0.009730567027500525,10555.66015625,10384.85751953125,10813.84,0.00929192812848085,-0.019638043896804014,0.0
2018-11-14,10576.2998046875,10576.2998046875,10651.599609375,10532.7001953125,10634.900390625,384500,-0.0005858913595558901,0.009568583199961456,10564.9201171875,10388.047509765625,10791.52798828125,0.008943788748891079,0.5102120974076982,1.0
2018-11-15,10616.7001953125,10616.7001953125,10646.5,10557.5,10580.599609375,0,0.0038198983927342223,-0.0005858913595558901,10568.580078125,10389.64501953125,10770.32599609375,0.0073051531944777525,-1.0,1.0
2018-11-16,10682.2001953125,10682.2001953125,10695.150390625,10631.150390625,10644.0,342800,0.006169525256907837,0.0038198983927342223,10587.980078125,10401.1025390625,10750.36,0.007329093571959877,inf,1.0
2018-11-19,10763.400390625,10763.400390625,10774.7001953125,10688.7998046875,10731.25,272100,0.0076014485618920435,0.006169525256907837,10644.2201171875,10424.095068359375,10733.981015625,0.0058592986552235046,-0.20624270711785297,0.0
2018-11-20,10656.2001953125,10656.2001953125,10740.849609375,10640.849609375,10740.099609375,295200,-0.009959695953136949,0.0076014485618920435,10658.96015625,10444.642578125,10716.6990234375,0.006864967811811871,0.08489525909592066,0.0
2018-11-21,10600.0498046875,10600.0498046875,10671.2998046875,10562.349609375,10670.9501953125,300900,-0.00526926949530282,-0.009959695953136949,10663.71015625,10467.305078125,10699.161015625,0.0071726079038871285,0.019308943089430874,0.0
2018-11-22,10526.75,10526.75,10646.25,10512.0,10612.650390625,239500,-0.006915043423200262,-0.00526926949530282,10645.7201171875,10482.405078125,10678.9580078125,0.007219309136721084,-0.2040545031571951,1.0
2018-11-26,10628.599609375,10628.599609375,10637.7998046875,10489.75,10568.2998046875,0,0.009675313783931383,-0.006915043423200262,10635.0,10507.5900390625,10659.7480078125,0.007912707703392667,-1.0,1.0
2018-11-28,10728.849609375,10728.849609375,10757.7998046875,10699.849609375,10708.75,424500,0.004047503329813518,0.0053628890065369195,10633.9697265625,10564.27001953125,10633.525,0.00670706178510651,inf,1.0
2018-11-29,10858.7001953125,10858.7001953125,10883.0498046875,10782.349609375,10808.7001953125,691300,0.012102936537020215,0.004047503329813518,10685.6998046875,10597.285009765625,10623.30099609375,0.007449875981582408,0.6285041224970553,1.0
2018-11-30,10876.75,10876.75,10922.4501953125,10835.099609375,10892.099609375,453900,0.001662243580064171,0.012102936537020215,10755.6998046875,10621.792529296876,10610.5319921875,0.007443907257831465,-0.3434109648488355,1.0
2018-12-03,10883.75,10883.75,10941.2001953125,10845.349609375,10930.7001953125,409700,0.000643574597191332,0.001662243580064171,10806.7298828125,10646.95751953125,10600.6519921875,0.0073413290519893275,-0.09737827715355807,0.0
2018-12-04,10869.5,10869.5,10890.9501953125,10833.349609375,10877.099609375,322100,-0.0013092913747559942,0.000643574597191332,10843.5099609375,10662.78251953125,10592.463984375,0.0071088614236479155,-0.2138149865755431,0.0
2018-12-05,10782.900390625,10782.900390625,10821.0498046875,10747.9501953125,10820.4501953125,312300,-0.007967211865771207,-0.0013092913747559942,10854.3201171875,10675.7275390625,10583.435,0.006788108460788522,-0.0304253337472834,0.0
2018-12-06,10601.150390625,10601.150390625,10722.650390625,10588.25,10718.150390625,318500,-0.01685539079615528,-0.007967211865771207,10802.81015625,10679.28505859375,10572.596015625,0.008727387154217732,0.019852705731668197,1.0
2018-12-07,10693.7001953125,10693.7001953125,10704.5498046875,10599.349609375,10644.7998046875,325800,0.008730166187373989,-0.01685539079615528,10766.2001953125,10684.050048828125,10567.12201171875,0.00874341642605389,0.02291993720565144,0.0
2018-12-10,10488.4501953125,10488.4501953125,10558.849609375,10474.9501953125,10508.7001953125,381300,-0.019193543511718203,0.008730166187373989,10687.140234375,10679.212548828125,10555.54201171875,0.010394341746926865,0.17034990791896876,1.0
2018-12-11,10549.150390625,10549.150390625,10567.150390625,10333.849609375,10350.0498046875,425500,0.005787336945131116,-0.019193543511718203,10623.0703125,10682.56005859375,10545.4490234375,0.010425291351683076,0.11591922370836616,1.0
2018-12-12,10737.599609375,10737.599609375,10752.2001953125,10560.7998046875,10591.0,360500,0.01786392380162427,0.005787336945131116,10614.01015625,10690.3150390625,10540.65001953125,0.011999813108193822,-0.15276145710928324,1.0
2018-12-13,10791.5498046875,10791.5498046875,10838.599609375,10749.5,10810.75,376200,0.005024418610784842,0.01786392380162427,10652.0900390625,10701.0775390625,10537.87201171875,0.011410455454499842,0.043550624133148474,1.0
2018-12-14,10805.4501953125,10805.4501953125,10815.75,10752.099609375,10784.5,340100,0.001288081033454791,0.005024418610784842,10674.4400390625,10710.5150390625,10533.81501953125,0.011402964768467002,-0.09595959595959591,1.0
2018-12-17,10888.349609375,10888.349609375,10900.349609375,10844.849609375,10853.2001953125,296900,0.007672000015183311,0.001288081033454791,10754.419921875,10720.822509765625,10534.41701171875,0.01170076503683095,-0.12702146427521321,1.0
2018-12-18,10908.7001953125,10908.7001953125,10915.400390625,10819.099609375,10850.900390625,286100,0.0018690239262686426,0.007672000015183311,10826.3298828125,10728.0875,10540.606015625,0.011701275140823381,-0.036375884136072734,1.0
2018-12-19,10967.2998046875,10967.2998046875,10985.150390625,10928.0,10930.5498046875,312100,0.005371823253533137,0.0018690239262686426,10872.269921875,10743.64248046875,10553.6230078125,0.011394982510765905,0.09087731562390777,0.0
2018-12-20,10951.7001953125,10951.7001953125,10962.5498046875,10880.0498046875,10885.2001953125,318900,-0.001422374664029169,0.005371823253533137,10904.3,10761.225,10565.696015625,0.009478148588217992,0.02178788849727642,0.0
2018-12-21,10754.0,10754.0,10963.650390625,10738.650390625,10944.25,377500,-0.018052009440243655,-0.001422374664029169,10894.0099609375,10772.5875,10574.75501953125,0.011368386154027542,0.18375666353088738,0.0
2018-12-24,10663.5,10663.5,10782.2998046875,10649.25,10780.900390625,223400,-0.008415473312255894,-0.018052009440243655,10849.0400390625,10774.33251953125,10578.82302734375,0.009664308418217553,-0.4082119205298014,1.0
2018-12-26,10729.849609375,10729.849609375,10747.5,10534.5498046875,10635.4501953125,263700,0.006222123071693231,-0.008415473312255894,10813.269921875,10776.54501953125,10588.72701171875,0.009685701012118028,0.18039391226499557,1.0
2018-12-27,10779.7998046875,10779.7998046875,10834.2001953125,10764.4501953125,10817.900390625,456100,0.004655255863871277,0.006222123071693231,10775.769921875,10779.092529296875,10594.8730078125,0.007996131266946089,0.7296169890026545,1.0
2018-12-28,10859.900390625,10859.900390625,10893.599609375,10817.150390625,10820.9501953125,245500,0.007430619064249022,0.004655255863871277,10757.4099609375,10779.1525390625,10601.821015625,0.008184035769123557,-0.4617408463056347,1.0
2018-12-31,10862.5498046875,10862.5498046875,10923.5498046875,10853.2001953125,10913.2001953125,180900,0.00024396301689710853,0.007430619064249022,10779.119921875,10778.442529296875,10607.37701171875,0.008181819534078748,-0.2631364562118126,0.0
2019-01-02,10792.5,10792.5,10895.349609375,10735.0498046875,10868.849609375,309700,-0.006448744166611009,0.00024396301689710853,10804.919921875,10773.880029296875,10614.166015625,0.00803472466695296,0.7119955776672195,0.0
2019-01-03,10672.25,10672.25,10814.0498046875,10661.25,10796.7998046875,286200,-0.011141996757007222,-0.006448744166611009,10793.4,10764.017529296874,10621.54001953125,0.008579662520791898,-0.07587988375847599,1.0
2019-01-04,10727.349609375,10727.349609375,10741.0498046875,10628.650390625,10699.7001953125,296600,0.0051628859308019415,-0.011141996757007222,10782.9099609375,10761.239990234375,10631.18201171875,0.008559525017450473,0.036338225017470194,1.0
2019-01-07,10771.7998046875,10771.7998046875,10835.9501953125,10750.150390625,10804.849609375,269400,0.004143632577580325,0.0051628859308019415,10765.28984375,10769.7724609375,10643.68201171875,0.008791835734773027,-0.09170600134861762,1.0
2019-01-08,10802.150390625,10802.150390625,10818.4501953125,10733.25,10786.25,277700,0.0028175965472634346,0.004143632577580325,10753.2099609375,10775.194970703125,10655.23001953125,0.006681596581126365,0.030809205642167825,1.0
2019-01-09,10855.150390625,10855.150390625,10870.400390625,10749.400390625,10862.400390625,333000,0.004906430486840696,0.0028175965472634346,10765.7400390625,10793.52998046875,10669.83501953125,0.006007928676135749,0.19913575801224348,0.0
2019-01-10,10821.599609375,10821.599609375,10859.349609375,10801.7998046875,10859.349609375,254400,-0.0030907707440862575,0.004906430486840696,10795.6099609375,10807.15244140625,10685.66701171875,0.0059678117386630395,-0.23603603603603607,0.0
2019-01-11,10794.9501953125,10794.9501953125,10850.150390625,10739.400390625,10834.75,260800,-0.0024626132017869784,-0.0030907707440862575,10809.130078125,10810.019970703124,10696.5490234375,0.005889865663467433,0.02515723270440251,0.0
2019-01-14,10737.599609375,10737.599609375,10808.0,10692.349609375,10807.0,298800,-0.005312723532749919,-0.0024626132017869784,10802.2900390625,10807.3224609375,10707.3330078125,0.005507215367985839,0.14570552147239257,1.0
2019-01-15,10886.7998046875,10886.7998046875,10896.9501953125,10777.5498046875,10777.5498046875,310700,0.013895116296032572,-0.005312723532749919,10819.219921875,10811.38994140625,10717.33701171875,0.00728678024742885,0.039825970548862166,1.0
2019-01-16,10890.2998046875,10890.2998046875,10928.150390625,10876.900390625,10899.650390625,276500,0.0003214902508350548,0.013895116296032572,10826.2498046875,10811.487451171875,10727.53400390625,0.00689979915551356,-0.11007402639201802,1.0
2019-01-17,10905.2001953125,10905.2001953125,10930.650390625,10844.650390625,10920.849609375,271700,0.001368225934293088,0.0003214902508350548,10842.969921875,10811.312451171874,10734.5780078125,0.005451054225786853,-0.017359855334538876,1.0
2019-01-18,10906.9501953125,10906.9501953125,10928.2001953125,10852.2001953125,10914.849609375,323800,0.0001604738994844812,0.001368225934293088,10865.369921875,10808.294970703126,10742.23701171875,0.005375392907669538,0.1917556128082445,1.0
2019-01-21,10961.849609375,10961.849609375,10987.4501953125,10885.75,10919.349609375,288800,0.0050334340103701525,0.0001604738994844812,10910.219921875,10808.80244140625,10750.87400390625,0.005427910963059948,-0.10809141445336623,0.0
2019-01-22,10922.75,10922.75,10949.7998046875,10864.150390625,10949.7998046875,300800,-0.0035668806605010372,0.0050334340103701525,10917.4099609375,10817.23994140625,10757.36099609375,0.005660661130581795,0.04155124653739617,0.0
2019-01-23,10831.5,10831.5,10944.7998046875,10811.9501953125,10931.0498046875,298900,-0.008354123274816327,-0.0035668806605010372,10905.65,10825.63994140625,10762.2869921875,0.0062036179561083815,-0.006316489361702149,1.0
2019-01-24,10849.7998046875,10849.7998046875,10866.599609375,10798.650390625,10844.0498046875,361100,0.001689498655541799,-0.008354123274816327,10894.569921875,10831.637451171875,10769.638984375,0.006140036527019714,0.20809635329541654,0.0
2019-01-25,10780.5498046875,10780.5498046875,10931.7001953125,10756.4501953125,10859.75,463400,-0.006382606245884936,0.001689498655541799,10869.28984375,10831.674951171875,10773.59998046875,0.006451616211041553,0.2833010246469123,0.0
2019-01-28,10661.5498046875,10661.5498046875,10804.4501953125,10630.9501953125,10792.4501953125,419700,-0.011038398055380982,-0.006382606245884936,10809.2298828125,10821.757421875,10775.30498046875,0.00717742067376363,-0.09430297798877862,0.0
2019-01-29,10652.2001953125,10652.2001953125,10690.349609375,10583.650390625,10653.7001953125,356900,-0.0008769465552643796,-0.011038398055380982,10755.119921875,10811.23994140625,10776.01498046875,0.005046492202463284,-0.14963068858708606,0.0
2019-01-30,10651.7998046875,10651.7998046875,10710.2001953125,10612.849609375,10702.25,410100,-3.758759858607519e-05,-0.0008769465552643796,10719.1798828125,10804.204931640625,10775.40697265625,0.0050280812260082505,0.14906136172597373,1.0
2019-01-31,10830.9501953125,10830.9501953125,10838.0498046875,10678.5498046875,10690.5498046875,604800,0.016818790618479573,-3.758759858607519e-05,10715.4099609375,10812.13994140625,10776.75796875,0.007836238786137694,0.4747622531089979,1.0
2019-02-01,10893.650390625,10893.650390625,10983.4501953125,10813.4501953125,10851.349609375,482300,0.005788983808607595,0.016818790618479573,10738.030078125,10820.45498046875,10781.50697265625,0.008099084677316588,-0.20254629629629628,1.0
2019-02-04,10912.25,10912.25,10927.900390625,10814.150390625,10876.75,318300,0.0017073807867935553,0.005788983808607595,10788.1701171875,10827.477490234374,10787.7509765625,0.007931751286287751,-0.34003732116939667,1.0
2019-02-05,10934.349609375,10934.349609375,10956.7001953125,10886.7001953125,10908.650390625,268100,0.0020252110586724825,0.0017073807867935553,10844.6,10834.087451171876,10795.90296875,0.007882619344213599,-0.157712849513038,1.0
2019-02-06,11062.4501953125,11062.4501953125,11072.599609375,10962.7001953125,10965.099609375,298500,0.011715428033110209,0.0020252110586724825,10926.730078125,10844.45244140625,10804.57998046875,0.008034805698405933,0.1133905259231629,1.0
2019-02-07,11069.400390625,11069.400390625,11118.099609375,11043.599609375,11070.4501953125,263500,0.0006282690714798367,0.011715428033110209,10974.4201171875,10856.84248046875,10812.25599609375,0.008048428086487121,-0.11725293132328307,0.0
2019-02-08,10943.599609375,10943.599609375,11041.2001953125,10925.4501953125,11023.5,352800,-0.011364733121095205,0.0006282690714798367,10984.4099609375,10864.274951171876,10816.55099609375,0.008750922974500815,0.3388994307400379,0.0
2019-02-11,10888.7998046875,10888.7998046875,10930.900390625,10857.099609375,10930.900390625,286000,-0.005007475295473629,-0.011364733121095205,10979.719921875,10871.8349609375,10817.15298828125,0.007960070759591207,-0.18934240362811794,0.0
2019-02-12,10831.400390625,10831.400390625,10910.900390625,10823.7998046875,10879.7001953125,292300,-0.005271417887377283,-0.005007475295473629,10959.130078125,10869.064990234376,10816.24599609375,0.008260738428835925,0.02202797202797213,0.0
2019-02-14,10746.0498046875,10746.0498046875,10792.7001953125,10718.75,10786.099609375,627000,-0.007879921603800577,-0.005271417887377283,10895.85,10861.852490234374,10813.4919921875,0.008798788621297177,1.145056448853917,0.0
2019-02-15,10724.400390625,10724.400390625,10785.75,10620.400390625,10780.25,521900,-0.002014639281967212,-0.007879921603800577,10826.85,10852.8125,10810.59,0.006806778985329177,-0.16762360446570967,0.0
2019-02-18,10640.9501953125,10640.9501953125,10759.900390625,10628.400390625,10738.650390625,345400,-0.00778133902809619,-0.002014639281967212,10766.3201171875,10839.5125,10807.75099609375,0.006661321060340753,-0.3381873922207319,0.0
2019-02-19,10604.349609375,10604.349609375,10722.849609375,10585.650390625,10636.7001953125,291500,-0.0034395975233135756,-0.00778133902809619,10709.430078125,10821.6375,10807.81498046875,0.006512371476270668,-0.1560509554140127,1.0
2019-02-20,10735.4501953125,10735.4501953125,10752.7001953125,10646.400390625,10655.4501953125,289200,0.012362906803977669,-0.0034395975233135756,10690.2400390625,10812.272509765626,10808.64998046875,0.008016995224323434,-0.007890222984562656,1.0
2019-02-21,10789.849609375,10789.849609375,10808.849609375,10721.5,10744.099609375,279600,0.005067269008080633,0.012362906803977669,10699.0,10810.189990234376,10814.67796875,0.006979755381503296,-0.03319502074688796,1.0
2019-02-22,10791.650390625,10791.650390625,10801.5498046875,10758.400390625,10782.7001953125,396800,0.00016689586186968697,0.005067269008080633,10712.45,10807.28251953125,10819.52796875,0.00695849174312684,0.4191702432045781,1.0
2019-02-25,10880.099609375,10880.099609375,10887.099609375,10788.0498046875,10813.25,385900,0.008196078963680797,0.00016689586186968697,10760.2798828125,10812.260009765625,10822.37796875,0.006944058331542739,-0.027469758064516125,0.0
2019-02-26,10835.2998046875,10835.2998046875,10888.75,10729.2998046875,10775.2998046875,415000,-0.004117591409631749,0.008196078963680797,10806.469921875,10820.947509765625,10823.25296875,0.006886193647000393,0.07540813682301106,0.0
2019-02-27,10806.650390625,10806.650390625,10939.7001953125,10751.2001953125,10881.2001953125,381100,-0.002644081343287419,-0.004117591409631749,10820.7099609375,10828.67001953125,10823.27697265625,0.006731069421222237,-0.08168674698795175,0.0
2019-02-28,10792.5,10792.5,10865.7001953125,10784.849609375,10865.7001953125,644200,-0.0013094150466157473,-0.002644081343287419,10821.2400390625,10835.705029296874,10821.35998046875,0.006198642507725757,0.6903699816321176,1.0
2019-03-01,10863.5,10863.5,10877.900390625,10823.099609375,10842.650390625,308500,0.006578642575862936,-0.0013094150466157473,10835.6099609375,10837.33251953125,10820.4559765625,0.0064112150726189825,-0.5211114560695436,1.0
2019-03-05,10987.4501953125,10987.4501953125,10994.900390625,10817.0,10864.849609375,373200,0.011409784628572783,0.006578642575862936,10857.080078125,10842.022509765626,10820.858984375,0.006258629966496903,0.2097244732576986,1.0
2019-03-06,11053.0,11053.0,11062.2998046875,10998.849609375,11024.849609375,372600,0.005965879573721855,0.011409784628572783,10900.6201171875,10849.060009765624,10822.88498046875,0.005838036213233581,-0.001607717041800627,1.0
2019-03-07,11058.2001953125,11058.2001953125,11089.0498046875,11027.099609375,11077.9501953125,321200,0.00047047817900125466,0.005965879573721855,10950.930078125,10855.2525390625,10828.968984375,0.005154367628614019,-0.13794954374664514,0.0
2019-03-08,11035.400390625,11035.400390625,11049.0,11008.9501953125,11038.849609375,326600,-0.0020618006804727917,0.00047047817900125466,10999.51015625,10853.900048828125,10836.4069921875,0.0053235885184790685,0.01681195516811962,1.0
2019-03-11,11168.0498046875,11168.0498046875,11180.900390625,11059.849609375,11068.75,352200,0.012020353532001593,-0.0020618006804727917,11060.4201171875,10858.83251953125,10845.17099609375,0.006071502100037159,0.07838334353949783,1.0
2019-03-12,11301.2001953125,11301.2001953125,11320.400390625,11227.0,11231.349609375,391300,0.011922438828049886,0.012020353532001593,11123.1701171875,10876.712548828125,10855.59900390625,0.00649470220674308,0.11101646791595687,1.0
2019-03-13,11341.7001953125,11341.7001953125,11352.2998046875,11276.599609375,11326.2001953125,383000,0.0035836901656514097,0.011922438828049886,11180.91015625,10899.357568359375,10865.235,0.005875528271750626,-0.02121134679274217,1.0
2019-03-14,11343.25,11343.25,11383.4501953125,11313.75,11382.5,294500,0.00013664659273393553,0.0035836901656514097,11237.9201171875,10924.950048828125,10874.84900390625,0.005551813180958556,-0.2310704960835509,1.0
2019-03-15,11426.849609375,11426.849609375,11487.0,11370.7998046875,11376.849609375,463700,0.007369987382364052,0.00013664659273393553,11316.2099609375,10958.9900390625,10887.53599609375,0.005141403223616079,0.5745331069609507,1.0
2019-03-18,11462.2001953125,11462.2001953125,11530.150390625,11412.5,11473.849609375,320300,0.0030936423551506387,0.007369987382364052,11375.0400390625,10995.880029296875,10903.335,0.0051960336472756975,-0.30925167133922793,1.0
2019-03-19,11532.400390625,11532.400390625,11543.849609375,11451.25,11500.2998046875,326100,0.006124495656707252,0.0030936423551506387,11421.280078125,11040.4525390625,10919.436015625,0.004766886636490431,0.01810802372775533,0.0
2019-03-20,11521.0498046875,11521.0498046875,11556.099609375,11503.099609375,11553.349609375,366300,-0.0009842344657688962,0.006124495656707252,11457.15,11086.287548828124,10934.421015625,0.005084250746517833,0.12327506899724017,0.0
2019-03-22,11456.900390625,11456.900390625,11572.7998046875,11434.5498046875,11549.2001953125,386200,-0.005568018119008533,-0.0009842344657688962,11479.880078125,11122.36005859375,10947.516015625,0.005870011283850448,0.054327054327054425,0.0
2019-03-25,11354.25,11354.25,11395.650390625,11311.599609375,11395.650390625,294500,-0.008959700017030503,-0.005568018119008533,11465.36015625,11150.580078125,10957.4980078125,0.00691652416274476,-0.237441740031072,1.0
2019-03-26,11483.25,11483.25,11496.75,11352.4501953125,11375.2001953125,282600,0.011361384503600025,-0.008959700017030503,11469.5701171875,11185.16005859375,10970.731015625,0.006822195436809471,-0.04040747028862479,0.0
2019-03-27,11445.0498046875,11445.0498046875,11546.2001953125,11413.0,11531.4501953125,350400,-0.0033266013813597617,0.011361384503600025,11452.1,11213.407568359375,10983.7330078125,0.00623778082562563,0.23991507430997872,1.0
2019-03-28,11570.0,11570.0,11588.5,11452.4501953125,11463.650390625,527700,0.010917400749215211,-0.0033266013813597617,11461.8900390625,11250.142578125,11000.381015625,0.006930908727534303,0.5059931506849316,1.0
2019-04-01,11669.150390625,11669.150390625,11738.099609375,11644.75,11665.2001953125,379600,0.008569610252809001,0.010917400749215211,11504.3400390625,11293.267578125,11016.02802734375,0.007185134145160663,-0.28065188554102705,1.0
2019-04-02,11713.2001953125,11713.2001953125,11729.349609375,11655.849609375,11711.5498046875,386100,0.0037748939051200914,0.008569610252809001,11576.130078125,11339.302587890625,11032.48603515625,0.0070224915433531295,0.017123287671232834,0.0
2019-04-03,11643.9501953125,11643.9501953125,11761.0,11629.150390625,11735.2998046875,365800,-0.005912133221091298,0.0037748939051200914,11608.2701171875,11378.32509765625,11047.26103515625,0.007499220978126308,-0.052577052577052585,0.0
2019-04-04,11598.0,11598.0,11662.5498046875,11559.2001953125,11660.2001953125,349000,-0.003946272059030087,-0.005912133221091298,11638.86015625,11408.852587890626,11061.08203125,0.007500274281848151,-0.0459267359212685,1.0
2019-04-05,11665.9501953125,11665.9501953125,11689.650390625,11609.5,11638.400390625,266700,0.005858785593421345,-0.003946272059030087,11658.0501953125,11439.50009765625,11075.16404296875,0.007651072461530528,-0.23581661891117478,0.0
2019-04-08,11604.5,11604.5,11710.2998046875,11549.099609375,11704.349609375,260900,-0.005267483083991831,0.005858785593421345,11645.1201171875,11466.815087890625,11088.79904296875,0.007621731948243085,-0.021747281589801326,1.0
2019-04-09,11671.9501953125,11671.9501953125,11683.900390625,11569.7001953125,11612.0498046875,300500,0.005812417192683883,-0.005267483083991831,11636.8701171875,11498.642578125,11105.608046875,0.006797790737660703,0.15178229206592575,0.0
2019-04-10,11584.2998046875,11584.2998046875,11680.0498046875,11571.75,11646.849609375,359900,-0.007509489773200095,0.005812417192683883,11624.9400390625,11519.455078125,11120.298046875,0.006771431860808587,0.19767054908485848,1.0
2019-04-11,11596.7001953125,11596.7001953125,11606.7001953125,11550.5498046875,11592.5498046875,279800,0.0010704480058416621,-0.007509489773200095,11624.680078125,11534.230078125,11136.6210546875,0.006607466182139501,-0.22256182272853575,1.0
2019-04-12,11643.4501953125,11643.4501953125,11657.349609375,11578.7998046875,11612.849609375,246000,0.0040313191867198395,0.0010704480058416621,11620.180078125,11549.317578125,11156.2590625,0.005808599369108182,-0.12080057183702642,1.0
2019-04-15,11690.349609375,11690.349609375,11704.599609375,11648.25,11667.0,290000,0.0040279653604204935,0.0040313191867198395,11637.35,11566.67255859375,11177.02205078125,0.005273307485624608,0.17886178861788626,1.0
2019-04-16,11787.150390625,11787.150390625,11810.9501953125,11731.5498046875,11736.2001953125,354300,0.008280400884877803,0.0040279653604204935,11660.3900390625,11584.68759765625,11199.7290625,0.0057812595594655914,0.2217241379310344,0.0
2019-04-18,11752.7998046875,11752.7998046875,11856.150390625,11738.5,11856.150390625,339700,-0.0029142400664389223,0.008280400884877803,11694.0900390625,11599.217578125,11218.1660546875,0.005472989633187658,-0.041208015805814235,0.0
2019-04-22,11594.4501953125,11594.4501953125,11727.0498046875,11583.9501953125,11727.0498046875,260400,-0.013473352052831178,-0.0029142400664389223,11693.6400390625,11602.320068359375,11232.18205078125,0.007027395851038424,-0.2334412717103327,0.0
2019-04-23,11575.9501953125,11575.9501953125,11645.9501953125,11564.7998046875,11612.9501953125,272500,-0.0015955909670886115,-0.013473352052831178,11680.1400390625,11605.065087890625,11245.4560546875,0.006724733098762764,0.04646697388632881,1.0
2019-04-24,11726.150390625,11726.150390625,11740.849609375,11578.849609375,11601.5,335200,0.012975193636658888,-0.0015955909670886115,11687.3001953125,11618.527587890625,11261.2920703125,0.007759075568621447,0.23009174311926595,0.0
2019-04-25,11641.7998046875,11641.7998046875,11796.75,11624.2998046875,11735.7001953125,604400,-0.007193374050953438,0.012975193636658888,11658.230078125,11632.905078125,11272.8790625,0.007963250620047827,0.8031026252983293,1.0
2019-04-26,11754.650390625,11754.650390625,11762.900390625,11661.75,11683.75,333500,0.009693568677590747,-0.007193374050953438,11658.6001953125,11646.47509765625,11286.5840625,0.00807337491421969,-0.44821310390469893,0.0
2019-04-30,11748.150390625,11748.150390625,11756.25,11655.900390625,11748.75,532600,-0.0005529726349993158,0.009693568677590747,11689.340234375,11661.630126953125,11302.675078125,0.008099035372704823,0.5970014992503747,0.0
2019-05-02,11724.75,11724.75,11789.2998046875,11699.5498046875,11725.5498046875,380300,-0.001991836148409698,-0.0005529726349993158,11719.1001953125,11669.367626953124,11319.39408203125,0.008099613157296246,-0.2859556890724747,0.0
2019-05-03,11712.25,11712.25,11770.900390625,11699.349609375,11722.599609375,305500,-0.0010661208128105448,-0.001991836148409698,11716.3201171875,11671.522607421875,11337.01107421875,0.008028719511549959,-0.19668682618985012,0.0
2019-05-06,11598.25,11598.25,11632.5498046875,11571.349609375,11605.7998046875,299000,-0.00973339879186319,-0.0010661208128105448,11707.61015625,11665.77509765625,11354.055078125,0.008039177332617947,-0.021276595744680882,0.0
2019-05-07,11497.900390625,11497.900390625,11657.0498046875,11484.4501953125,11651.5,337500,-0.008652133673183404,-0.00973339879186319,11656.26015625,11658.472607421874,11369.525078125,0.00834358083273707,0.1287625418060201,0.0
2019-05-08,11359.4501953125,11359.4501953125,11479.099609375,11346.9501953125,11478.7001953125,372800,-0.012041345863927244,-0.008652133673183404,11578.5201171875,11646.5451171875,11383.895078125,0.008137561797374432,0.10459259259259257,0.0
2019-05-09,11301.7998046875,11301.7998046875,11357.599609375,11255.0498046875,11322.400390625,373000,-0.005075103956069027,-0.012041345863927244,11493.930078125,11628.33759765625,11397.84408203125,0.00819180664280734,0.0005364806866952065,0.0
2019-05-10,11278.900390625,11278.900390625,11345.7998046875,11251.0498046875,11314.150390625,387300,-0.0020261741013145596,-0.005075103956069027,11407.26015625,11612.0576171875,11408.7130859375,0.006202847518104594,0.038337801608579136,0.0
2019-05-13,11148.2001953125,11148.2001953125,11300.2001953125,11125.599609375,11258.7001953125,357600,-0.011588026384304118,-0.0020261741013145596,11317.2501953125,11585.8701171875,11415.88009765625,0.00660743172090597,-0.07668474051123164,1.0
2019-05-14,11222.0498046875,11222.0498046875,11294.75,11108.2998046875,11151.650390625,398100,0.006624352638199937,-0.011588026384304118,11262.080078125,11567.7576171875,11424.4880859375,0.005920607161729684,0.11325503355704702,0.0
2019-05-15,11157.0,11157.0,11286.7998046875,11136.9501953125,11271.7001953125,414200,-0.005796606308085428,0.006624352638199937,11221.5900390625,11545.772607421875,11430.02609375,0.0057511197204519965,0.040442099974880685,1.0
2019-05-16,11257.099609375,11257.099609375,11281.5498046875,11143.349609375,11180.349609375,350700,0.008971910851931497,-0.005796606308085428,11212.65,11526.455078125,11438.46208984375,0.0072631151408429975,-0.15330758087880247,1.0
2019-05-17,11407.150390625,11407.150390625,11426.150390625,11259.849609375,11261.900390625,412100,0.013329435330307948,0.008971910851931497,11238.3,11512.2951171875,11450.47208984375,0.009109553798125947,0.17507841459937268,1.0
2019-05-20,11828.25,11828.25,11845.2001953125,11591.7001953125,11651.900390625,452100,0.036915407876193296,0.013329435330307948,11374.3099609375,11514.35009765625,11471.18708984375,0.015054369073249436,0.09706381946129583,0.0
2019-05-21,11709.099609375,11709.099609375,11883.5498046875,11682.7998046875,11863.650390625,381000,-0.010073374389702572,0.036915407876193296,11471.719921875,11512.165087890626,11488.09908203125,0.01517304177461708,-0.15726609157266092,1.0
2019-05-22,11737.900390625,11737.900390625,11784.7998046875,11682.400390625,11727.9501953125,355900,0.0024596922232125173,-0.010073374389702572,11587.9,11519.33759765625,11503.1080859375,0.014361280742707608,-0.06587926509186348,0.0
2019-05-23,11657.0498046875,11657.0498046875,12041.150390625,11614.5,11901.2998046875,569000,-0.006887993870017373,0.0024596922232125173,11667.8900390625,11523.392578125,11515.18908203125,0.014490650294222347,0.5987636976678843,1.0
2019-05-24,11844.099609375,11844.099609375,11859.0,11658.099609375,11748.0,374600,0.016046067214389392,-0.006887993870017373,11755.2798828125,11529.2900390625,11530.9070703125,0.014888908830285996,-0.3416520210896309,1.0
2019-05-27,11924.75,11924.75,11957.150390625,11812.400390625,11855.5,348400,0.006809330661248669,0.016046067214389392,11774.5798828125,11543.437548828126,11548.6940625,0.013700681473259447,-0.06994127068873468,1.0
2019-05-28,11928.75,11928.75,11958.5498046875,11864.900390625,11958.349609375,598300,0.0003354368016101894,0.006809330661248669,11818.5099609375,11552.142529296874,11563.90806640625,0.013855137882992299,0.7172789896670493,0.0
2019-05-29,11861.099609375,11861.099609375,11931.900390625,11836.7998046875,11905.7998046875,318100,-0.005671205333752538,0.0003354368016101894,11843.1498046875,11557.789990234374,11575.1060546875,0.013843114016279596,-0.46832692629115824,1.0
2019-05-30,11945.900390625,11945.900390625,11968.5498046875,11859.400390625,11865.2998046875,421200,0.007149487319284775,-0.005671205333752538,11900.919921875,11568.847509765625,11587.19005859375,0.01381487809854871,0.3241119144922979,0.0
2019-05-31,11922.7998046875,11922.7998046875,12039.25,11829.4501953125,11999.7998046875,438900,-0.0019337668306382838,0.007149487319284775,11916.6599609375,11579.375,11598.7810546875,0.01376325125525898,0.04202279202279202,1.0
2019-06-03,12088.5498046875,12088.5498046875,12103.0498046875,11920.099609375,11953.75,315300,0.013901936014629301,-0.0019337668306382838,11949.419921875,11603.889990234375,11612.01505859375,0.00875725532687889,-0.28161312371838687,0.0
2019-06-04,12021.650390625,12021.650390625,12095.2001953125,12005.849609375,12052.650390625,289200,-0.005534114111566901,0.013901936014629301,11968.0,11630.077490234375,11623.2040625,0.008145911639112062,-0.08277830637488104,0.0
2019-06-06,11843.75,11843.75,12039.7998046875,11830.25,12039.7998046875,415200,-0.014798333410505293,-0.005534114111566901,11964.530078125,11654.29248046875,11629.4310546875,0.009845645666206798,0.43568464730290457,1.0
2019-06-07,11870.650390625,11870.650390625,11897.5,11769.5,11865.2001953125,302500,0.0022712730870713127,-0.014798333410505293,11949.480078125,11682.735009765625,11636.42306640625,0.009454601311138542,-0.2714354527938343,1.0
2019-06-10,11922.7001953125,11922.7001953125,11975.0498046875,11871.75,11934.900390625,303300,0.004384747505377318,0.0022712730870713127,11949.46015625,11714.925,11645.7390625,0.00813757313194277,0.0026446280991736515,1.0
2019-06-11,11965.599609375,11965.599609375,12000.349609375,11904.349609375,11959.849609375,332200,0.0035981290613484873,0.004384747505377318,11924.8701171875,11755.794970703126,11657.9660546875,0.007930042689051455,0.09528519617540399,0.0
2019-06-12,11906.2001953125,11906.2001953125,11962.4501953125,11866.349609375,11962.4501953125,283700,-0.004964181988503125,0.0035981290613484873,11901.780078125,11790.002490234376,11666.42505859375,0.008107730917166893,-0.14599638771824197,1.0
2019-06-13,11914.0498046875,11914.0498046875,11931.349609375,11817.0498046875,11873.900390625,447900,0.0006592875347493088,-0.004964181988503125,11915.8400390625,11827.85498046875,11675.80505859375,0.007873323535071879,0.5787804018329221,0.0
2019-06-14,11823.2998046875,11823.2998046875,11911.849609375,11797.7001953125,11910.099609375,390300,-0.007617057296864349,0.0006592875347493088,11906.369921875,11856.164990234374,11680.8710546875,0.007866840786557966,-0.12860013395847292,0.0
2019-06-17,11672.150390625,11672.150390625,11844.0498046875,11657.75,11844.0,295500,-0.012784029548381648,-0.007617057296864349,11856.2599609375,11869.414990234374,11680.9310546875,0.0087122751921823,-0.24289008455034589,1.0
2019-06-18,11691.5,11691.5,11727.2001953125,11641.150390625,11677.0498046875,365500,0.0016577587443133979,-0.012784029548381648,11801.4400390625,11862.577490234375,11680.49705078125,0.006883866648746606,0.2368866328257191,0.0
2019-06-19,11691.4501953125,11691.4501953125,11802.5,11625.099609375,11744.4501953125,446900,-4.259905700743083e-06,0.0016577587443133979,11758.4900390625,11861.69501953125,11681.44705078125,0.006907654501348458,0.22270861833105338,1.0
2019-06-20,11831.75,11831.75,11843.5,11635.0498046875,11653.650390625,442000,0.012000205478679637,-4.259905700743083e-06,11742.030078125,11866.3875,11686.12205078125,0.006916561236936823,-0.010964421570821226,0.0
2019-06-21,11724.099609375,11724.099609375,11827.9501953125,11705.099609375,11827.599609375,468400,-0.009098433505187353,0.012000205478679637,11722.1900390625,11869.739990234375,11687.2850390625,0.007404430110887887,0.05972850678733033,0.0
2019-06-24,11699.650390625,11699.650390625,11754.0,11670.2001953125,11725.7998046875,277600,-0.002085381356743965,-0.009098433505187353,11727.6900390625,11862.517529296874,11689.188046875,0.007138481979025366,-0.4073441502988898,1.0
2019-06-25,11796.4501953125,11796.4501953125,11814.400390625,11651.0,11681.0,300500,0.008273734808782462,-0.002085381356743965,11748.680078125,11856.1025390625,11691.678046875,0.007669362597723858,0.08249279538904908,1.0
2019-06-26,11847.5498046875,11847.5498046875,11871.849609375,11757.5498046875,11768.150390625,327900,0.004331778503613437,0.008273734808782462,11779.9,11852.042529296876,11696.943046875,0.007751777730266855,0.09118136439267888,0.0
2019-06-27,11841.5498046875,11841.5498046875,11911.150390625,11821.0498046875,11860.849609375,480200,-0.0005064338279993086,0.004331778503613437,11781.8599609375,11851.0650390625,11701.8400390625,0.007741723198407691,0.4644708752668496,0.0
2019-06-28,11788.849609375,11788.849609375,11871.7001953125,11775.5,11861.150390625,303900,-0.004450447465215945,-0.0005064338279993086,11794.8099609375,11843.2125,11704.74802734375,0.007482470552349435,-0.36713869221157847,1.0
2019-07-01,11865.599609375,11865.599609375,11884.650390625,11830.7998046875,11839.900390625,278400,0.006510389269786421,-0.004450447465215945,11827.9998046875,11840.352490234374,11708.25302734375,0.0062884238718292785,-0.08390918065153008,1.0
2019-07-02,11910.2998046875,11910.2998046875,11917.4501953125,11814.7001953125,11890.2998046875,363200,0.003767209141051886,0.006510389269786421,11850.7697265625,11831.439990234376,11710.716015625,0.0063235154007630565,0.3045977011494252,1.0
2019-07-03,11916.75,11916.75,11945.2001953125,11887.0498046875,11932.150390625,340500,0.0005415644793391738,0.003767209141051886,11864.609765625,11826.194970703125,11713.99501953125,0.006307839336328928,-0.0625,1.0
2019-07-04,11946.75,11946.75,11969.25,11923.650390625,11928.7998046875,333600,0.0025174649128327786,0.0005415644793391738,11885.6498046875,11831.344970703125,11721.041015625,0.005249480193344947,-0.02026431718061672,0.0
2019-07-05,11811.150390625,11811.150390625,11981.75,11797.900390625,11964.75,530700,-0.011350334557515662,0.0025174649128327786,11890.1099609375,11828.369970703125,11725.74501953125,0.005753928648528645,0.5908273381294964,0.0
2019-07-08,11558.599609375,11558.599609375,11771.900390625,11523.2998046875,11770.400390625,464000,-0.02138240331360608,-0.011350334557515662,11828.7099609375,11810.16494140625,11722.39400390625,0.009084338460379992,-0.12568306010928965,0.0
2019-07-09,11555.900390625,11555.900390625,11582.5498046875,11461.0,11531.599609375,442500,-0.00023352472109261502,-0.02138240331360608,11757.830078125,11789.67998046875,11720.676015625,0.008479397109637354,-0.04633620689655171,0.0
2019-07-10,11498.900390625,11498.900390625,11593.7001953125,11475.650390625,11536.150390625,337600,-0.004932545113165099,-0.00023352472109261502,11674.26015625,11769.314990234376,11715.561015625,0.00820944724372233,-0.23706214689265537,1.0
2019-07-11,11582.900390625,11582.900390625,11599.0,11519.5,11561.4501953125,317300,0.007305046321514741,-0.004932545113165099,11601.490234375,11752.75751953125,11712.256015625,0.008817142601295187,-0.06013033175355453,0.0
2019-07-12,11552.5,11552.5,11639.5498046875,11538.599609375,11601.150390625,359400,-0.0026245922523520093,0.007305046321514741,11549.76015625,11739.217529296875,11708.811015625,0.008783530295015664,0.1326820044122281,1.0
2019-07-15,11588.349609375,11588.349609375,11618.400390625,11532.2998046875,11614.75,368800,0.0031031905972733753,-0.0026245922523520093,11555.71015625,11735.027490234375,11706.3330078125,0.008478005302463192,0.026154702281580455,1.0
2019-07-16,11662.599609375,11662.599609375,11670.0498046875,11573.9501953125,11596.650390625,480200,0.006407297199588324,0.0031031905972733753,11577.05,11733.582470703124,11707.62,0.008726401279831682,0.30206073752711493,1.0
2019-07-17,11687.5,11687.5,11706.650390625,11651.150390625,11670.75,464800,0.0021350634900458854,0.006407297199588324,11614.769921875,11733.3849609375,11711.4119921875,0.008793575772950079,-0.03206997084548102,0.0
2019-07-18,11596.900390625,11596.900390625,11677.150390625,11582.400390625,11675.599609375,498300,-0.007751838235294128,0.0021350634900458854,11617.569921875,11721.64248046875,11716.16099609375,0.008819254656404025,0.07207401032702232,0.0
2019-07-19,11419.25,11419.25,11640.349609375,11399.2998046875,11627.9501953125,446000,-0.01531878214359883,-0.007751838235294128,11590.919921875,11706.4,11718.51,0.009315451611844525,-0.10495685330122417,0.0
2019-07-22,11346.2001953125,11346.2001953125,11398.150390625,11301.25,11392.849609375,516000,-0.006397075524881224,-0.01531878214359883,11542.4900390625,11688.727490234374,11719.85599609375,0.0070082468514097405,0.15695067264573992,0.0
2019-07-23,11331.0498046875,11331.0498046875,11398.150390625,11302.7998046875,11372.25,458900,-0.0013352832106081625,-0.006397075524881224,11476.180078125,11665.457470703124,11723.51298828125,0.006988980449949057,-0.11065891472868217,0.0
2019-07-24,11271.2998046875,11271.2998046875,11359.75,11229.7998046875,11322.4501953125,413200,-0.005273121293252303,-0.0013352832106081625,11392.9400390625,11636.644970703124,11724.49798828125,0.007005987544597621,-0.09958596644149054,0.0
2019-07-25,11252.150390625,11252.150390625,11361.400390625,11239.349609375,11290.400390625,553700,-0.0016989534831232112,-0.005273121293252303,11323.9900390625,11607.175,11726.40099609375,0.006214716609329542,0.3400290416263312,1.0
2019-07-26,11284.2998046875,11284.2998046875,11307.599609375,11210.0498046875,11247.4501953125,522700,0.0028571795564771296,-0.0016989534831232112,11297.0,11581.947509765625,11726.945,0.0064755867038623635,-0.055986996568538894,0.0
2019-07-29,11189.2001953125,11189.2001953125,11310.9501953125,11152.400390625,11307.5,482900,-0.008427603929443195,0.0028571795564771296,11265.6,11548.1275390625,11722.58599609375,0.006427615137965679,-0.07614310311842354,0.0
2019-07-30,11085.400390625,11085.400390625,11267.4501953125,11072.650390625,11213.7001953125,479100,-0.009276785013729971,-0.008427603929443195,11216.4701171875,11506.882568359375,11707.72900390625,0.005608162454985578,-0.007869124042244824,1.0
2019-07-31,11118.0,11118.0,11145.2998046875,10999.400390625,11034.0498046875,536700,0.00294076968140633,-0.009276785013729971,11185.81015625,11466.945068359375,11695.90701171875,0.00572735792248334,0.12022542266750147,0.0
2019-08-01,10980.0,10980.0,11076.75,10881.0,11060.2001953125,499900,-0.012412304371289817,0.00294076968140633,11131.380078125,11418.607568359375,11680.74900390625,0.00615285105162167,-0.06856716974100985,1.0
2019-08-02,10997.349609375,10997.349609375,11080.150390625,10848.9501953125,10930.2998046875,547400,0.0015801101434427256,-0.012412304371289817,11073.9900390625,11377.917529296876,11667.555,0.00541249967981679,0.09501900380076012,0.0
2019-08-05,10862.599609375,10862.599609375,10895.7998046875,10782.599609375,10895.7998046875,506600,-0.012252952282714391,0.0015801101434427256,11008.669921875,11343.117529296875,11647.925,0.006014677533507022,-0.07453416149068326,1.0
2019-08-06,10948.25,10948.25,11018.5498046875,10813.7998046875,10815.400390625,517900,0.007884888857643269,-0.012252952282714391,10981.23984375,11312.735009765625,11628.395,0.007128340849668366,0.022305566521910736,0.0
2019-08-07,10855.5,10855.5,10975.650390625,10835.900390625,10958.099609375,548500,-0.00847167355513434,0.007884888857643269,10928.73984375,11280.564990234376,11606.93,0.00729123532954329,0.05908476539872565,1.0
2019-08-08,11032.4501953125,11032.4501953125,11058.0498046875,10842.9501953125,10899.2001953125,482500,0.016300510829763803,-0.00847167355513434,10939.2298828125,11253.04248046875,11590.35701171875,0.009678587629551592,-0.12032816773017319,1.0
2019-08-09,11109.650390625,11109.650390625,11181.4501953125,11062.7998046875,11087.900390625,538100,0.006997556657477588,0.016300510829763803,10961.6900390625,11230.9,11573.63201171875,0.009989589584041196,0.11523316062176159,0.0
2019-08-13,10925.849609375,10925.849609375,11145.900390625,10901.599609375,11139.400390625,624600,-0.01654424529912324,0.006997556657477588,10974.3400390625,11197.775,11553.6930078125,0.010901852820150496,0.16075078981601942,1.0
2019-08-14,11029.400390625,11029.400390625,11078.150390625,10935.599609375,11003.25,511500,0.009477595331455646,-0.01654424529912324,10990.5701171875,11166.1150390625,11532.51001953125,0.011182676521258645,-0.18107588856868395,1.0
2019-08-16,11047.7998046875,11047.7998046875,11068.650390625,10924.2998046875,11043.650390625,470900,0.0016682152620135504,0.009477595331455646,11029.030078125,11134.130029296875,11513.0330078125,0.011146987286825389,-0.07937438905180838,1.0
2019-08-19,11053.900390625,11053.900390625,11146.900390625,11037.849609375,11094.7998046875,369500,0.0005521991749806165,0.0016682152620135504,11033.3201171875,11106.980029296876,11497.236015625,0.010342451438077986,-0.21533234232321086,0.0
2019-08-20,11017.0,11017.0,11076.2998046875,10985.2998046875,11063.900390625,444700,-0.0033382235519596737,0.0005521991749806165,11014.7900390625,11086.867529296875,11480.1630078125,0.010413663228243962,0.20351826792963457,0.0
2019-08-21,10918.7001953125,10918.7001953125,11034.2001953125,10906.650390625,11018.150390625,557900,-0.008922556475220111,-0.0033382235519596737,11013.36015625,11065.492529296875,11460.0830078125,0.010015836787016407,0.25455363166179445,0.0
2019-08-22,10741.349609375,10741.349609375,10908.25,10718.2998046875,10905.2998046875,668200,-0.016242829527789215,-0.008922556475220111,10955.75,11036.00751953125,11435.5980078125,0.010920622054554022,0.19770568202186767,1.0
2019-08-23,10829.349609375,10829.349609375,10862.5498046875,10637.150390625,10699.599609375,667100,0.008192639025843995,-0.016242829527789215,10912.0599609375,11013.910009765625,11414.06099609375,0.011068755528509912,-0.001646213708470512,1.0
2019-08-26,11057.849609375,11057.849609375,11070.2998046875,10756.5498046875,11000.2998046875,684100,0.021100066785376237,0.008192639025843995,10912.8498046875,11004.194970703125,11396.9369921875,0.0119333488816002,0.025483435766751716,1.0
2019-08-27,11105.349609375,11105.349609375,11141.75,11049.5,11106.5498046875,685600,0.004295591066795668,0.021100066785376237,10930.5197265625,10995.2474609375,11382.57798828125,0.011794483469078779,0.0021926618915362184,0.0
2019-08-28,11046.099609375,11046.099609375,11129.650390625,10987.650390625,11101.2998046875,550000,-0.005335266523260329,0.004295591066795668,10955.999609375,10988.092431640625,11370.05697265625,0.010507367247911154,-0.19778296382730454,0.0
2019-08-29,10948.2998046875,10948.2998046875,11021.099609375,10922.400390625,10996.0498046875,649900,-0.0088537862364102,-0.005335266523260329,10997.3896484375,10981.23740234375,11355.19296875,0.01049112378431527,0.1816363636363636,1.0
2019-08-30,11023.25,11023.25,11042.599609375,10874.7998046875,10987.7998046875,628200,0.006845829640179435,-0.0088537862364102,11036.1697265625,10976.49990234375,11341.82896484375,0.010745041571153385,-0.033389752269579964,0.0
2019-09-03,10797.900390625,10797.900390625,10967.5,10772.7001953125,10960.9501953125,483000,-0.02044311880570615,0.006845829640179435,10984.1798828125,10967.394921875,11321.15197265625,0.012496551053820758,-0.23113658070678123,1.0
2019-09-04,10844.650390625,10844.650390625,10858.75,10746.349609375,10790.400390625,508800,0.004329545403159107,-0.02044311880570615,10932.0400390625,10959.7599609375,11303.56298828125,0.012657935857198781,0.05341614906832293,1.0
2019-09-05,10847.900390625,10847.900390625,10920.099609375,10816.0,10860.9501953125,595700,0.000299686931614751,0.004329545403159107,10892.4001953125,10959.025,11286.52798828125,0.012390462787967715,0.17079402515723263,1.0
2019-09-06,10946.2001953125,10946.2001953125,10957.0498046875,10867.4501953125,10883.7998046875,497200,0.009061643373168504,0.000299686931614751,10891.9802734375,10958.922509765625,11269.52298828125,0.01137920352753544,-0.1653516870908175,1.0
2019-09-09,11003.0498046875,11003.0498046875,11028.849609375,10889.7998046875,10936.7001953125,412500,0.005193547382711383,0.009061643373168504,10887.940234375,10966.3,11252.63298828125,0.011234978902898195,-0.17035398230088494,1.0
2019-09-11,11035.7001953125,11035.7001953125,11054.7998046875,11011.650390625,11028.5,687100,0.0029673946046386845,0.005193547382711383,10935.5001953125,10966.4625,11236.51599609375,0.008984870637888134,0.6656969696969697,0.0
2019-09-12,10982.7998046875,10982.7998046875,11081.75,10964.9501953125,11058.2998046875,551400,-0.00479356902496042,0.0029673946046386845,10963.130078125,10960.119970703125,11220.395,0.008943257649716967,-0.19749672536748653,1.0
2019-09-13,11075.900390625,11075.900390625,11084.4501953125,10945.75,10986.7998046875,624300,0.008476944640087414,-0.00479356902496042,11008.730078125,10967.622509765624,11204.601015625,0.009272349925216968,0.13220892274211105,0.0
2019-09-16,11003.5,11003.5,11052.7001953125,10968.2001953125,10994.849609375,434500,-0.006536749886833726,0.008476944640087414,11020.1900390625,10966.327490234375,11186.46501953125,0.009044100337171443,-0.30402050296331895,0.0
2019-09-17,10817.599609375,10817.599609375,11000.099609375,10796.5,11000.099609375,482000,-0.01689465993774708,-0.006536749886833726,10983.1,10954.81748046875,11164.48201171875,0.010241582092754458,0.10932105868814723,1.0
2019-09-18,10840.650390625,10840.650390625,10885.150390625,10804.849609375,10872.7998046875,519200,0.002130859163064436,-0.01689465993774708,10944.0900390625,10944.15498046875,11142.36001953125,0.007905479044402064,0.07717842323651447,0.0
2019-09-19,10704.7998046875,10704.7998046875,10845.2001953125,10670.25,10845.2001953125,642600,-0.012531589991591652,0.002130859163064436,10888.4900390625,10928.544970703126,11120.2330078125,0.00873445007200391,0.23767334360554693,1.0
2019-09-20,11274.2001953125,11274.2001953125,11381.900390625,10691.0,10746.7998046875,1356800,0.05319112930777714,-0.012531589991591652,10928.15,10946.319970703125,11114.54501953125,0.019349528281231407,1.1114223467164646,1.0
2019-09-23,11600.2001953125,11600.2001953125,11694.849609375,11471.349609375,11542.7001953125,882800,0.028915576657539077,0.05319112930777714,11047.4900390625,10989.2625,11115.431015625,0.020881501658840187,-0.34935141509433965,0.0
2019-09-24,11588.2001953125,11588.2001953125,11655.0498046875,11539.2001953125,11590.7001953125,651700,-0.0010344649056013289,0.028915576657539077,11201.61015625,11027.205029296874,11117.21701171875,0.021001154998877468,-0.2617806977797916,0.0
2019-09-25,11440.2001953125,11440.2001953125,11564.9501953125,11416.099609375,11564.849609375,629100,-0.012771612287114875,-0.0010344649056013289,11321.5201171875,11046.32255859375,11114.3630078125,0.021778203615080066,-0.03467853306736224,1.0
2019-09-26,11571.2001953125,11571.2001953125,11610.849609375,11466.349609375,11469.849609375,844500,0.01145084856589107,-0.012771612287114875,11494.8001953125,11069.615087890625,11114.73701171875,0.021670296956431728,0.3423938960419648,0.0
2019-09-27,11512.400390625,11512.400390625,11593.599609375,11499.75,11556.349609375,650000,-0.005081564893442914,0.01145084856589107,11542.440234375,11092.930126953124,11113.21802734375,0.02188226787115664,-0.23031379514505623,0.0
2019-09-30,11474.4501953125,11474.4501953125,11508.25,11390.7998046875,11491.150390625,756800,-0.003296462425282254,-0.005081564893442914,11517.290234375,11119.237646484375,11109.4550390625,0.02173099481243167,0.16430769230769227,0.0
2019-10-01,11359.900390625,11359.900390625,11554.2001953125,11247.900390625,11515.400390625,1305400,-0.009983032105041145,-0.003296462425282254,11471.6302734375,11136.070166015625,11102.903046875,0.02107829143212976,0.724894291754757,0.0
2019-10-03,11314.0,11314.0,11370.400390625,11257.349609375,11322.25,1017500,-0.004040562773145462,-0.009983032105041145,11446.390234375,11161.875146484375,11097.2450390625,0.02126437303159244,-0.22054542668913746,0.0
2019-10-04,11174.75,11174.75,11400.2998046875,11158.349609375,11388.4501953125,928500,-0.012307760296977222,-0.004040562773145462,11367.1001953125,11178.380126953125,11092.3550390625,0.02124458340889476,-0.0874692874692875,0.0
2019-10-07,11126.400390625,11126.400390625,11233.849609375,11112.650390625,11196.2001953125,733200,-0.0043266837625002275,-0.012307760296977222,11289.9001953125,11192.305126953124,11087.95904296875,0.012643529524691721,-0.21033925686591282,1.0
2019-10-09,11313.2998046875,11313.2998046875,11321.599609375,11090.150390625,11152.9501953125,741100,0.01679783285706482,-0.0043266837625002275,11257.6701171875,11210.660107421874,11087.60404296875,0.009660151148536317,0.010774686306601167,0.0
2019-10-10,11234.5498046875,11234.5498046875,11293.349609375,11208.5498046875,11280.5,562000,-0.006960833829169011,0.01679783285706482,11232.6,11222.235107421875,11086.86904296875,0.009744443437688105,-0.2416677911213062,1.0
2019-10-11,11305.0498046875,11305.0498046875,11362.900390625,11189.400390625,11257.7001953125,737800,0.006275284833450412,-0.006960833829169011,11230.8099609375,11235.702587890624,11087.92703125,0.009491726851295266,0.3128113879003558,1.0
2019-10-14,11341.150390625,11341.150390625,11420.4501953125,11290.0498046875,11335.900390625,587600,0.003193315072573366,0.006275284833450412,11264.0900390625,11253.6201171875,11089.06404296875,0.008590336449488242,-0.20357820547573868,1.0
2019-10-15,11428.2998046875,11428.2998046875,11462.349609375,11342.099609375,11360.849609375,527400,0.007684353972992053,0.003193315072573366,11324.469921875,11271.240087890625,11093.84603515625,0.009015114207764168,-0.10245064669843429,1.0
2019-10-16,11464.0,11464.0,11481.0498046875,11411.099609375,11464.9501953125,533500,0.003123841334461419,0.007684353972992053,11354.6099609375,11294.265087890624,11101.41802734375,0.009037964071770783,0.011566173682214576,1.0
2019-10-17,11586.349609375,11586.349609375,11599.099609375,11439.650390625,11466.2998046875,797600,0.010672506051552677,0.003123841334461419,11424.969921875,11332.702587890624,11110.78501953125,0.008875608362485634,0.49503280224929713,1.0
2019-10-18,11661.849609375,11661.849609375,11684.7001953125,11553.150390625,11580.2998046875,853400,0.006516288783389612,0.010672506051552677,11496.3298828125,11373.762548828125,11124.42201171875,0.008701957549949364,0.0699598796389167,0.0
2019-10-22,11588.349609375,11588.349609375,11714.349609375,11573.650390625,11657.150390625,867600,-0.006302602285396697,0.006516288783389612,11545.7697265625,11417.9400390625,11136.24201171875,0.007668976573949565,0.016639325052730358,1.0
2019-10-23,11604.099609375,11604.099609375,11651.599609375,11554.400390625,11596.2001953125,664200,0.001359123648397631,-0.006302602285396697,11580.9296875,11434.435009765624,11151.07201171875,0.007207322909663449,-0.23443983402489632,0.0
2019-10-24,11582.599609375,11582.599609375,11679.599609375,11534.650390625,11661.650390625,700500,-0.0018527934715960592,0.001359123648397631,11604.649609375,11433.55498046875,11163.75900390625,0.005887797065026748,0.05465221318879854,1.0
2019-10-25,11583.900390625,11583.900390625,11646.900390625,11490.75,11646.150390625,812000,0.00011230477560042473,-0.0018527934715960592,11604.159765625,11433.339990234375,11178.32701171875,0.005000146502951481,0.1591720199857245,1.0
2019-10-29,11786.849609375,11786.849609375,11809.400390625,11627.349609375,11643.9501953125,951700,0.017519938181983052,0.00011230477560042473,11629.159765625,11450.6724609375,11193.415,0.006755345713149085,0.17204433497536953,1.0
2019-10-30,11844.099609375,11844.099609375,11883.9501953125,11784.4501953125,11883.900390625,725200,0.004857107869982835,0.017519938181983052,11680.309765625,11464.317431640626,11208.103984375,0.00674821024267981,-0.23799516654407904,1.0
2019-10-31,11877.4501953125,11877.4501953125,11945.0,11855.099609375,11890.4501953125,1414800,0.0028157974888274317,0.004857107869982835,11734.9798828125,11482.569921875,11227.13599609375,0.006657457991825557,0.9509100937672366,1.0
2019-11-01,11890.599609375,11890.599609375,11918.2998046875,11843.349609375,11886.599609375,855300,0.0011070906504571099,0.0028157974888274317,11796.5798828125,11503.377392578124,11244.35998046875,0.006713294614566891,-0.3954622561492791,1.0
2019-11-04,11941.2998046875,11941.2998046875,11989.150390625,11905.349609375,11928.900390625,823100,0.004263888868356602,0.0011070906504571099,11868.059765625,11532.44736328125,11262.22998046875,0.0062624078819664515,-0.03764760902607267,0.0
2019-11-05,11917.2001953125,11917.2001953125,11978.9501953125,11861.900390625,11974.599609375,632000,-0.002018173043904281,0.004263888868356602,11894.1298828125,11562.607373046874,11279.4959765625,0.006317260467982435,-0.23217106062446846,1.0
2019-11-06,11966.0498046875,11966.0498046875,12002.900390625,11850.25,11911.5,603400,0.004099084396871566,-0.002018173043904281,11918.519921875,11602.17236328125,11298.47697265625,0.005577240779390266,-0.045253164556962044,1.0
2019-11-07,12012.0498046875,12012.0498046875,12021.400390625,11946.849609375,12021.099609375,563000,0.003844209304726398,0.004099084396871566,11945.43984375,11646.454833984375,11320.34396484375,0.005540038589214559,-0.06695392774279085,0.0
2019-11-08,11908.150390625,11908.150390625,12034.150390625,11888.75,11987.150390625,789300,-0.008649599006986697,0.003844209304726398,11948.95,11676.19736328125,11343.67998046875,0.006584721450293334,0.40195381882770875,1.0
2019-11-11,11913.4501953125,11913.4501953125,11932.650390625,11853.9501953125,11879.2001953125,549000,0.0004450569159482054,-0.008649599006986697,11943.380078125,11710.1423828125,11365.3619921875,0.006570482866241521,-0.3044469783352337,0.0
2019-11-13,11840.4501953125,11840.4501953125,11946.7998046875,11823.2001953125,11908.2998046875,659000,-0.006127528029514329,0.0004450569159482054,11928.030078125,11736.91240234375,11381.01400390625,0.004678439818805187,0.20036429872495454,1.0
2019-11-14,11872.099609375,11872.099609375,11895.650390625,11802.650390625,11858.75,559500,0.002672990768123773,-0.006127528029514329,11909.2400390625,11763.45986328125,11396.34900390625,0.00449804970411153,-0.15098634294385438,1.0
2019-11-15,11895.4501953125,11895.4501953125,11973.650390625,11879.25,11904.2001953125,580200,0.001966845520657623,0.002672990768123773,11885.9201171875,11786.8173828125,11413.336015625,0.004451918676411072,0.03699731903485248,0.0
2019-11-18,11884.5,11884.5,11946.2001953125,11867.599609375,11915.150390625,514400,-0.0009205364347466549,0.001966845520657623,11881.1900390625,11807.8423828125,11432.06001953125,0.0044501839929556395,-0.11340916925198208,1.0
2019-11-19,11940.099609375,11940.099609375,11958.849609375,11881.75,11919.4501953125,613900,0.004678329704657314,-0.0009205364347466549,11886.519921875,11825.5298828125,11450.39701171875,0.004496433244678693,0.19342923794712297,1.0
2019-11-20,11999.099609375,11999.099609375,12038.599609375,11966.0498046875,12004.75,646700,0.004941332311304558,0.004678329704657314,11918.2498046875,11842.3923828125,11474.42099609375,0.004684186764422764,0.053428897214530036,0.0
2019-11-21,11968.400390625,11968.400390625,12028.2001953125,11956.900390625,12025.650390625,557700,-0.002558460196964596,0.004941332311304558,11937.5099609375,11861.394921875,11496.89599609375,0.004619278688231811,-0.1376217720736045,0.0
2019-11-22,11914.400390625,11914.400390625,11968.099609375,11883.5,11967.2998046875,486800,-0.004511881140131235,-0.002558460196964596,11941.3,11876.9099609375,11518.22599609375,0.004608270205498544,-0.12712928097543486,1.0
2019-11-25,12073.75,12073.75,12084.5,11919.75,11922.4501953125,534300,0.013374538722098483,-0.004511881140131235,11979.15,11901.46748046875,11540.7769921875,0.00559960268646349,0.0975760065735416,0.0
2019-11-26,12037.7001953125,12037.7001953125,12132.4501953125,12006.349609375,12110.2001953125,1201300,-0.0029858001604721185,0.013374538722098483,11998.6701171875,11924.157470703125,11561.47,0.0057669482230740116,1.2483623432528543,1.0
2019-11-27,12100.7001953125,12100.7001953125,12114.900390625,12055.150390625,12068.5,584200,0.005233557820665036,-0.0029858001604721185,12018.990234375,11939.85,11582.77,0.005294958439300697,-0.5136934987097311,1.0
2019-11-28,12151.150390625,12151.150390625,12158.7998046875,12099.9501953125,12132.099609375,620500,0.004169196368656758,0.005233557820665036,12055.540234375,11955.2025390625,11606.13701171875,0.005331166819973442,0.062136254707292116,0.0
2019-11-29,12056.0498046875,12056.0498046875,12147.400390625,12017.400390625,12146.2001953125,804400,-0.007826467690735917,0.004169196368656758,12083.8701171875,11964.13251953125,11625.74,0.006230692461871264,0.2963738920225625,0.0
2019-12-02,12048.2001953125,12048.2001953125,12137.150390625,12023.7001953125,12137.0498046875,720900,-0.0006510929783939412,-0.007826467690735917,12078.76015625,11972.012548828125,11646.63400390625,0.006220311524515502,-0.10380407757334664,0.0
2019-12-03,11994.2001953125,11994.2001953125,12068.599609375,11956.400390625,12067.650390625,605800,-0.004481997238144242,-0.0006510929783939412,12070.06015625,11974.657568359375,11670.166015625,0.006354694119408881,-0.15966153419336937,1.0
2019-12-04,12043.2001953125,12043.2001953125,12054.7001953125,11935.2998046875,11969.9501953125,747200,0.004085307832292884,-0.004481997238144242,12058.56015625,11980.957568359376,11694.21701171875,0.006293242384307945,0.23341036645757685,0.0
2019-12-05,12018.400390625,12018.400390625,12081.2001953125,11998.75,12071.25,562200,-0.00205923710353606,0.004085307832292884,12032.01015625,11983.57509765625,11720.4890234375,0.006269235479448429,-0.2475910064239829,0.0
2019-12-06,11921.5,11921.5,12057.0498046875,11888.849609375,12047.349609375,609200,-0.008062669529681155,-0.00205923710353606,12005.1001953125,11979.047607421875,11733.43501953125,0.00666837489622276,0.08360014229811452,1.0
2019-12-09,11937.5,11937.5,11981.9501953125,11888.0498046875,11939.099609375,599100,0.001342112989137334,-0.008062669529681155,11982.96015625,11980.515087890624,11740.181015625,0.004836941555792469,-0.01657912015758367,0.0
2019-12-10,11856.7998046875,11856.7998046875,11953.2001953125,11844.7001953125,11950.5,650200,-0.006760225785340301,0.001342112989137334,11955.480078125,11977.682568359374,11745.5530078125,0.0051363880722954626,0.08529460857953608,1.0
2019-12-11,11910.150390625,11910.150390625,11923.2001953125,11832.2998046875,11867.349609375,997700,0.0044995771891509495,-0.006760225785340301,11928.8701171875,11981.167578125,11754.95201171875,0.005033674428033246,0.5344509381728699,1.0
2019-12-12,11971.7998046875,11971.7998046875,12005.5,11934.0,11944.2998046875,752600,0.005176207859728388,0.0044995771891509495,11919.55,11986.152587890625,11762.96400390625,0.005169586331284899,-0.2456650295680064,1.0
2019-12-13,12086.7001953125,12086.7001953125,12098.849609375,12023.599609375,12026.400390625,597700,0.009597587037832866,0.005176207859728388,11952.5900390625,11995.715087890625,11774.45,0.005699734395366669,-0.2058198246080255,0.0
2019-12-16,12053.9501953125,12053.9501953125,12134.650390625,12046.2998046875,12131.349609375,437700,-0.0027095898360001147,0.009597587037832866,11975.880078125,12004.18759765625,11786.04,0.005773335366384224,-0.2676928224861971,1.0
2019-12-17,12165.0,12165.0,12182.75,12070.349609375,12082.4501953125,499600,0.009212731336046609,-0.0027095898360001147,12037.5201171875,12015.4326171875,11802.1419921875,0.006185077486139456,0.1414210646561571,1.0
2019-12-18,12221.650390625,12221.650390625,12237.7001953125,12163.4501953125,12197.0,518900,0.004656834412248179,0.009212731336046609,12099.8201171875,12026.56015625,11820.295,0.006214886214023213,0.03863090472377895,1.0
2019-12-19,12259.7001953125,12259.7001953125,12268.349609375,12191.150390625,12223.400390625,623100,0.003113311498149862,0.004656834412248179,12157.4001953125,12041.125146484375,11841.99400390625,0.00610093551877398,0.20080940450953944,1.0
2019-12-20,12271.7998046875,12271.7998046875,12293.900390625,12252.75,12266.4501953125,810700,0.000986941701855537,0.003113311498149862,12194.4201171875,12058.9951171875,11864.9019921875,0.005016117555640037,0.30107526881720426,0.0
2019-12-23,12262.75,12262.75,12287.150390625,12213.25,12235.4501953125,604800,-0.0007374472230261553,0.000986941701855537,12236.180078125,12068.4451171875,11883.89099609375,0.005130220964480705,-0.25397804366596766,0.0
2019-12-24,12214.5498046875,12214.5498046875,12283.7001953125,12202.099609375,12269.25,470300,-0.003930618769240168,-0.0007374472230261553,12246.0900390625,12077.28759765625,11903.49099609375,0.004600974987668215,-0.22238756613756616,0.0
2019-12-26,12126.5498046875,12126.5498046875,12221.5498046875,12118.849609375,12211.849609375,520300,-0.007204522590446127,-0.003930618769240168,12227.069921875,12078.580078125,11919.92099609375,0.0055616837383670285,0.106315118009781,1.0
2019-12-27,12245.7998046875,12245.7998046875,12258.4501953125,12157.900390625,12172.900390625,383800,0.009833794601157297,-0.007204522590446127,12224.28984375,12083.312548828126,11938.013984375,0.006048088025755909,-0.2623486450124928,1.0
2019-12-30,12255.849609375,12255.849609375,12286.4501953125,12213.7998046875,12274.900390625,411100,0.0008206736062803532,0.009833794601157297,12221.0998046875,12093.3025390625,11954.56498046875,0.005478511989984711,0.07113079729025529,0.0
2019-12-31,12168.4501953125,12168.4501953125,12247.099609375,12151.7998046875,12247.099609375,426900,-0.007131240742024536,0.0008206736062803532,12202.23984375,12099.3150390625,11968.653984375,0.006000947341429141,0.038433471174896594,1.0
2020-01-01,12182.5,12182.5,12222.2001953125,12165.2998046875,12202.150390625,304100,0.001154609211690083,-0.007131240742024536,12195.8298828125,12108.730029296876,11980.5769921875,0.005265952022345212,-0.2876551885687515,1.0
2020-01-02,12282.2001953125,12282.2001953125,12289.900390625,12195.25,12198.5498046875,407700,0.008183886337984836,0.001154609211690083,12226.9599609375,12120.680029296875,11992.98400390625,0.005701033510625683,0.3406774087471227,0.0
2020-01-03,12226.650390625,12226.650390625,12265.599609375,12191.349609375,12261.099609375,428800,-0.004522789386603554,0.008183886337984836,12223.130078125,12131.092529296875,12005.75001953125,0.005823521032682288,0.05175374049546244,0.0
2020-01-06,11993.0498046875,11993.0498046875,12179.099609375,11974.2001953125,12170.599609375,396500,-0.019105853072941215,-0.004522789386603554,12170.5701171875,12134.67001953125,12013.5290234375,0.008291052641603396,-0.07532649253731338,1.0
2020-01-07,12052.9501953125,12052.9501953125,12152.150390625,12005.349609375,12079.099609375,447800,0.004994592001242859,-0.019105853072941215,12147.4701171875,12140.442529296875,12022.93603515625,0.00860067560811229,0.1293820933165195,0.0
2020-01-08,12025.349609375,12025.349609375,12044.9501953125,11929.599609375,11939.099609375,446000,-0.0022899444111396106,0.004994592001242859,12116.0400390625,12148.87001953125,12031.76501953125,0.008568789740881561,-0.004019651630192023,1.0
2020-01-09,12215.900390625,12215.900390625,12224.0498046875,12132.5498046875,12153.150390625,477500,0.015845758122611686,-0.0022899444111396106,12102.780078125,12164.15751953125,12040.34603515625,0.009872799663430833,0.07062780269058289,1.0
2020-01-10,12256.7998046875,12256.7998046875,12311.2001953125,12213.2001953125,12271.0,660600,0.0033480474426501594,0.015845758122611686,12108.8099609375,12178.40751953125,12048.6000390625,0.009414205090286369,0.38345549738219886,1.0
2020-01-13,12329.5498046875,12329.5498046875,12337.75,12285.7998046875,12296.7001953125,501000,0.0059354808073293075,0.0033480474426501594,12176.1099609375,12190.55,12057.64203125,0.009593157759829402,-0.2415985467756585,1.0
2020-01-14,12362.2998046875,12362.2998046875,12374.25,12308.7001953125,12333.099609375,616300,0.0026562202609821117,0.0059354808073293075,12237.9798828125,12205.96748046875,12067.07603515625,0.009203423548519524,0.2301397205588822,0.0
2020-01-15,12343.2998046875,12343.2998046875,12355.150390625,12278.75,12349.400390625,684400,-0.0015369308543056182,0.0026562202609821117,12301.569921875,12214.882470703125,12075.11603515625,0.009257742910057092,0.1104981340256368,1.0
2020-01-16,12355.5,12355.5,12389.0498046875,12315.7998046875,12347.099609375,395700,0.000988406301843714,-0.0015369308543056182,12329.48984375,12221.574951171875,12083.88203125,0.008941884424238353,-0.42182933956750435,0.0
2020-01-17,12352.349609375,12352.349609375,12385.4501953125,12321.400390625,12328.400390625,502100,-0.000254978804985595,0.000988406301843714,12348.5998046875,12226.207421875,12091.60802734375,0.008768726731481427,0.2688905736669194,0.0
2020-01-20,12224.5498046875,12224.5498046875,12430.5,12216.900390625,12430.5,491600,-0.010346193941151438,-0.000254978804985595,12327.5998046875,12223.844921875,12095.85802734375,0.006731478495619093,-0.020912168890659277,0.0
2020-01-21,12169.849609375,12169.849609375,12230.0498046875,12162.2998046875,12195.2998046875,400,-0.004474618385662321,-0.010346193941151438,12289.109765625,12219.19990234375,12101.09201171875,0.00691658764337676,-0.9991863303498779,0.0
2020-01-22,12106.900390625,12106.900390625,12225.0498046875,12087.900390625,12218.349609375,500,-0.005172555189302153,-0.004474618385662321,12241.8298828125,12213.817431640626,12104.961015625,0.007125261720573302,0.25,1.0
2020-01-23,12180.349609375,12180.349609375,12189.0,12094.099609375,12123.75,867700,0.0060667236352978104,-0.005172555189302153,12206.7998046875,12216.507421875,12111.75900390625,0.005236058175337273,1734.4,1.0
2020-01-24,12248.25,12248.25,12272.150390625,12149.650390625,12174.5498046875,593200,0.005574584704263197,0.0060667236352978104,12185.9798828125,12216.629931640626,12119.28201171875,0.005450383864329602,-0.3163535784257232,0.0
2020-01-27,12119.0,12119.0,12216.599609375,12107.0,12197.099609375,441200,-0.010552527912150667,0.005574584704263197,12164.869921875,12209.787451171875,12123.7530078125,0.005910830338675886,-0.25623735670937287,0.0
2020-01-28,12055.7998046875,12055.7998046875,12163.5498046875,12024.5,12148.099609375,478500,-0.005214967844912932,-0.010552527912150667,12142.0599609375,12204.154931640625,12127.17900390625,0.005788325083066684,0.08454215775158658,1.0
2020-01-29,12129.5,12129.5,12169.599609375,12103.7998046875,12114.900390625,514400,0.006113256399948197,-0.005214967844912932,12146.5798828125,12201.504931640626,12130.96701171875,0.006401673295479292,0.07502612330198533,0.0
2020-01-30,12035.7998046875,12035.7998046875,12150.2998046875,12010.599609375,12147.75,538100,-0.0077249841553650445,0.006113256399948197,12117.669921875,12189.184912109375,12131.701015625,0.0065814372861477425,0.046073094867807196,0.0
2020-01-31,11962.099609375,11962.099609375,12103.5498046875,11945.849609375,12100.400390625,771300,-0.006123414854723341,-0.0077249841553650445,12060.43984375,12175.957373046875,12131.575,0.006610811423877685,0.4333766957814533,0.0
2020-02-03,11707.900390625,11707.900390625,11749.849609375,11614.5,11627.4501953125,669800,-0.021250384719316173,-0.006123414854723341,11978.219921875,12161.69990234375,12127.445,0.008540755192327587,-0.13159600674186434,1.0
2020-02-04,11979.650390625,11979.650390625,11986.150390625,11783.400390625,11786.25,560400,0.02321082268667074,-0.021250384719316173,11962.9900390625,12158.034912109375,12125.5630078125,0.012180731346617589,-0.16333233801134672,1.0
2020-02-05,12089.150390625,12089.150390625,12098.150390625,11953.349609375,12005.849609375,758000,0.009140500467834434,0.02321082268667074,11954.9201171875,12161.224951171875,12126.59201171875,0.012537891141671255,0.35260528194147045,1.0
2020-02-06,12137.9501953125,12137.9501953125,12160.599609375,12084.650390625,12120.0,565100,0.004036661230167438,0.009140500467834434,11975.3501953125,12157.32744140625,12127.33701171875,0.012443459160582527,-0.25448548812664906,0.0
2020-02-07,12098.349609375,12098.349609375,12154.7001953125,12073.9501953125,12151.150390625,473500,-0.0032625431230384194,0.004036661230167438,12002.6001953125,12149.404931640625,12126.28099609375,0.012294460692054546,-0.1620952043886038,0.0
2020-02-10,12031.5,12031.5,12103.5498046875,11990.75,12102.349609375,524700,-0.005525514763038308,-0.0032625431230384194,12067.3201171875,12134.50244140625,12125.79,0.011966261166115643,0.10813093980992616,1.0
2020-02-11,12107.900390625,12107.900390625,12172.2998046875,12099.0,12108.400390625,480000,0.006350030388978967,-0.005525514763038308,12092.9701171875,12121.782470703125,12126.98400390625,0.012035788519519027,-0.08519153802172674,1.0
2020-02-12,12201.2001953125,12201.2001953125,12231.75,12144.2998046875,12151.0,411700,0.0077056964194832656,0.006350030388978967,12115.380078125,12114.677490234375,12131.12400390625,0.012128538444946558,-0.1422916666666667,0.0
2020-02-13,12174.650390625,12174.650390625,12225.650390625,12139.7998046875,12219.5498046875,501200,-0.0021759994314084485,0.0077056964194832656,12122.7201171875,12105.635009765625,12133.7530078125,0.011825662676514739,0.21739130434782616,0.0
2020-02-14,12113.4501953125,12113.4501953125,12246.7001953125,12091.2001953125,12190.150390625,622800,-0.005026854435148831,-0.0021759994314084485,12125.740234375,12093.6900390625,12135.65400390625,0.01175497308975472,0.2426177174780526,0.0
2020-02-17,12045.7998046875,12045.7998046875,12159.599609375,12037.0,12131.7998046875,0,-0.00558473346026378,-0.005026854435148831,12128.6001953125,12084.7525390625,12138.14,0.009173141835901188,-1.0,0.0
2020-02-18,11992.5,11992.5,12030.75,11908.0498046875,12028.25,676900,-0.004424762618648104,-0.00558473346026378,12105.5201171875,12075.88505859375,12139.24,0.005975316237060312,inf,1.0
2020-02-19,12125.900390625,12125.900390625,12134.7001953125,12042.099609375,12090.599609375,513600,0.011123651500938081,-0.004424762618648104,12090.46015625,12076.83505859375,12144.62201171875,0.00633021311946807,-0.2412468606884326,0.0
2020-02-20,12080.849609375,12080.849609375,12152.0,12071.4501953125,12119.0,502600,-0.003715252459506435,0.011123651500938081,12071.7,12071.86005859375,12148.03599609375,0.006299286498380945,-0.02141744548286606,0.0
2020-02-24,11829.400390625,11829.400390625,12012.5498046875,11813.400390625,12012.5498046875,490800,-0.02081386879900149,-0.003715252459506435,12014.8900390625,12050.917578125,12145.1880078125,0.009024494965669547,-0.02347791484281736,0.0
2020-02-25,11797.900390625,11797.900390625,11883.0498046875,11779.900390625,11877.5,461000,-0.002662856861702312,-0.02081386879900149,11965.31015625,12034.86259765625,12139.41201171875,0.008952711877342865,-0.06071719641401796,0.0
2020-02-26,11678.5,11678.5,11783.25,11639.599609375,11738.5498046875,567600,-0.010120477938589723,-0.002662856861702312,11902.51015625,12015.997607421876,12131.9030078125,0.008774989293596134,0.23123644251626896,0.0
2020-02-27,11633.2998046875,11633.2998046875,11663.849609375,11536.7001953125,11661.25,608600,-0.003870376787472707,-0.010120477938589723,11803.9900390625,11991.18759765625,12121.26900390625,0.007835551450608104,0.07223396758280476,0.0
2020-02-28,11201.75,11201.75,11384.7998046875,11175.0498046875,11382.0,809900,-0.03709607866493836,-0.003870376787472707,11628.1701171875,11949.485107421875,12100.87099609375,0.012788278316078336,0.3307591192901742,0.0
2020-03-02,11132.75,11132.75,11433.0,11036.25,11387.349609375,680800,-0.006159751824491688,-0.03709607866493836,11488.8400390625,11908.017626953126,12078.3319921875,0.01276184660874057,-0.1594023953574515,1.0
2020-03-03,11303.2998046875,11303.2998046875,11342.25,11152.5498046875,11217.5498046875,696500,0.015319647408546855,-0.006159751824491688,11389.919921875,11887.78759765625,12058.9619921875,0.01480973795462195,0.023061104582843717,0.0
2020-03-04,11251.0,11251.0,11356.599609375,11082.150390625,11351.349609375,797700,-0.004626950146523701,0.015319647408546855,11304.419921875,11851.355078125,12038.7269921875,0.014807119105248517,0.1452979181622398,1.0
2020-03-05,11269.0,11269.0,11389.5,11244.599609375,11306.0498046875,1352500,0.0015998577904186018,-0.004626950146523701,11231.5599609375,11810.34755859375,12019.81599609375,0.013839276804367421,0.6954995612385608,0.0
2020-03-06,10989.4501953125,10989.4501953125,11035.099609375,10827.400390625,10942.650390625,1811000,-0.024806975302821943,0.0015998577904186018,11189.1,11752.92255859375,11997.07400390625,0.014819244034442628,0.3390018484288355,0.0
2020-03-09,10451.4501953125,10451.4501953125,10751.5498046875,10294.4501953125,10742.0498046875,1565500,-0.048956043335951605,-0.024806975302821943,11052.8400390625,11670.577587890624,11961.18701171875,0.019252664249488575,-0.13556046383213693,1.0
2020-03-11,10458.400390625,10458.400390625,10545.099609375,10334.0,10334.2998046875,1218500,0.0006649981756232659,-0.048956043335951605,10883.86015625,11591.922607421875,11925.23802734375,0.019462261753284187,-0.22165442350686682,0.0
2020-03-12,9590.150390625,9590.150390625,10040.75,9508.0,10039.9501953125,1343500,-0.08301938801064712,0.0006649981756232659,10551.690234375,11466.035107421874,11873.67203125,0.029713842029721438,0.10258514567090682,1.0
2020-03-13,9955.2001953125,9955.2001953125,10159.400390625,8555.150390625,9107.599609375,1388000,0.03806507612689369,-0.08301938801064712,10288.9302734375,11353.735107421875,11829.12603515625,0.034650392813923944,0.033122441384443535,0.0
2020-03-16,9197.400390625,9197.400390625,9602.2001953125,9165.099609375,9587.7998046875,897700,-0.07612100106679087,0.03806507612689369,9930.5203125,11204.872607421876,11767.4300390625,0.03931182503408535,-0.3532420749279539,0.0
2020-03-17,8967.0498046875,8967.0498046875,9403.7998046875,8915.599609375,9285.400390625,935600,-0.02504518409052825,-0.07612100106679087,9633.640234375,11047.552587890625,11702.23802734375,0.03908990164675665,0.042219004121644144,0.0
2020-03-18,8468.7998046875,8468.7998046875,9127.5498046875,8407.0498046875,9088.4501953125,1516600,-0.05556454027271507,-0.02504518409052825,9235.7201171875,10868.702587890624,11631.75302734375,0.03825193920681837,0.6209918768704574,0.0
2020-03-19,8263.4501953125,8263.4501953125,8575.4501953125,7832.5498046875,8063.2998046875,925700,-0.024247781753128472,-0.05556454027271507,8970.380078125,10682.25009765625,11555.96302734375,0.03742662895120622,-0.3896215218251352,1.0
2020-03-20,8745.4501953125,8745.4501953125,8883.0,8178.2001953125,8284.4501953125,1071500,0.058329146858465686,-0.024247781753128472,8728.430078125,10513.227587890626,11490.3650390625,0.04601846395682691,0.1575024305930648,0.0
2020-03-23,7610.25,7610.25,8159.25,7583.60009765625,7945.7001953125,653500,-0.12980466070471242,0.058329146858465686,8411.0,10289.697607421875,11398.25203125,0.056897646531059234,-0.39010732617825483,1.0
2020-03-24,7801.0498046875,7801.0498046875,8036.9501953125,7511.10009765625,7848.2998046875,738400,0.02507142402516349,-0.12980466070471242,8177.8,10088.280078125,11309.13703125,0.059570877526529245,0.12991583779648042,1.0
2020-03-25,8317.849609375,8317.849609375,8376.75,7714.75,7735.14990234375,736900,0.06624746894667499,0.02507142402516349,8147.6099609375,9914.2775390625,11228.90302734375,0.06621494204002285,-0.002031419284940439,1.0
2020-03-26,8641.4501953125,8641.4501953125,8749.0498046875,8304.900390625,8451.0,865600,0.038904356430389475,0.06624746894667499,8223.2099609375,9762.425048828125,11154.48603515625,0.06465291641054548,0.17465056317003658,1.0
2020-03-27,8660.25,8660.25,9038.900390625,8522.900390625,8949.099609375,801500,0.0021755381634551707,0.038904356430389475,8206.169921875,9613.77255859375,11080.8250390625,0.06275422949088948,-0.07405268022181144,0.0
2020-03-30,8281.099609375,8281.099609375,8576.0,8244.0,8385.9501953125,593300,-0.04378053643081892,0.0021755381634551707,8340.33984375,9467.7400390625,10999.33703125,0.05984898242787538,-0.25976294447910164,1.0
2020-03-31,8597.75,8597.75,8678.2998046875,8358.0,8529.349609375,712700,0.03823772271336057,-0.04378053643081892,8499.6798828125,9340.9900390625,10924.2450390625,0.06126596386058625,0.20124726108208324,0.0
2020-04-01,8253.7998046875,8253.7998046875,8588.099609375,8198.349609375,8584.099609375,506300,-0.04000467509668226,0.03823772271336057,8486.869921875,9188.5150390625,10844.8300390625,0.05995038800649288,-0.2896029184790234,0.0
2020-04-03,8083.7998046875,8083.7998046875,8356.5498046875,8055.7998046875,8356.5498046875,697000,-0.020596574186770744,-0.04000467509668226,8375.33984375,9030.155029296875,10763.10904296875,0.059803242866531214,0.37665415761406273,1.0
2020-04-07,8792.2001953125,8792.2001953125,8819.400390625,8360.9501953125,8446.2998046875,814200,0.08763210467115035,-0.020596574186770744,8401.7298828125,8906.3150390625,10696.8150390625,0.06360440034742045,0.1681492109038738,0.0
2020-04-08,8748.75,8748.75,9131.7001953125,8653.900390625,8688.900390625,896500,-0.004941902407507137,0.08763210467115035,8495.2599609375,8794.280029296875,10628.183046875,0.04400048751252476,0.10108081552444115,1.0
2020-04-09,9111.900390625,9111.900390625,9128.349609375,8904.5498046875,8973.0498046875,742100,0.04150883161880259,-0.004941902407507137,8598.0900390625,8727.3025390625,10565.4560546875,0.04472399353649319,-0.17222532069157837,0.0
2020-04-13,8993.849609375,8993.849609375,9112.0498046875,8912.400390625,9103.9501953125,644000,-0.01295567073707915,0.04150883161880259,8746.1,8654.075,10502.953046875,0.041864449166847645,-0.13219242689664468,0.0
2020-04-15,8925.2998046875,8925.2998046875,9261.2001953125,8874.099609375,9196.400390625,879100,-0.007621853562688519,-0.01295567073707915,8914.4,8620.832470703124,10440.343046875,0.04069354587034126,0.36506211180124226,1.0
2020-04-16,8992.7998046875,8992.7998046875,9053.75,8821.900390625,8851.25,719400,0.007562771164790316,-0.007621853562688519,8954.519921875,8572.712451171876,10377.60904296875,0.0407028778935555,-0.1816630644977818,1.0
2020-04-17,9266.75,9266.75,9324.0,9091.349609375,9323.4501953125,684200,0.03046328187687486,0.007562771164790316,9058.119921875,8576.179931640625,10322.228046875,0.03756740399694249,-0.04892966360856266,0.0
2020-04-20,9261.849609375,9261.849609375,9390.849609375,9230.7998046875,9390.2001953125,726400,-0.0005288143766692954,0.03046328187687486,9088.109765625,8590.919921875,10268.223046875,0.036536900914251345,0.061677871967261044,0.0
2020-04-21,8981.4501953125,8981.4501953125,9044.400390625,8909.400390625,9016.9501953125,655100,-0.030274667144095657,-0.0005288143766692954,9085.6298828125,8616.55244140625,10213.69404296875,0.03522078475737882,-0.09815528634361237,1.0
2020-04-22,9187.2998046875,9187.2998046875,9209.75,8946.25,9026.75,734400,0.02291941778872575,-0.030274667144095657,9138.0298828125,8662.744921875,10157.84703125,0.03381453967477478,0.12105022134025334,1.0
2020-04-23,9313.900390625,9313.900390625,9343.599609375,9170.150390625,9232.349609375,666700,0.01377995587701486,0.02291941778872575,9202.25,8691.167431640624,10102.34203125,0.02168368468114498,-0.09218409586056642,0.0
2020-04-24,9154.400390625,9154.400390625,9296.900390625,9141.2998046875,9163.900390625,659400,-0.017124941572334906,0.01377995587701486,9179.780078125,8768.374951171874,10042.67103515625,0.022685332209788033,-0.010949452527373671,1.0
2020-04-27,9282.2998046875,9282.2998046875,9377.099609375,9250.349609375,9259.7001953125,512800,0.013971358975458648,-0.017124941572334906,9183.8701171875,8842.437451171874,9986.3500390625,0.019122025165437796,-0.22232332423415224,1.0
2020-04-28,9380.900390625,9380.900390625,9404.400390625,9260.0,9389.7998046875,614500,0.010622430648890235,0.013971358975458648,9263.76015625,8895.589990234375,9933.338046875,0.018514403502681798,0.19832293291731662,1.0
2020-04-29,9553.349609375,9553.349609375,9599.849609375,9392.349609375,9408.599609375,653000,0.018383013524196468,0.010622430648890235,9336.9701171875,8941.1849609375,9882.24703125,0.018468063620623677,0.06265256305939793,1.0
2020-04-30,9859.900390625,9859.900390625,9889.0498046875,9731.5,9753.5,931200,0.03208830345213909,0.018383013524196468,9446.1701171875,9001.16748046875,9835.42103515625,0.020109947655304338,0.42603369065849916,0.0
2020-05-04,9293.5,9293.5,9533.5,9266.9501953125,9533.5,687500,-0.05744483901313502,0.03208830345213909,9473.9900390625,9051.7875,9777.79802734375,0.02768220388304076,-0.26170532646048106,0.0
2020-05-05,9205.599609375,9205.599609375,9450.900390625,9190.75,9429.400390625,725200,-0.009458265521601117,-0.05744483901313502,9458.65,9082.17998046875,9719.641015625,0.02786746281303082,0.05483636363636357,1.0
2020-05-06,9270.900390625,9270.900390625,9346.900390625,9116.5,9226.7998046875,722200,0.007093593467121684,-0.009458265521601117,9436.65,9133.035009765625,9664.14302734375,0.025825168883032358,-0.004136789851075573,0.0
2020-05-07,9199.0498046875,9199.0498046875,9277.849609375,9175.900390625,9234.0498046875,708700,-0.007750119504051356,0.007093593467121684,9365.7900390625,9188.797509765625,9608.2740234375,0.025070569034785762,-0.018692882857934134,1.0
2020-05-08,9251.5,9251.5,9382.650390625,9238.2001953125,9376.9501953125,609100,0.0057016970693835045,-0.007750119504051356,9244.1099609375,9211.7625,9550.786015625,0.0247198056627796,-0.14053901509806688,0.0
2020-05-11,9239.2001953125,9239.2001953125,9439.900390625,9219.9501953125,9348.150390625,704600,-0.0013294930214019507,0.0057016970693835045,9233.25,9236.285009765625,9493.95302734375,0.024026721278306334,0.15678870464619932,0.0
2020-05-12,9196.5498046875,9196.5498046875,9240.849609375,9043.9501953125,9168.849609375,805500,-0.004616242718351149,-0.0013294930214019507,9231.4400390625,9240.51748046875,9441.296015625,0.023643806958161248,0.14320181663355092,1.0
2020-05-13,9383.5498046875,9383.5498046875,9584.5,9351.099609375,9584.2001953125,846400,0.02033371253039773,-0.004616242718351149,9253.969921875,9260.002490234376,9393.00900390625,0.02434815025627213,0.050775915580384856,0.0
2020-05-14,9142.75,9142.75,9281.099609375,9119.75,9213.9501953125,602600,-0.025661909373274727,0.02033371253039773,9242.7099609375,9270.875,9342.29400390625,0.024694879378244092,-0.2880434782608695,0.0
2020-05-15,9136.849609375,9136.849609375,9182.400390625,9050.0,9182.400390625,575900,-0.0006453627874545287,-0.025661909373274727,9219.7798828125,9278.077490234375,9292.365,0.021300600762512608,-0.044307998672419524,0.0
2020-05-18,8823.25,8823.25,9158.2998046875,8806.75,9158.2998046875,773000,-0.034322509703259896,-0.0006453627874545287,9136.58984375,9255.902490234375,9244.795,0.01580886370124506,0.34224691786768546,1.0
2020-05-19,8879.099609375,8879.099609375,9030.349609375,8855.2998046875,8961.7001953125,762200,0.00632982284022332,-0.034322509703259896,9073.0998046875,9236.764990234375,9199.7219921875,0.01610697518630675,-0.013971539456662407,1.0
2020-05-20,9066.5498046875,9066.5498046875,9093.7998046875,8875.349609375,8889.150390625,622300,0.021111396826158035,0.00632982284022332,9009.6998046875,9241.019970703124,9154.9869921875,0.017664733208909957,-0.18354762529519808,1.0
2020-05-21,9106.25,9106.25,9178.5498046875,9056.099609375,9079.4501953125,631500,0.004378754451001221,0.021111396826158035,9002.3998046875,9236.96748046875,9112.0919921875,0.017648916780077267,0.014783866302426452,0.0
2020-05-22,9039.25,9039.25,9149.599609375,8968.5498046875,9067.900390625,675800,-0.0073575840768702605,0.004378754451001221,8982.8798828125,9223.2349609375,9067.4969921875,0.01759151578065967,0.07015043547110045,0.0
2020-05-26,9029.0498046875,9029.0498046875,9161.650390625,8996.650390625,9099.75,655000,-0.0011284338094974533,-0.0073575840768702605,9024.03984375,9216.967431640625,9028.288984375,0.01759270810510557,-0.03077833678603137,1.0
2020-05-27,9314.9501953125,9314.9501953125,9334.0,9004.25,9082.2001953125,763500,0.03166450477176164,-0.0011284338094974533,9111.2099609375,9218.599951171875,9005.558984375,0.02052588632208189,0.16564885496183201,1.0
2020-05-28,9490.099609375,9490.099609375,9511.25,9336.5,9364.9501953125,837900,0.018803043536468778,0.03166450477176164,9195.919921875,9224.059912109375,8986.19296875,0.020374737268884852,0.09744597249508846,1.0
2020-05-29,9580.2998046875,9580.2998046875,9598.849609375,9376.900390625,9422.2001953125,967000,0.009504662651105722,0.018803043536468778,9290.7298828125,9225.407421875,8985.99595703125,0.018109741524600084,0.15407566535386086,1.0
2020-06-01,9826.150390625,9826.150390625,9931.599609375,9706.9501953125,9726.849609375,794200,0.025662097319460564,0.009504662651105722,9448.1099609375,9223.719921875,8983.4149609375,0.019108612342429856,-0.1786970010341261,1.0
2020-06-02,9979.099609375,9979.099609375,9995.599609375,9824.0498046875,9880.849609375,770200,0.015565527970742954,0.025662097319460564,9638.119921875,9257.99990234375,8999.0489453125,0.012278413323398907,-0.030219088390833537,1.0
2020-06-03,10061.5498046875,10061.5498046875,10176.2001953125,10035.5498046875,10108.2998046875,794700,0.008262288035990828,0.015565527970742954,9787.43984375,9300.797412109376,9020.9389453125,0.012186188739519087,0.03180991950142831,0.0
2020-06-04,10029.099609375,10029.099609375,10123.849609375,9944.25,10054.25,775100,-0.003225168681009971,0.008262288035990828,9895.23984375,9338.707373046875,9052.14494140625,0.012726016361222213,-0.024663394991820797,1.0
2020-06-05,10142.150390625,10142.150390625,10177.7998046875,10040.75,10093.7998046875,987100,0.011272276241460544,-0.003225168681009971,10007.6099609375,9385.86240234375,9089.7189453125,0.012560499976800046,0.2735130950845053,1.0
2020-06-08,10167.4501953125,10167.4501953125,10328.5,10120.25,10326.75,936500,0.002494520758722585,0.011272276241460544,10075.869921875,9431.659912109375,9118.1589453125,0.011291373323197778,-0.05126127038800532,0.0
2020-06-09,10046.650390625,10046.650390625,10291.150390625,10021.4501953125,10181.150390625,754200,-0.011881032349997822,0.002494520758722585,10089.380078125,9472.032421875,9166.886953125,0.0130444685973793,-0.19466097170315,1.0
2020-06-10,10116.150390625,10116.150390625,10148.75,10036.849609375,10072.599609375,632400,0.006917728526201428,-0.011881032349997822,10100.3001953125,9518.012451171875,9213.18896484375,0.010803985961977984,-0.16149562450278443,0.0
2020-06-11,9902.0,9902.0,10112.0498046875,9885.0498046875,10094.099609375,715500,-0.021169158460066062,0.006917728526201428,10074.8802734375,9543.9349609375,9244.87197265625,0.013547776199413247,0.13140417457305498,1.0
2020-06-12,9972.900390625,9972.900390625,9996.0498046875,9544.349609375,9544.9501953125,796300,0.00716020911179549,-0.021169158460066062,10041.0302734375,9585.44248046875,9271.5009765625,0.013468531665553533,0.11292802236198463,0.0
2020-06-15,9813.7001953125,9813.7001953125,9943.349609375,9726.349609375,9919.349609375,716100,-0.015963279394844432,0.00716020911179549,9970.2802734375,9619.285009765625,9294.56998046875,0.012460825853861076,-0.10071581062413659,1.0
2020-06-16,9914.0,9914.0,10046.150390625,9728.5,10014.7998046875,899900,0.010220386061458031,-0.015963279394844432,9943.7501953125,9673.822509765625,9327.22798828125,0.011814106635149866,0.25666806311967605,0.0
2020-06-17,9881.150390625,9881.150390625,10003.599609375,9833.7998046875,9876.7001953125,685400,-0.0033134566648174157,0.010220386061458031,9896.7501953125,9723.925048828125,9352.89599609375,0.01141045557082943,-0.23835981775752857,1.0
2020-06-18,10091.650390625,10091.650390625,10111.2001953125,9845.0498046875,9863.25,622900,0.021303187551898528,-0.0033134566648174157,9934.6802734375,9775.180078125,9389.6530078125,0.013502394345790552,-0.09118762766267874,1.0
2020-06-19,10244.400390625,10244.400390625,10272.400390625,10072.650390625,10119.0,892100,0.015136275444292302,0.021303187551898528,9988.9802734375,9832.08759765625,9432.86501953125,0.0138882039191204,0.4321720982501205,1.0
2020-06-22,10311.2001953125,10311.2001953125,10393.650390625,10277.599609375,10318.75,685400,0.006520616350433883,0.015136275444292302,10088.4802734375,9895.685107421876,9463.24501953125,0.013991400180724416,-0.23170048200874338,1.0
2020-06-23,10471.0,10471.0,10484.7001953125,10301.75,10347.9501953125,669200,0.015497691991291696,0.006520616350433883,10199.8802734375,9967.7826171875,9497.69001953125,0.013760380444538799,-0.02363583309016637,0.0
2020-06-24,10305.2998046875,10305.2998046875,10553.150390625,10281.9501953125,10529.25,854800,-0.015824677233549855,0.015497691991291696,10284.71015625,10017.30009765625,9521.5580078125,0.015082821424114119,0.2773460848774656,0.0
2020-06-25,10288.900390625,10288.900390625,10361.7998046875,10194.5,10235.5498046875,994200,-0.001591357298992957,-0.015824677233549855,10324.16015625,10057.24013671875,9547.4590234375,0.01285333833996584,0.16307908282639216,1.0
2020-06-26,10383.0,10383.0,10409.849609375,10311.25,10378.900390625,671900,0.00914574014738645,-0.001591357298992957,10351.880078125,10097.375146484375,9576.61302734375,0.012924187204976517,-0.324180245423456,0.0
2020-06-29,10312.400390625,10312.400390625,10337.9501953125,10223.599609375,10311.9501953125,574500,-0.006799538608783573,0.00914574014738645,10352.1201171875,10121.687646484375,9603.0050390625,0.01159951416026909,-0.1449620479237982,0.0
2020-06-30,10302.099609375,10302.099609375,10401.0498046875,10267.349609375,10382.599609375,556200,-0.0009988732845714887,-0.006799538608783573,10318.3400390625,10137.837646484375,9623.71203125,0.011584218528986528,-0.03185378590078325,1.0
2020-07-01,10430.0498046875,10430.0498046875,10447.0498046875,10299.599609375,10323.7998046875,573600,0.012419817334717198,-0.0009988732845714887,10343.2900390625,10156.262646484374,9647.07603515625,0.011562914358295071,0.031283710895361416,1.0
2020-07-02,10551.7001953125,10551.7001953125,10598.2001953125,10485.5498046875,10493.0498046875,597400,0.011663452514898642,0.012419817334717198,10395.85,10182.39267578125,9678.48103515625,0.010445070035633804,0.04149232914923284,1.0
2020-07-03,10607.349609375,10607.349609375,10631.2998046875,10562.650390625,10614.9501953125,525200,0.005273976044848361,0.011663452514898642,10440.719921875,10205.65263671875,9706.88203125,0.009775088618331384,-0.12085704720455304,1.0
2020-07-06,10763.650390625,10763.650390625,10811.400390625,10695.099609375,10723.849609375,571200,0.014735139974255018,0.005273976044848361,10530.969921875,10235.462646484375,9735.87703125,0.010380663127900596,0.08758568164508751,1.0
2020-07-07,10799.650390625,10799.650390625,10813.7998046875,10689.7001953125,10802.849609375,636800,0.003344590235981215,0.014735139974255018,10630.480078125,10273.112646484375,9768.78203125,0.009613910482033047,0.11484593837535018,0.0
2020-07-08,10705.75,10705.75,10847.849609375,10676.5498046875,10818.650390625,767900,-0.00869476207364206,0.003344590235981215,10685.6201171875,10302.592626953125,9797.25103515625,0.008213875531661209,0.20587311557788945,1.0
2020-07-09,10813.4501953125,10813.4501953125,10836.849609375,10733.0,10755.5498046875,618700,0.010060032721901813,-0.00869476207364206,10737.9701171875,10348.16513671875,9825.90203125,0.008182601046281523,-0.19429613230889442,0.0
2020-07-10,10768.0498046875,10768.0498046875,10819.400390625,10713.0,10764.099609375,590700,-0.004198511095439339,0.010060032721901813,10770.11015625,10387.922607421875,9850.19603515625,0.008515426348810588,-0.04525618231776307,1.0
2020-07-13,10802.7001953125,10802.7001953125,10894.0498046875,10756.0498046875,10851.849609375,554100,0.003217889149241815,-0.004198511095439339,10777.9201171875,10437.372607421876,9869.05203125,0.0076953062037860296,-0.06196038598273235,0.0
2020-07-14,10607.349609375,10607.349609375,10755.650390625,10562.900390625,10750.849609375,532400,-0.01808349601540049,0.003217889149241815,10739.4599609375,10472.040087890626,9895.3290234375,0.010486902381544245,-0.03916260602779287,1.0
2020-07-15,10618.2001953125,10618.2001953125,10827.4501953125,10577.75,10701.0,715900,0.0010229309240368245,-0.01808349601540049,10721.95,10508.892578125,9923.58103515625,0.009951918476591036,0.34466566491359885,1.0
2020-07-16,10739.9501953125,10739.9501953125,10755.2998046875,10595.2001953125,10706.2001953125,694400,0.011466161662100571,0.0010229309240368245,10707.25,10541.307568359374,9952.96203125,0.009930439681877292,-0.03003212739209382,1.0
2020-07-17,10901.7001953125,10901.7001953125,10933.4501953125,10749.650390625,10752.0,676900,0.01506059125586967,0.011466161662100571,10733.980078125,10574.17255859375,9987.0150390625,0.010757105754917687,-0.025201612903225756,1.0
2020-07-20,11022.2001953125,11022.2001953125,11037.900390625,10953.0,10999.4501953125,554300,0.011053321760931656,0.01506059125586967,10777.880078125,10609.72255859375,10022.42904296875,0.010358576506784118,-0.1811198109026444,1.0
2020-07-21,11162.25,11162.25,11179.5498046875,11113.25,11126.099609375,772000,0.012706156865764484,0.011053321760931656,10888.86015625,10644.28505859375,10060.8900390625,0.010861736896577651,0.39274760959769073,0.0
2020-07-22,11132.599609375,11132.599609375,11238.099609375,11056.5498046875,11231.2001953125,765100,-0.0026563094918139463,0.012706156865764484,10991.7400390625,10685.650048828125,10099.61103515625,0.0102687005478344,-0.008937823834196945,1.0
2020-07-23,11215.4501953125,11215.4501953125,11239.7998046875,11103.150390625,11135.0,621600,0.007442159858846331,-0.0026563094918139463,11086.8400390625,10731.9775390625,10136.24904296875,0.010128459048413942,-0.18755718206770355,0.0
2020-07-24,11194.150390625,11194.150390625,11225.400390625,11090.2998046875,11149.9501953125,678900,-0.0018991484351116306,0.007442159858846331,11145.330078125,10772.53505859375,10177.27705078125,0.0099537386352167,0.09218146718146714,0.0
2020-07-27,11131.7998046875,11131.7998046875,11225.0,11087.849609375,11225.0,588100,-0.005569925698846956,-0.0018991484351116306,11167.25,10813.505029296875,10217.1760546875,0.010401732293364488,-0.1337457652084254,1.0
2020-07-28,11300.5498046875,11300.5498046875,11317.75,11151.400390625,11154.099609375,683900,0.0151592736988444,-0.005569925698846956,11194.9099609375,10863.4275390625,10266.72205078125,0.007909093301655916,0.16289746641727598,0.0
2020-07-29,11202.849609375,11202.849609375,11341.400390625,11149.75,11276.900390625,600700,-0.008645614328603224,0.0151592736988444,11208.9599609375,10902.067529296875,10313.19705078125,0.00913283476078961,-0.12165521275040214,0.0
2020-07-30,11102.150390625,11102.150390625,11299.9501953125,11084.9501953125,11254.2998046875,677800,-0.008988714680747911,-0.008645614328603224,11186.3,10929.5900390625,10353.9090625,0.009885746841685975,0.12835025803229572,0.0
2020-07-31,11073.4501953125,11073.4501953125,11150.400390625,11026.650390625,11139.5,642600,-0.002585102372305803,-0.008988714680747911,11162.1599609375,10952.895068359376,10393.25306640625,0.009110880796563704,-0.05193272351726175,0.0
2020-08-03,10891.599609375,10891.599609375,11058.0498046875,10882.25,11057.5498046875,680900,-0.016422215545293994,-0.002585102372305803,11114.119921875,10959.292529296876,10430.30005859375,0.010039401495765987,0.05960161842514777,1.0
2020-08-04,11095.25,11095.25,11112.25,10908.099609375,10946.650390625,625700,0.018697932161379383,-0.016422215545293994,11073.0599609375,10974.072509765625,10471.6240625,0.011082593094514068,-0.08106917315317963,1.0
2020-08-05,11101.650390625,11101.650390625,11225.650390625,11064.0498046875,11155.75,667600,0.0005768586219327965,0.018697932161379383,11052.8201171875,10993.867529296875,10507.35806640625,0.01106135339998745,0.06696499920089494,1.0
2020-08-06,11200.150390625,11200.150390625,11256.7998046875,11127.2998046875,11185.7001953125,600400,0.008872554668374333,0.0005768586219327965,11072.4201171875,11013.2025390625,10541.55908203125,0.01118010621050868,-0.10065907729179147,1.0
2020-08-07,11214.0498046875,11214.0498046875,11231.900390625,11142.0498046875,11186.650390625,452600,0.0012410024488720417,0.008872554668374333,11100.5400390625,11035.5025390625,10574.23408203125,0.011167438986781224,-0.2461692205196535,1.0
2020-08-10,11270.150390625,11270.150390625,11337.2998046875,11238.0,11270.25,492000,0.005002705259437024,0.0012410024488720417,11176.2501953125,11058.875048828126,10603.11408203125,0.011056875890170823,0.0870525850640742,1.0
2020-08-11,11322.5,11322.5,11373.599609375,11299.150390625,11322.25,586100,0.004644978776729314,0.005002705259437024,11221.7001953125,11094.632568359375,10629.98208984375,0.010045191677925922,0.19126016260162593,0.0
2020-08-12,11308.400390625,11308.400390625,11322.0,11242.650390625,11289.0,609900,-0.0012452735151247118,0.004644978776729314,11263.0501953125,11129.142578125,10654.9191015625,0.009579704148686231,0.04060740487971337,0.0
2020-08-13,11300.4501953125,11300.4501953125,11359.2998046875,11269.9501953125,11334.849609375,562400,-0.0007030344733010008,-0.0012452735151247118,11283.11015625,11157.167578125,10680.34611328125,0.008960018645923905,-0.07788161993769471,0.0
2020-08-14,11178.400390625,11178.400390625,11366.25,11111.4501953125,11353.2998046875,645100,-0.010800437378868932,-0.0007030344733010008,11275.9802734375,11171.002587890625,10701.07111328125,0.009749428736026161,0.14704836415362732,1.0
2020-08-17,11247.099609375,11247.099609375,11267.099609375,11144.5,11248.900390625,634000,0.0061457110453491115,-0.010800437378868932,11271.3701171875,11182.24755859375,10722.6641015625,0.007660032464027536,-0.01720663463028993,1.0
2020-08-18,11385.349609375,11385.349609375,11401.7001953125,11253.150390625,11259.7998046875,579200,0.012292057935075373,0.0061457110453491115,11283.9400390625,11193.4025390625,10749.4380859375,0.006385884742995827,-0.08643533123028391,1.0
2020-08-19,11408.400390625,11408.400390625,11460.349609375,11394.099609375,11452.150390625,626200,0.002024600213507588,0.012292057935075373,11303.9400390625,11207.192578125,10775.2830859375,0.00635117006134366,0.08114640883977908,0.0
2020-08-20,11312.2001953125,11312.2001953125,11361.4501953125,11289.7998046875,11317.4501953125,791600,-0.008432399987605033,0.002024600213507588,11306.2900390625,11212.030078125,10803.48708984375,0.006835881691550488,0.26413286489939325,1.0
2020-08-21,11371.599609375,11371.599609375,11418.5,11362.2001953125,11409.650390625,668700,0.005250916093857194,-0.008432399987605033,11344.9298828125,11220.9025390625,10831.46107421875,0.006966838164357403,-0.15525517938352706,1.0
2020-08-24,11466.4501953125,11466.4501953125,11497.25,11410.650390625,11412.0,532900,0.008341006471886514,0.005250916093857194,11388.8,11237.63505859375,10864.51607421875,0.007232604455736285,-0.2030806041573202,1.0
2020-08-25,11472.25,11472.25,11525.900390625,11423.349609375,11513.099609375,638200,0.0005058064691958464,0.008341006471886514,11406.180078125,11246.220068359375,10895.68107421875,0.007166774807349499,0.1975980484143367,1.0
2020-08-26,11549.599609375,11549.599609375,11561.75,11461.849609375,11512.849609375,743400,0.0067423225064831005,0.0005058064691958464,11434.419921875,11263.557568359374,10929.05005859375,0.007290929324525013,0.16483860858665,1.0
2020-08-27,11559.25,11559.25,11617.349609375,11540.599609375,11609.2998046875,719800,0.0008355606212675504,0.0067423225064831005,11483.8298828125,11286.412548828124,10958.40205078125,0.0072404046607900275,-0.031746031746031744,1.0
2020-08-28,11647.599609375,11647.599609375,11686.0498046875,11589.400390625,11602.9501953125,807000,0.007643195654994939,0.0008355606212675504,11539.0298828125,11315.12001953125,10986.46603515625,0.005725892022659189,0.1211447624340094,0.0
2020-08-31,11387.5,11387.5,11794.25,11325.849609375,11777.5498046875,1371800,-0.022330747801946216,0.007643195654994939,11523.23984375,11339.9150390625,11007.99203125,0.010057432668051206,0.6998760842627014,1.0
2020-09-01,11470.25,11470.25,11553.5498046875,11366.900390625,11464.2998046875,783800,0.007266739846322645,-0.022330747801946216,11522.83984375,11358.6650390625,11027.97703125,0.009559698409076795,-0.4286339116489284,1.0
2020-09-02,11535.0,11535.0,11554.75,11430.400390625,11478.5498046875,593500,0.005645038251127943,0.007266739846322645,11519.919921875,11380.33251953125,11052.57103515625,0.009679676769203675,-0.2427915284511355,0.0
2020-09-03,11527.4501953125,11527.4501953125,11584.9501953125,11507.650390625,11566.2001953125,607100,-0.0006545127600779965,0.005645038251127943,11513.5599609375,11396.697509765625,11077.34203125,0.009120795881026772,0.022914911541701777,0.0
2020-09-04,11333.849609375,11333.849609375,11452.0498046875,11303.650390625,11354.400390625,681300,-0.016794744948559814,-0.0006545127600779965,11450.8099609375,11402.6875,11096.3590234375,0.01074681173594224,0.12222039202767254,1.0
2020-09-07,11355.0498046875,11355.0498046875,11381.150390625,11251.7001953125,11359.599609375,560300,0.0018705202595032944,-0.016794744948559814,11444.319921875,11406.932470703125,11117.21201171875,0.010357828459625377,-0.17760164391604283,0.0
2020-09-08,11317.349609375,11317.349609375,11437.25,11290.4501953125,11378.5498046875,572200,-0.0033201259317187093,0.0018705202595032944,11413.73984375,11406.674951171875,11137.51701171875,0.010369673766198276,0.021238622166696475,0.0
2020-09-09,11278.0,11278.0,11298.150390625,11185.150390625,11218.599609375,728900,-0.003476927967516641,-0.0033201259317187093,11362.33984375,11405.154931640625,11154.476015625,0.009984377858091418,0.27385529535127584,1.0
2020-09-10,11449.25,11449.25,11464.0498046875,11327.400390625,11363.2998046875,679400,0.015184429863450921,-0.003476927967516641,11346.6998046875,11412.594921875,11172.42701171875,0.011418219434791998,-0.06791055014405267,1.0
2020-09-11,11464.4501953125,11464.4501953125,11493.5,11419.900390625,11447.7998046875,554800,0.0013276149365679668,0.015184429863450921,11372.819921875,11426.897412109374,11189.5690234375,0.011062501964904197,-0.1833971151015602,0.0
2020-09-14,11440.0498046875,11440.0498046875,11568.900390625,11383.5498046875,11540.150390625,642300,-0.0021283524468515003,0.0013276149365679668,11389.819921875,11436.544921875,11203.09701171875,0.00835473220273709,0.15771449170872387,1.0
2020-09-15,11521.7998046875,11521.7998046875,11535.9501953125,11442.25,11487.2001953125,506700,0.007145947910690342,-0.0021283524468515003,11430.7099609375,11443.367431640625,11217.54,0.00834392931422037,-0.21111630079402144,1.0
2020-09-16,11604.5498046875,11604.5498046875,11618.099609375,11516.75,11538.4501953125,527800,0.0071820376506051,0.007145947910690342,11496.019921875,11453.17490234375,11235.51599609375,0.008462953263819363,0.04164199723702389,0.0
2020-09-17,11516.099609375,11516.099609375,11587.2001953125,11498.5,11539.400390625,0,-0.007622027291120936,0.0071820376506051,11509.38984375,11463.369873046875,11249.568984375,0.00885836431511066,-1.0,0.0
2020-09-18,11504.9501953125,11504.9501953125,11584.099609375,11446.099609375,11584.099609375,764200,-0.0009681588767627147,-0.007622027291120936,11517.48984375,11470.03740234375,11264.3069921875,0.006683816765377231,inf,0.0
2020-09-21,11250.5498046875,11250.5498046875,11535.25,11218.5,11503.7998046875,602900,-0.02211225483867385,-0.0009681588767627147,11479.58984375,11459.2423828125,11273.263984375,0.010015985719655326,-0.2110704004187386,0.0
2020-09-22,11153.650390625,11153.650390625,11302.2001953125,11084.650390625,11301.75,672200,-0.00861286032635733,-0.02211225483867385,11405.9599609375,11443.31240234375,11284.19,0.010295275271480088,0.11494443522972309,0.0
2020-09-23,11131.849609375,11131.849609375,11259.5498046875,11024.400390625,11258.75,714900,-0.0019545871070447696,-0.00861286032635733,11311.419921875,11422.42490234375,11294.46298828125,0.010272514278839708,0.06352276108301091,0.0
2020-09-24,10805.5498046875,10805.5498046875,11015.2998046875,10790.2001953125,11011.0,706100,-0.029312272096516434,-0.0019545871070447696,11169.3099609375,11384.739892578125,11295.77498046875,0.011872507424722036,-0.012309413904042499,1.0
2020-09-25,11050.25,11050.25,11072.599609375,10854.849609375,10910.400390625,559600,0.022645788482354545,-0.029312272096516434,11078.369921875,11354.872412109375,11298.7459765625,0.014822999847783822,-0.2074776943775669,1.0
2020-09-28,11227.5498046875,11227.5498046875,11239.349609375,11099.849609375,11140.849609375,472800,0.016044868187371275,0.022645788482354545,11073.769921875,11346.87490234375,11302.85296875,0.016080573389709002,-0.15511079342387424,0.0
2020-09-29,11222.400390625,11222.400390625,11305.400390625,11181.0,11288.599609375,498300,-0.0004586409458945395,0.016044868187371275,11087.519921875,11334.482421875,11304.0559765625,0.015789988743103157,0.05393401015228427,1.0
2020-09-30,11247.5498046875,11247.5498046875,11295.400390625,11184.5498046875,11244.4501953125,499300,0.002241001317642377,-0.0004586409458945395,11110.6599609375,11320.109912109376,11306.35498046875,0.015527901168429442,0.0020068231988761287,1.0
2020-10-01,11416.9501953125,11416.9501953125,11428.599609375,11347.0498046875,11364.4501953125,447700,0.015061092732783665,0.002241001317642377,11232.9400390625,11314.584912109374,11310.38498046875,0.0164111212843556,-0.10334468255557783,1.0
2020-10-05,11503.349609375,11503.349609375,11578.0498046875,11452.2998046875,11487.7998046875,530600,0.0075676439490797165,0.015061092732783665,11323.5599609375,11323.059912109375,11316.56896484375,0.01661875594038776,0.18516863971409436,1.0
2020-10-06,11662.400390625,11662.400390625,11680.2998046875,11564.2998046875,11603.4501953125,561400,0.013826475474619793,0.0075676439490797165,11410.530078125,11338.42744140625,11327.1809765625,0.015094999191103426,0.05804749340369386,1.0
2020-10-07,11738.849609375,11738.849609375,11763.0498046875,11629.349609375,11679.25,513400,0.006555187284725372,0.013826475474619793,11513.819921875,11359.50244140625,11335.94697265625,0.014468826428663428,-0.08550053437833982,1.0
2020-10-08,11834.599609375,11834.599609375,11905.7001953125,11791.150390625,11835.400390625,608800,0.008156676606839941,0.006555187284725372,11631.2298828125,11387.332421875,11348.58197265625,0.01426345199354476,0.18582002337358783,1.0
2020-10-09,11914.2001953125,11914.2001953125,11938.599609375,11805.2001953125,11852.0498046875,611100,0.0067260903253916204,0.008156676606839941,11730.6798828125,11410.579931640625,11364.82296875,0.006975597812425881,0.0037779237844941527,1.0
2020-10-12,11930.9501953125,11930.9501953125,12022.0498046875,11867.2001953125,11973.5498046875,522600,0.0014058853909966196,0.0067260903253916204,11816.2,11433.904931640625,11381.97296875,0.00577176800968334,-0.14482081492390775,1.0
2020-10-13,11934.5,11934.5,11988.2001953125,11888.900390625,11934.650390625,458300,0.0002975290843887368,0.0014058853909966196,11870.619921875,11458.62744140625,11402.8309765625,0.005380823472122358,-0.12303865288939919,1.0
2020-10-14,11971.0498046875,11971.0498046875,11997.2001953125,11822.150390625,11917.400390625,569200,0.0030625333853533387,0.0002975290843887368,11917.0599609375,11481.08994140625,11420.34697265625,0.005003144045212684,0.241981234998909,0.0
2020-10-15,11680.349609375,11680.349609375,12025.4501953125,11661.2998046875,12023.4501953125,608900,-0.02428360085835335,0.0030625333853533387,11886.2099609375,11484.879931640626,11431.92095703125,0.01097415516340616,0.069747013352073,1.0
2020-10-16,11762.4501953125,11762.4501953125,11789.75,11667.849609375,11727.400390625,555800,0.007028949362235082,-0.02428360085835335,11855.8599609375,11497.1974609375,11443.166953125,0.010336850697835522,-0.08720643783872561,1.0
2020-10-19,11873.0498046875,11873.0498046875,11898.25,11820.400390625,11879.2001953125,541400,0.009402769621849272,0.007028949362235082,11844.2798828125,11515.60244140625,11456.346953125,0.01044202851026733,-0.02590860021590502,1.0
2020-10-20,11896.7998046875,11896.7998046875,11949.25,11837.25,11861.0,453600,0.002000328507897331,0.009402769621849272,11836.73984375,11547.91494140625,11468.87994140625,0.009754071932479376,-0.16217214628740306,1.0
2020-10-21,11937.650390625,11937.650390625,12018.650390625,11775.75,11958.5498046875,623700,0.0034337457642519276,0.002000328507897331,11830.0599609375,11587.11494140625,11481.18294921875,0.009642664434436348,0.375,0.0
2020-10-22,11896.4501953125,11896.4501953125,11939.5498046875,11823.4501953125,11890.0,544900,-0.0034512817819539743,0.0034337457642519276,11873.280078125,11625.344970703125,11492.9439453125,0.009479436400060253,-0.12634279300945972,1.0
2020-10-23,11930.349609375,11930.349609375,11974.5498046875,11908.75,11957.900390625,502300,0.0028495402835257977,-0.0034512817819539743,11906.8599609375,11681.5849609375,11505.54193359375,0.00927645635997862,-0.07817948247384843,0.0
2020-10-26,11767.75,11767.75,11942.849609375,11711.7001953125,11937.400390625,519800,-0.013629073304543216,0.0028495402835257977,11885.8,11717.4599609375,11517.32892578125,0.010224672323696615,0.03483973720883937,1.0
2020-10-27,11889.400390625,11889.400390625,11899.0498046875,11723.0,11807.099609375,616300,0.010337608346965288,-0.013629073304543216,11884.3201171875,11750.552490234375,11530.17494140625,0.010874415743024727,0.18564832627933825,0.0
2020-10-28,11729.599609375,11729.599609375,11929.400390625,11684.849609375,11922.599609375,704000,-0.013440608945763599,0.010337608346965288,11842.7099609375,11775.912451171875,11537.05994140625,0.011535403086947364,0.14230082751906536,0.0
2020-10-29,11670.7998046875,11670.7998046875,11744.150390625,11606.4501953125,11633.2998046875,555000,-0.005012942184360991,-0.013440608945763599,11797.5798828125,11797.074951171875,11542.3079296875,0.008641087679486972,-0.2116477272727273,0.0
2020-10-30,11642.400390625,11642.400390625,11748.9501953125,11535.4501953125,11678.4501953125,553700,-0.002433373422367602,-0.005012942184360991,11739.9900390625,11808.3474609375,11548.91193359375,0.008291005705257953,-0.0023423423423423184,1.0
2020-11-02,11669.150390625,11669.150390625,11725.650390625,11557.400390625,11697.349609375,568400,0.002297636149117599,-0.002433373422367602,11720.2701171875,11816.6375,11554.86294921875,0.007574489841023865,0.026548672566371723,1.0
2020-11-03,11813.5,11813.5,11836.2001953125,11723.2998046875,11734.4501953125,674300,0.01237019016319918,0.002297636149117599,11705.0900390625,11824.19248046875,11561.8039453125,0.008755829215197502,0.18631245601688962,1.0
2020-11-04,11908.5,11908.5,11929.650390625,11756.400390625,11783.349609375,667300,0.008041647267956087,0.01237019016319918,11740.8701171875,11832.675,11570.5289453125,0.009109762411478515,-0.010381135992881485,1.0
2020-11-05,12120.2998046875,12120.2998046875,12131.099609375,12027.599609375,12062.400390625,632500,0.017785598915690537,0.008041647267956087,11830.7701171875,11846.960009765626,11581.94294921875,0.010619690696326704,-0.05215045706578747,1.0
2020-11-06,12263.5498046875,12263.5498046875,12280.400390625,12131.849609375,12156.650390625,576800,0.011819014571289532,0.017785598915690537,11955.0,11864.427490234375,11596.0289453125,0.011076212568273135,-0.08806324110671937,1.0
2020-11-09,12461.0498046875,12461.0498046875,12474.0498046875,12367.349609375,12399.400390625,553400,0.016104635537461442,0.011819014571289532,12113.3798828125,11890.932470703125,11612.29794921875,0.010121621183143288,-0.04056865464632453,1.0
2020-11-10,12631.099609375,12631.099609375,12643.900390625,12475.25,12556.400390625,847500,0.01364650710436388,0.016104635537461442,12276.8998046875,11925.762451171875,11637.16994140625,0.010338677465957612,0.5314419949403686,1.0
2020-11-11,12749.150390625,12749.150390625,12769.75,12571.099609375,12680.599609375,880500,0.009346041508720315,0.01364650710436388,12445.0298828125,11964.66748046875,11662.74794921875,0.00773132095844215,0.038938053097345104,0.0
2020-11-12,12690.7998046875,12690.7998046875,12741.150390625,12624.849609375,12702.150390625,622000,-0.004576821525331454,0.009346041508720315,12559.1298828125,12015.189990234376,11685.8639453125,0.0076480558845208975,-0.2935831913685406,1.0
2020-11-13,12719.9501953125,12719.9501953125,12735.9501953125,12607.7001953125,12659.7001953125,513900,0.002296970330761372,-0.004576821525331454,12650.4099609375,12063.064990234376,11709.7139453125,0.007021417709186527,-0.17379421221864955,1.0
2020-11-17,12874.2001953125,12874.2001953125,12934.0498046875,12797.099609375,12932.5,707700,0.012126619808373373,0.002296970330761372,12733.0400390625,12113.122509765624,11740.52095703125,0.006671693019855509,0.3771161704611792,1.0
2020-11-18,12938.25,12938.25,12948.849609375,12819.349609375,12860.099609375,731300,0.004975051165572175,0.012126619808373373,12794.4701171875,12165.19501953125,11772.1849609375,0.006776014062741847,0.033347463614525896,0.0
2020-11-19,12771.7001953125,12771.7001953125,12963.0,12745.75,12839.5,768800,-0.01287266861341374,0.004975051165572175,12798.980078125,12206.897509765626,11801.27197265625,0.009738417157790382,0.05127854505674834,1.0
2020-11-20,12859.0498046875,12859.0498046875,12892.4501953125,12730.25,12813.400390625,664000,0.00683930941371913,-0.01287266861341374,12832.630078125,12255.027490234375,11832.89296875,0.008985609269959133,-0.1363163371488033,1.0
2020-11-23,12926.4501953125,12926.4501953125,12968.849609375,12825.7001953125,12960.2998046875,633100,0.005241475198302092,0.00683930941371913,12873.930078125,12304.83251953125,11862.43697265625,0.008747508022481637,-0.04653614457831323,1.0
2020-11-24,13055.150390625,13055.150390625,13079.099609375,12978.0,13002.599609375,571900,0.0099563448098976,0.005241475198302092,12910.1201171875,12369.2025390625,11894.2509765625,0.008096553680357658,-0.09666719317643346,0.0
2020-11-25,12858.400390625,12858.400390625,13145.849609375,12833.650390625,13130.0,679000,-0.015070680468092346,0.0099563448098976,12894.1501953125,12417.6525390625,11922.61798828125,0.009534954238220537,0.18727050183598526,1.0
2020-11-26,12987.0,12987.0,13018.0,12790.400390625,12906.4501953125,549800,0.010001213639976747,-0.015070680468092346,12937.21015625,12480.52255859375,11951.9219921875,0.009594431976290648,-0.19027982326951398,0.0
2020-11-27,12968.9501953125,12968.9501953125,13035.2998046875,12914.2998046875,13012.0498046875,1162400,-0.001389836350773832,0.010001213639976747,12959.190234375,12545.430078125,11979.21,0.00940678989929602,1.11422335394689,1.0
2020-12-01,13109.0498046875,13109.0498046875,13128.400390625,12962.7998046875,13062.2001953125,583600,0.010802694687318537,-0.001389836350773832,12995.71015625,12618.762548828125,12011.06900390625,0.009792144849690638,-0.4979353062629044,1.0
2020-12-02,13113.75,13113.75,13128.5,12983.5498046875,13121.400390625,717700,0.0003585458429504751,0.010802694687318537,13007.430078125,12690.992529296875,12043.245,0.009275073071300568,0.22978067169294047,1.0
2020-12-03,13133.900390625,13133.900390625,13216.599609375,13107.900390625,13215.2998046875,713700,0.0015365849299400214,0.0003585458429504751,13062.530078125,12757.012548828125,12080.91201171875,0.009211270969791878,-0.005573359342343598,1.0
2020-12-04,13258.5498046875,13258.5498046875,13280.0498046875,13152.849609375,13177.400390625,640500,0.009490662358873525,0.0015365849299400214,13116.8400390625,12824.5150390625,12123.01,0.007951872118581626,-0.10256410256410253,1.0
2020-12-07,13355.75,13355.75,13366.650390625,13241.9501953125,13264.849609375,591700,0.007331133249439903,0.009490662358873525,13194.2,12886.287548828124,12167.4880078125,0.007974408577302406,-0.07619047619047614,1.0
2020-12-08,13392.9501953125,13392.9501953125,13435.4501953125,13311.0498046875,13393.849609375,543200,0.002785331809333158,0.007331133249439903,13250.980078125,12942.757568359375,12219.236015625,0.007963778911164263,-0.08196721311475408,1.0
2020-12-09,13529.099609375,13529.099609375,13548.900390625,13449.599609375,13458.099609375,502600,0.010165752285866914,0.002785331809333158,13334.05,12996.16005859375,12268.8130078125,0.007982660808604849,-0.07474226804123707,0.0
2020-12-10,13478.2998046875,13478.2998046875,13503.5498046875,13399.2998046875,13488.5,553400,-0.0037548548058806697,0.010165752285866914,13402.9298828125,13038.520068359376,12313.8280078125,0.005438288606668993,0.10107441305212883,1.0
2020-12-11,13513.849609375,13513.849609375,13579.349609375,13402.849609375,13512.2998046875,787700,0.002637558535026452,-0.0037548548058806697,13453.98984375,13076.755029296875,12359.6569921875,0.005135770223754833,0.42338272497289475,1.0
2020-12-14,13558.150390625,13558.150390625,13597.5,13472.4501953125,13571.4501953125,558400,0.0032781762806703973,0.002637558535026452,13494.469921875,13120.12255859375,12405.86900390625,0.004792481267435939,-0.29110067284499175,1.0
2020-12-15,13567.849609375,13567.849609375,13589.650390625,13447.0498046875,13547.2001953125,497600,0.0007153791977927426,0.0032781762806703973,13529.4498046875,13162.517529296874,12448.8869921875,0.004351138138309158,-0.10888252148997135,1.0
2020-12-16,13682.7001953125,13682.7001953125,13692.349609375,13606.4501953125,13663.099609375,462200,0.008464907059269056,0.0007153791977927426,13560.169921875,13202.942529296875,12492.47400390625,0.0044639388370580025,-0.0711414790996785,1.0
2020-12-17,13740.7001953125,13740.7001953125,13773.25,13673.5498046875,13713.5498046875,416000,0.004238929390550483,0.008464907059269056,13612.65,13243.0650390625,12534.04,0.004361021450311804,-0.09995672868887928,1.0
2020-12-18,13760.5498046875,13760.5498046875,13772.849609375,13658.599609375,13764.400390625,519400,0.0014445849987885229,0.004238929390550483,13661.9900390625,13292.50751953125,12574.47400390625,0.004078255348439647,0.2485576923076922,0.0
2020-12-21,13328.400390625,13328.400390625,13777.5,13131.4501953125,13741.900390625,687300,-0.0314049525779333,0.0014445849987885229,13616.0400390625,13315.975048828124,12604.35001953125,0.011648515584710415,0.3232576049287639,1.0
2020-12-22,13466.2998046875,13466.2998046875,13492.0498046875,13192.900390625,13373.650390625,696200,0.010346283876607965,-0.0314049525779333,13595.730078125,13342.967529296875,12635.39201171875,0.012096478639240288,0.012949221591735727,1.0
2020-12-23,13601.099609375,13601.099609375,13619.4501953125,13432.2001953125,13473.5,458700,0.010010159185716239,0.010346283876607965,13579.4099609375,13370.264990234375,12668.795,0.01208291869510371,-0.3411376041367423,1.0
2020-12-24,13749.25,13749.25,13771.75,13626.900390625,13672.150390625,471400,0.01089253037474136,0.010010159185716239,13581.119921875,13414.807470703125,12705.09,0.012380804836971036,0.027686941356006134,1.0
2020-12-28,13873.2001953125,13873.2001953125,13885.2998046875,13811.5498046875,13815.150390625,403600,0.009015051389166695,0.01089253037474136,13603.65,13459.11748046875,12743.1330078125,0.012576436671192027,-0.14382689859991515,1.0
2020-12-29,13932.599609375,13932.599609375,13967.599609375,13859.900390625,13910.349609375,439600,0.004281594241144937,0.009015051389166695,13724.48984375,13507.299951171875,12788.1780078125,0.01258556091241071,0.08919722497522309,1.0
2020-12-30,13981.9501953125,13981.9501953125,13997.0,13864.9501953125,13980.900390625,380700,0.003542094606974411,0.004281594241144937,13827.619921875,13550.944970703125,12832.5680078125,0.012565254537687613,-0.13398544131028212,0.0
2020-12-31,13981.75,13981.75,14024.849609375,13936.4501953125,13970.0,452400,-1.4318125132972703e-05,0.003542094606974411,13903.75,13594.344970703125,12874.74201171875,0.012447272480283976,0.18833727344365636,1.0
2021-01-01,14018.5,14018.5,14049.849609375,13991.349609375,13996.099609375,358100,0.0026284263414808606,-1.4318125132972703e-05,13957.6,13638.574951171875,12917.176015625,0.012428871583399484,-0.20844385499557916,1.0
2021-01-04,14132.900390625,14132.900390625,14147.9501953125,13953.75,14104.349609375,495000,0.00816067272711063,0.0026284263414808606,14009.5400390625,13682.29248046875,12961.081015625,0.01257170776111835,0.3822954481988272,1.0
2021-01-05,14199.5,14199.5,14215.599609375,14048.150390625,14075.150390625,492500,0.004712380865514287,0.00816067272711063,14062.9201171875,13724.47998046875,13007.14201171875,0.003794457851674922,-0.005050505050505083,0.0
2021-01-06,14146.25,14146.25,14244.150390625,14039.900390625,14240.9501953125,632300,-0.0037501320469031096,0.004712380865514287,14095.780078125,13762.144970703124,13051.46001953125,0.004666235421001729,0.28385786802030455,0.0
2021-01-07,14137.349609375,14137.349609375,14256.25,14123.099609375,14253.75,559200,-0.0006291696120880319,-0.0037501320469031096,14126.9,13792.557470703125,13098.85201171875,0.004596137662594307,-0.11560967894986562,1.0
2021-01-08,14347.25,14347.25,14367.2998046875,14221.650390625,14258.400390625,613500,0.014847223590326086,-0.0006291696120880319,14192.65,13836.00498046875,13148.00900390625,0.005371011014598533,0.09710300429184548,1.0
2021-01-11,14484.75,14484.75,14498.2001953125,14383.099609375,14474.0498046875,672900,0.009583718134137165,0.014847223590326086,14263.019921875,13884.55,13203.11201171875,0.005429414870169948,0.0968215158924206,1.0
2021-01-12,14563.4501953125,14563.4501953125,14590.650390625,14432.849609375,14473.7998046875,929600,0.005433314024232416,0.009583718134137165,14335.8099609375,13934.814990234376,13260.96501953125,0.00544033118889954,0.3814831327091692,1.0
2021-01-13,14564.849609375,14564.849609375,14653.349609375,14435.7001953125,14639.7998046875,874000,9.609083312889233e-05,0.005433314024232416,14419.5298828125,13984.664990234374,13319.41400390625,0.005610796769772266,-0.05981067125645434,1.0
2021-01-14,14595.599609375,14595.599609375,14617.7998046875,14471.5,14550.0498046875,620200,0.002111247340323086,9.609083312889233e-05,14511.1798828125,14030.3099609375,13377.94298828125,0.005475968596231626,-0.2903890160183067,0.0
2021-01-15,14433.7001953125,14433.7001953125,14617.4501953125,14357.849609375,14594.349609375,789600,-0.011092344158201595,0.002111247340323086,14528.469921875,14064.9599609375,13430.3469921875,0.007346291394302127,0.27313769751692996,0.0
2021-01-18,14281.2998046875,14281.2998046875,14459.150390625,14222.7998046875,14453.2998046875,762000,-0.010558650142566628,-0.011092344158201595,14487.7798828125,14090.9974609375,13477.80298828125,0.008205026310454657,-0.03495440729483279,1.0
2021-01-19,14521.150390625,14521.150390625,14546.0498046875,14350.849609375,14371.650390625,546100,0.016794730817062842,-0.010558650142566628,14479.319921875,14150.6349609375,13525.82,0.009575282417563984,-0.2833333333333333,1.0
2021-01-20,14644.7001953125,14644.7001953125,14666.4501953125,14517.5498046875,14538.2998046875,623100,0.008508265623863087,0.016794730817062842,14495.2900390625,14209.55498046875,13573.4430078125,0.009501391349555141,0.1409998168833546,0.0
2021-01-21,14590.349609375,14590.349609375,14753.5498046875,14517.25,14730.9501953125,704600,-0.0037112802046228577,0.008508265623863087,14494.2400390625,14259.01748046875,13616.02900390625,0.009698503462349402,0.1307976247793292,0.0
2021-01-22,14371.900390625,14371.900390625,14619.900390625,14357.75,14583.400390625,776800,-0.014972171647596122,-0.0037112802046228577,14481.880078125,14290.15,13650.84501953125,0.01028630452354284,0.10246948623332397,0.0
2021-01-25,14238.900390625,14238.900390625,14491.099609375,14218.599609375,14477.7998046875,618600,-0.009254169343308138,-0.014972171647596122,14473.4001953125,14308.435009765624,13680.64001953125,0.010104124249448666,-0.2036560247167868,0.0
2021-01-27,13967.5,13967.5,14237.9501953125,13929.2998046875,14237.9501953125,660700,-0.019060488041877988,-0.009254169343308138,14362.6701171875,14310.180029296875,13706.1740234375,0.011110990085177035,0.06805690268347875,0.0
2021-01-28,13817.5498046875,13817.5498046875,13898.25,13713.25,13810.400390625,637900,-0.010735650281904374,-0.019060488041877988,14197.2400390625,14301.960009765626,13728.126015625,0.011182716322125592,-0.03450885424549721,0.0
2021-01-29,13634.599609375,13634.599609375,13966.849609375,13596.75,13946.599609375,753200,-0.013240422354072856,-0.010735650281904374,14006.0900390625,14284.602490234374,13743.33400390625,0.0111215282763694,0.1807493337513717,1.0
2021-02-01,14281.2001953125,14281.2001953125,14336.349609375,13661.75,13758.599609375,870500,0.047423511101338356,-0.013240422354072856,13987.95,14297.7375,13770.1930078125,0.020233682809730934,0.15573552841210825,1.0
2021-02-02,14647.849609375,14647.849609375,14731.7001953125,14469.150390625,14481.099609375,915000,0.02567357148195737,0.047423511101338356,14069.73984375,14323.4849609375,13807.71599609375,0.021511758055718696,0.051120045950603155,1.0
2021-02-03,14789.9501953125,14789.9501953125,14868.849609375,14574.150390625,14754.900390625,869500,0.009701122671723184,0.02567357148195737,14234.2298828125,14353.007470703125,13846.33400390625,0.021110103414496813,-0.049726775956284164,1.0
2021-02-04,14895.650390625,14895.650390625,14913.7001953125,14714.75,14789.0498046875,884700,0.0071467580293813615,0.009701122671723184,14449.85,14390.477490234374,13885.7180078125,0.021068050863878966,0.017481311098332286,1.0
2021-02-05,14924.25,14924.25,15014.650390625,14864.75,14952.599609375,935600,0.0019199973566108586,0.0071467580293813615,14707.780078125,14429.822509765625,13923.1,0.0209765493881094,0.05753362721826605,1.0
2021-02-08,15115.7998046875,15115.7998046875,15159.900390625,15041.0498046875,15064.2998046875,671200,0.01283480273296811,0.0019199973566108586,14874.7,14468.25,13968.24798828125,0.02023902256177687,-0.2825994014536126,0.0
2021-02-09,15109.2998046875,15109.2998046875,15257.099609375,15064.2998046875,15164.150390625,713300,-0.0004300136336804483,0.01283480273296811,14966.9900390625,14499.477490234374,14010.693984375,0.019722598158845056,0.06272348033373065,0.0
2021-02-10,15106.5,15106.5,15168.25,14977.2001953125,15119.0498046875,624800,-0.00018530340410816137,-0.0004300136336804483,15030.3,14526.62998046875,14053.44498046875,0.017859871925510983,-0.12407121828122814,1.0
2021-02-11,15173.2998046875,15173.2998046875,15188.5,15065.400390625,15073.25,500100,0.004421924647502795,-0.00018530340410816137,15085.8298828125,14557.052490234375,14094.72998046875,0.016697469915572014,-0.19958386683738794,0.0
2021-02-12,15163.2998046875,15163.2998046875,15243.5,15081.0,15186.2001953125,571800,-0.0006590524229219685,0.004421924647502795,15133.63984375,14585.4375,14135.7209765625,0.015198065538343717,0.143371325734853,1.0
2021-02-15,15314.7001953125,15314.7001953125,15340.150390625,15243.400390625,15270.2998046875,456000,0.00998465984153385,-0.0006590524229219685,15173.419921875,14629.4875,14179.33697265625,0.008143872797319004,-0.2025183630640084,0.0
2021-02-16,15313.4501953125,15313.4501953125,15431.75,15242.2001953125,15371.4501953125,648500,-8.162092525865194e-05,0.00998465984153385,15214.25,14681.09501953125,14220.43498046875,0.005100349633766094,0.42214912280701755,0.0
2021-02-17,15208.900390625,15208.900390625,15314.2998046875,15170.75,15279.900390625,504800,-0.006827318687430917,-8.162092525865194e-05,15234.730078125,14715.48251953125,14257.49798828125,0.00583964864417423,-0.22158828064764846,0.0
2021-02-18,15118.9501953125,15118.9501953125,15250.75,15078.0498046875,15238.7001953125,770600,-0.005914312869584326,-0.006827318687430917,15223.86015625,14739.19501953125,14292.01798828125,0.006211327865155113,0.5265451664025356,0.0
2021-02-19,14981.75,14981.75,15144.0498046875,14898.2001953125,15074.7998046875,712200,-0.009074717063029758,-0.005914312869584326,15187.5501953125,14758.7650390625,14321.07099609375,0.007046870256413915,-0.0757851025175188,0.0
2021-02-22,14675.7001953125,14675.7001953125,15010.099609375,14635.0498046875,14999.0498046875,609900,-0.020428174591586412,-0.009074717063029758,15059.7501953125,14773.955029296874,14345.01900390625,0.008272650692395528,-0.14363942712721145,1.0
2021-02-23,14707.7998046875,14707.7998046875,14854.5,14651.849609375,14782.25,744100,0.0021872625461001327,-0.020428174591586412,14938.6201171875,14797.4,14368.8980078125,0.00840057307976225,0.220036071487129,1.0
2021-02-24,14982.0,14982.0,15008.7998046875,14504.5,14729.150390625,403800,0.01864318245786234,0.0021872625461001327,14893.2400390625,14848.125,14397.375,0.010787281637916556,-0.4573310038973256,1.0
2021-02-25,15097.349609375,15097.349609375,15176.5,15065.349609375,15079.849609375,803900,0.007699213013950157,0.01864318245786234,14888.919921875,14912.114990234375,14427.965,0.011010187218721872,0.990837048043586,0.0
2021-02-26,14529.150390625,14529.150390625,14919.4501953125,14467.75,14888.599609375,1103600,-0.03763569324758598,0.007699213013950157,14798.4,14956.842529296875,14444.89400390625,0.016114997319989964,0.3728075631297425,1.0
2021-03-01,14761.5498046875,14761.5498046875,14806.7998046875,14638.5498046875,14702.5,507300,0.015995389118723446,-0.03763569324758598,14815.569921875,14980.860009765625,14465.31099609375,0.01679818232788768,-0.5403225806451613,1.0
2021-03-02,14919.099609375,14919.099609375,14959.099609375,14760.7998046875,14865.2998046875,621700,0.010672985341787733,0.015995389118723446,14857.8298828125,14994.422509765625,14488.4819921875,0.017378696759474625,0.2255075891977134,1.0
2021-03-03,15245.599609375,15245.599609375,15273.150390625,14995.7998046875,15064.400390625,544200,0.021884698711632122,0.010672985341787733,14910.5498046875,15017.20498046875,14526.8259765625,0.018885022671205197,-0.12465819527103106,0.0
2021-03-04,15080.75,15080.75,15202.349609375,14980.2001953125,15026.75,534900,-0.010812930524138231,0.021884698711632122,14907.2298828125,15026.4599609375,14559.11498046875,0.01912905172349376,-0.017089305402425592,0.0
2021-03-05,14938.099609375,14938.099609375,15092.349609375,14862.099609375,14977.9501953125,640700,-0.009459104528952489,-0.010812930524138231,14989.0197265625,15027.15244140625,14585.85498046875,0.019149494283864702,0.19779398018321181,1.0
2021-03-08,14956.2001953125,14956.2001953125,15111.150390625,14919.900390625,15002.4501953125,0,0.0012117060677612201,-0.009459104528952489,15027.9498046875,15019.1724609375,14609.993984375,0.0177735175975739,-1.0,1.0
2021-03-09,15098.400390625,15098.400390625,15126.849609375,14925.4501953125,15049.900390625,675300,0.00950777560179139,0.0012117060677612201,15063.8099609375,15018.627490234376,14634.49798828125,0.01793038329085686,inf,1.0
2021-03-10,15174.7998046875,15174.7998046875,15218.4501953125,15100.849609375,15202.150390625,404600,0.005060099883821945,0.00950777560179139,15049.65,15022.04248046875,14659.3419921875,0.01708912599991472,-0.40085887753591,0.0
2021-03-12,15030.9501953125,15030.9501953125,15336.2998046875,14953.599609375,15321.150390625,493200,-0.009479506235763657,0.005060099883821945,15039.6900390625,15014.925,14680.3219921875,0.0172496160669508,0.2189817103311913,0.0
2021-03-15,14929.5,14929.5,15048.400390625,14745.849609375,15048.400390625,467500,-0.006749419963093084,-0.009479506235763657,15037.9701171875,15003.235009765625,14699.2769921875,0.011692947938100356,-0.05210867802108676,0.0
2021-03-16,14910.4501953125,14910.4501953125,15051.599609375,14890.650390625,14996.099609375,100,-0.001275984104457617,-0.006749419963093084,15028.8201171875,14983.022509765626,14717.11599609375,0.0107631533251448,-0.9997860962566845,0.0
2021-03-17,14721.2998046875,14721.2998046875,14956.5498046875,14696.0498046875,14946.5498046875,100,-0.012685759862868795,-0.001275984104457617,14953.4,14953.414990234374,14728.883984375,0.010976728823316342,0.0,0.0
2021-03-18,14557.849609375,14557.849609375,14875.2001953125,14478.599609375,14855.5,542200,-0.011102973071742905,-0.012685759862868795,14830.0099609375,14920.862451171875,14736.0509765625,0.00771345474524639,5421.0,1.0
2021-03-19,14744.0,14744.0,14788.25,14350.099609375,14471.150390625,919200,0.012786942826028547,-0.011102973071742905,14772.619921875,14902.11494140625,14748.0059765625,0.009082808620354882,0.6953153817779416,0.0
2021-03-22,14736.400390625,14736.400390625,14763.900390625,14597.849609375,14736.2998046875,459000,-0.000515437423697751,0.012786942826028547,14734.0,14889.8474609375,14759.9869921875,0.00872387560590127,-0.5006527415143602,1.0
2021-03-23,14814.75,14814.75,14878.599609375,14707.0,14768.5498046875,474200,0.00531673999743143,-0.000515437423697751,14714.8599609375,14896.799951171875,14769.3369921875,0.008950112607021169,0.03311546840958601,0.0
2021-03-24,14549.400390625,14549.400390625,14752.349609375,14535.0,14712.4501953125,456400,-0.017911176994211853,0.00531673999743143,14680.480078125,14888.87998046875,14770.63,0.009580448556751803,-0.03753690425980594,0.0
2021-03-25,14324.900390625,14324.900390625,14575.599609375,14264.400390625,14570.900390625,606800,-0.015430189146808937,-0.017911176994211853,14633.890234375,14856.025,14765.85900390625,0.0096996869091848,0.32953549517966696,1.0
2021-03-26,14507.2998046875,14507.2998046875,14572.900390625,14414.25,14506.2998046875,481000,0.012733031929623273,-0.015430189146808937,14586.5501953125,14826.522509765626,14764.7080078125,0.011170971300243807,-0.20731707317073167,1.0
2021-03-30,14845.099609375,14845.099609375,14876.2998046875,14617.599609375,14628.5,594500,0.02328481586755049,0.012733031929623273,14608.2900390625,14842.319970703125,14769.6980078125,0.013899567206236621,0.2359667359667359,0.0
2021-03-31,14690.7001953125,14690.7001953125,14813.75,14670.25,14811.849609375,463900,-0.010400699094332388,0.02328481586755049,14583.480078125,14838.777490234375,14774.8380078125,0.014252650328301373,-0.21968040370058872,1.0
2021-04-01,14867.349609375,14867.349609375,14883.2001953125,14692.4501953125,14798.400390625,445000,0.012024574166918489,-0.010400699094332388,14647.069921875,14836.189990234376,14786.55900390625,0.014219161619559573,-0.04074153912481138,0.0
2021-04-05,14637.7998046875,14637.7998046875,14849.849609375,14459.5,14837.7001953125,509700,-0.015439860548026041,0.012024574166918489,14709.6498046875,14805.8,14788.8919921875,0.014690316726775694,0.14539325842696638,1.0
2021-04-06,14683.5,14683.5,14779.099609375,14573.900390625,14737.0,475300,0.003122067245233451,-0.015439860548026041,14744.88984375,14785.9375,14789.66798828125,0.014109155112317367,-0.0674906807926231,1.0
2021-04-07,14819.0498046875,14819.0498046875,14879.7998046875,14649.849609375,14716.4501953125,0,0.009231436965811968,0.003122067245233451,14739.6798828125,14779.985009765625,14794.2419921875,0.0144273558421131,-1.0,1.0
2021-04-08,14873.7998046875,14873.7998046875,14984.150390625,14821.099609375,14875.650390625,514800,0.0036945688638336804,0.009231436965811968,14776.2998046875,14775.864990234375,14804.27998046875,0.014378128204685378,inf,0.0
2021-04-09,14834.849609375,14834.849609375,14918.4501953125,14785.650390625,14882.650390625,504100,-0.0026187118170183377,0.0036945688638336804,14769.7998046875,14762.687451171874,14816.19896484375,0.012945285509465365,-0.020784770784770812,0.0
2021-04-12,14310.7998046875,14310.7998046875,14652.5,14248.7001953125,14644.650390625,650200,-0.03532558930400764,-0.0026187118170183377,14704.3998046875,14719.487451171875,14823.0649609375,0.016861623464897054,0.2898234477286252,1.0
2021-04-13,14504.7998046875,14504.7998046875,14528.900390625,14274.900390625,14364.900390625,605100,0.013556195506029933,-0.03532558930400764,14668.659765625,14693.179931640625,14836.8099609375,0.016932386358352106,-0.06936327283912647,1.0
2021-04-15,14581.4501953125,14581.4501953125,14597.5498046875,14353.2001953125,14522.400390625,568000,0.005284484560774683,0.013556195506029933,14621.13984375,14675.77744140625,14855.74697265625,0.015047174158962704,-0.06131217980499093,1.0
2021-04-16,14617.849609375,14617.849609375,14697.7001953125,14559.0,14599.599609375,577200,0.002496282165007191,0.005284484560774683,14569.9498046875,14661.147412109374,14862.4799609375,0.014767453297798864,0.01619718309859164,0.0
2021-04-19,14359.4501953125,14359.4501953125,14382.2998046875,14191.400390625,14306.599609375,512300,-0.017676978554819645,0.002496282165007191,14474.869921875,14643.054931640625,14856.71197265625,0.014976856150340754,-0.11243936243936248,0.0
2021-04-20,14296.400390625,14296.400390625,14526.9501953125,14207.2998046875,14526.7001953125,467400,-0.004390823034999047,-0.017676978554819645,14471.9900390625,14629.982470703126,14846.8409765625,0.014383074933261237,-0.08764395861799723,1.0
2021-04-22,14406.150390625,14406.150390625,14424.75,14151.400390625,14219.150390625,524600,0.007676757575422188,-0.004390823034999047,14452.26015625,14613.089990234375,14837.0509765625,0.014642321614762107,0.12237911852802741,0.0
2021-04-23,14341.349609375,14341.349609375,14461.150390625,14273.2998046875,14326.349609375,498100,-0.004498133053794207,0.007676757575422188,14404.2400390625,14593.337451171876,14825.39296875,0.014126872384703046,-0.05051467784979036,1.0
2021-04-26,14485.0,14485.0,14557.5,14421.2998046875,14449.4501953125,452700,0.010016518287169873,-0.004498133053794207,14377.6701171875,14576.849951171875,14812.77697265625,0.014602172082100514,-0.09114635615338285,1.0
2021-04-27,14653.0498046875,14653.0498046875,14667.5498046875,14484.849609375,14493.7998046875,451800,0.011601643402658013,0.010016518287169873,14436.3900390625,14582.032421875,14803.65197265625,0.015271601884308754,-0.001988071570576566,1.0
2021-04-28,14864.5498046875,14864.5498046875,14890.25,14694.9501953125,14710.5,457000,0.014433855260107098,0.011601643402658013,14550.019921875,14609.014892578125,14798.81296875,0.010131851939649708,0.011509517485613019,1.0
2021-04-29,14894.900390625,14894.900390625,15044.349609375,14814.4501953125,14979.0,517500,0.0020418099664161193,0.014433855260107098,14647.769921875,14628.394921875,14793.24498046875,0.009543412913834452,0.1323851203501094,0.0
2021-04-30,14631.099609375,14631.099609375,14855.4501953125,14601.7001953125,14747.349609375,613900,-0.017710812045177438,0.0020418099664161193,14705.719921875,14617.694921875,14782.6009765625,0.011434192492758238,0.18628019323671507,1.0
2021-05-03,14634.150390625,14634.150390625,14673.849609375,14416.25,14481.0498046875,448900,0.00020851346320172048,-0.017710812045177438,14735.55,14614.867431640625,14768.98998046875,0.011410429832309806,-0.2687734158657762,0.0
2021-05-04,14496.5,14496.5,14723.400390625,14461.5,14687.25,503400,-0.00940610742344028,0.00020851346320172048,14704.2400390625,14596.324951171875,14752.6509765625,0.010209601962752493,0.12140788594341734,1.0
2021-05-05,14617.849609375,14617.849609375,14637.900390625,14506.599609375,14604.150390625,455900,0.0083709591539336,-0.00940610742344028,14654.9,14595.32744140625,14740.8299609375,0.010258740736654373,-0.09435836313071111,1.0
2021-05-06,14724.7998046875,14724.7998046875,14743.900390625,14611.5,14668.349609375,467800,0.0073164109749706,0.0083709591539336,14620.8798828125,14597.392431640625,14732.946953125,0.010238264976468583,0.026102215398113637,1.0
2021-05-07,14823.150390625,14823.150390625,14863.0498046875,14765.5,14816.849609375,488000,0.006679247748155426,0.0073164109749706,14659.2900390625,14597.5974609375,14729.7749609375,0.01002921498192595,0.04318084651560494,1.0
2021-05-10,14942.349609375,14942.349609375,14966.900390625,14892.5,14928.25,522000,0.008041422748121585,0.006679247748155426,14720.9298828125,14601.024951171876,14735.10794921875,0.009902097509497573,0.069672131147541,0.0
2021-05-11,14850.75,14850.75,14900.0,14771.400390625,14789.7001953125,647400,-0.006130201191218876,0.008041422748121585,14791.7798828125,14601.819970703125,14737.966953125,0.009809217386432588,0.24022988505747134,0.0
2021-05-12,14696.5,14696.5,14824.0498046875,14649.7001953125,14823.5498046875,643800,-0.0103866808073666,-0.006130201191218876,14807.5099609375,14621.10498046875,14732.256953125,0.00926556543318994,-0.005560704355885071,0.0
2021-05-14,14677.7998046875,14677.7998046875,14749.650390625,14591.900390625,14749.400390625,620700,-0.0012724250884564858,-0.0103866808073666,14798.1099609375,14629.75498046875,14723.86595703125,0.009199836662526202,-0.03588070829450141,1.0
2021-05-17,14923.150390625,14923.150390625,14938.0,14725.349609375,14756.25,546400,0.01671576048197254,-0.0012724250884564858,14818.1099609375,14646.839990234375,14731.74595703125,0.008865330327026095,-0.119703560496214,1.0
2021-05-18,15108.099609375,15108.099609375,15137.25,15043.7001953125,15067.2001953125,583900,0.012393443335275034,0.01671576048197254,14851.2599609375,14671.352490234374,14738.676953125,0.009410278668049334,0.06863103953147887,0.0
2021-05-19,15030.150390625,15030.150390625,15133.400390625,15008.849609375,15058.599609375,569100,-0.005159432408138875,0.012393443335275034,14887.1400390625,14704.8875,14740.89796875,0.008856068233534891,-0.025346805959924668,0.0
2021-05-20,14906.0498046875,14906.0498046875,15069.7998046875,14884.900390625,15042.599609375,480300,-0.00825677606093067,-0.005159432408138875,14929.05,14735.369970703125,14734.10697265625,0.009415902744426342,-0.15603584607274645,1.0
2021-05-21,15175.2998046875,15175.2998046875,15190.0,14985.849609375,14987.7998046875,572900,0.01806313567497475,-0.00825677606093067,15028.55,14773.82744140625,14735.99796875,0.010626336358252898,0.1927961690610036,1.0
2021-05-24,15197.7001953125,15197.7001953125,15256.25,15145.4501953125,15211.349609375,579800,0.001476108604989923,0.01806313567497475,15083.4599609375,14816.644970703124,14741.18998046875,0.01055706588406333,0.012043986734159517,1.0
2021-05-25,15208.4501953125,15208.4501953125,15293.849609375,15163.400390625,15291.75,441500,0.0007073438653115716,0.001476108604989923,15103.530078125,14852.81748046875,14746.23498046875,0.010386436664877933,-0.23853052776819594,1.0
2021-05-26,15301.4501953125,15301.4501953125,15319.900390625,15194.9501953125,15257.0498046875,384000,0.006115021504864648,0.0007073438653115716,15157.7900390625,14885.2375,14750.2959765625,0.010062423705691477,-0.13023782559456398,1.0
2021-05-27,15337.849609375,15337.849609375,15384.5498046875,15272.5,15323.9501953125,0,0.002378821196545866,0.006115021504864648,15244.15,14908.902490234375,14753.55697265625,0.008914086383702665,-1.0,1.0
2021-05-28,15435.650390625,15435.650390625,15469.650390625,15394.75,15421.2001953125,468100,0.006376433707514062,0.002378821196545866,15296.2201171875,14935.939990234376,14761.6509765625,0.008707029606054644,inf,1.0
2021-05-31,15582.7998046875,15582.7998046875,15606.349609375,15374.0,15437.75,436000,0.009533088035724946,0.006376433707514062,15373.2400390625,14983.525,14774.71697265625,0.007899405307077171,-0.06857509079256574,0.0
2021-06-01,15574.849609375,15574.849609375,15660.75,15528.2998046875,15629.650390625,409600,-0.0005101904286871628,0.009533088035724946,15446.519921875,15030.5599609375,14788.0049609375,0.007484857066874301,-0.06055045871559628,1.0
2021-06-02,15576.2001953125,15576.2001953125,15597.4501953125,15459.849609375,15520.349609375,428600,8.67158252806366e-05,-0.0005101904286871628,15501.469921875,15084.544970703126,14805.10296875,0.007012744542379289,0.04638671875,1.0
2021-06-03,15690.349609375,15690.349609375,15705.099609375,15611.0,15655.5498046875,410200,0.0073284506253876724,8.67158252806366e-05,15571.969921875,15138.169970703126,14827.75296875,0.005693368374620006,-0.04293047130191319,0.0
2021-06-04,15670.25,15670.25,15733.599609375,15622.349609375,15712.5,414200,-0.001281017305247989,0.0073284506253876724,15618.88984375,15185.44248046875,14846.27796875,0.0037878722509304455,0.009751340809361242,1.0
2021-06-07,15751.650390625,15751.650390625,15773.4501953125,15678.099609375,15725.099609375,394000,0.0051945814919991395,-0.001281017305247989,15652.6599609375,15231.86748046875,14866.58296875,0.003780048246830272,-0.04876871076774503,0.0
2021-06-08,15740.099609375,15740.099609375,15778.7998046875,15680.0,15773.900390625,378200,-0.0007333060957773752,0.0051945814919991395,15685.7099609375,15271.75498046875,14885.0899609375,0.003926845384821361,-0.04010152284263957,0.0
2021-06-09,15635.349609375,15635.349609375,15800.4501953125,15566.900390625,15766.2998046875,457900,-0.006654976944212576,-0.0007333060957773752,15697.53984375,15310.9849609375,14906.8089453125,0.004915427484394037,0.21073506081438387,1.0
2021-06-10,15737.75,15737.75,15751.25,15648.5,15692.099609375,298300,0.0065492869160790335,-0.006654976944212576,15707.019921875,15363.0474609375,14935.0659375,0.005108082931714557,-0.34854771784232363,1.0
2021-06-11,15799.349609375,15799.349609375,15835.5498046875,15749.7998046875,15796.4501953125,363000,0.003914130633349666,0.0065492869160790335,15732.83984375,15419.124951171874,14960.90693359375,0.004962494495449491,0.21689574254106603,1.0
2021-06-14,15811.849609375,15811.849609375,15823.0498046875,15606.5,15791.400390625,392900,0.0007911718082738162,0.003914130633349666,15744.8796875,15463.559912109375,14980.24193359375,0.004277852517480552,0.0823691460055096,1.0
2021-06-15,15869.25,15869.25,15901.599609375,15842.400390625,15866.9501953125,323300,0.003630213545097627,0.0007911718082738162,15770.709765625,15501.617431640625,15003.8129296875,0.004265414160849812,-0.17714431152965127,0.0
2021-06-16,15767.5498046875,15767.5498046875,15880.849609375,15742.599609375,15847.5,340200,-0.006408632752808119,0.003630213545097627,15797.1498046875,15538.48740234375,15021.81693359375,0.005000480346892153,0.05227343025054121,0.0
2021-06-17,15691.400390625,15691.400390625,15769.349609375,15616.75,15648.2998046875,357600,-0.0048295020472909345,-0.006408632752808119,15787.8798828125,15577.754931640626,15042.8889453125,0.004828857999792686,0.051146384479717755,0.0
2021-06-18,15683.349609375,15683.349609375,15761.5,15450.900390625,15756.5,640800,-0.000513069646403852,-0.0048295020472909345,15764.6798828125,15603.157421875,15062.8859375,0.004811995167169772,0.7919463087248322,1.0
2021-06-21,15746.5,15746.5,15765.150390625,15505.650390625,15525.849609375,351500,0.004026588209654625,-0.000513069646403852,15751.6099609375,15630.597412109375,15081.43494140625,0.004686986131325476,-0.4514669163545568,1.0
2021-06-22,15772.75,15772.75,15895.75,15752.099609375,15840.5,322200,0.0016670371193598932,0.004026588209654625,15732.3099609375,15658.81240234375,15099.4139453125,0.0047079738865280964,-0.08335704125177812,0.0
2021-06-23,15686.9501953125,15686.9501953125,15862.9501953125,15673.9501953125,15862.7998046875,287500,-0.005439749231269109,0.0016670371193598932,15716.1900390625,15678.08740234375,15116.45595703125,0.0045229253545515085,-0.10769708255741772,1.0
2021-06-24,15790.4501953125,15790.4501953125,15821.400390625,15702.7001953125,15737.2998046875,316700,0.006597840798329813,-0.005439749231269109,15736.0,15700.717431640625,15146.04896484375,0.0045303531527846495,0.10156521739130442,1.0
2021-06-25,15860.349609375,15860.349609375,15870.7998046875,15772.2998046875,15839.349609375,314600,0.0044266891189239654,0.006597840798329813,15771.4,15721.952392578125,15173.1599609375,0.004577888285792103,-0.006630880959898944,0.0
2021-06-28,15814.7001953125,15814.7001953125,15915.650390625,15792.150390625,15915.349609375,255100,-0.0028782098242977616,0.0044266891189239654,15785.0400390625,15733.547412109376,15197.8249609375,0.004688319145443721,-0.18912905276541636,0.0
2021-06-29,15748.4501953125,15748.4501953125,15835.900390625,15724.0498046875,15807.5,360300,-0.0041891404314852165,-0.0028782098242977616,15780.180078125,15742.22744140625,15220.43697265625,0.004672804133068743,0.4123872990983928,0.0
2021-06-30,15721.5,15721.5,15839.099609375,15708.75,15776.900390625,262400,-0.0017112919035373597,-0.0041891404314852165,15787.0900390625,15749.492431640625,15247.67796875,0.004258991286354829,-0.2717180127671385,0.0
2021-07-01,15680.0,15680.0,15755.5498046875,15667.0498046875,15755.0498046875,224900,-0.002639697229908089,-0.0017112919035373597,15765.0,15748.974951171875,15275.3499609375,0.004050521047167296,-0.1429115853658537,1.0
2021-07-02,15722.2001953125,15722.2001953125,15738.349609375,15635.9501953125,15705.849609375,254800,0.002691338986766656,-0.002639697229908089,15737.3701171875,15751.5724609375,15301.67095703125,0.004136990668161035,0.13294797687861282,1.0
2021-07-05,15834.349609375,15834.349609375,15845.9501953125,15762.0498046875,15793.400390625,207000,0.007133188273225066,0.002691338986766656,15741.3,15755.707421875,15331.53095703125,0.004547903701024014,-0.1875981161695447,0.0
2021-07-06,15818.25,15818.25,15914.2001953125,15801.0,15813.75,391400,-0.0010167521731027085,0.007133188273225066,15755.2599609375,15759.61494140625,15358.19595703125,0.00455487933004803,0.8908212560386473,1.0
2021-07-07,15879.650390625,15879.650390625,15893.5498046875,15779.7001953125,15819.599609375,329300,0.0038816171589777237,-0.0010167521731027085,15786.8900390625,15771.82998046875,15382.72796875,0.004189469234563384,-0.158661216147164,0.0
2021-07-08,15727.900390625,15727.900390625,15885.75,15682.900390625,15855.400390625,307900,-0.0095562557277451,0.0038816171589777237,15796.4701171875,15771.3375,15399.99498046875,0.0049372137360336925,-0.06498633464925596,0.0
2021-07-09,15689.7998046875,15689.7998046875,15730.849609375,15632.75,15688.25,243200,-0.0024224839292732447,-0.0095562557277451,15789.9900390625,15765.860009765625,15415.89296875,0.004662866599058998,-0.21013316011692107,1.0
2021-07-12,15692.599609375,15692.599609375,15789.2001953125,15644.75,15766.7998046875,216300,0.00017844744498685117,-0.0024224839292732447,15761.6400390625,15759.897509765626,15437.12296875,0.004631298190409974,-0.11060855263157898,1.0
2021-07-13,15812.349609375,15812.349609375,15820.7998046875,15744.599609375,15794.0,246700,0.007630985495128417,0.00017844744498685117,15760.4599609375,15757.052490234375,15460.686953125,0.005140676968407802,0.14054553860379104,1.0
2021-07-14,15853.9501953125,15853.9501953125,15877.349609375,15764.2001953125,15808.7001953125,0,0.0026308921169333477,0.007630985495128417,15755.319921875,15761.372509765624,15487.83595703125,0.005124300034986331,-1.0,1.0
2021-07-15,15924.2001953125,15924.2001953125,15952.349609375,15855.0,15872.150390625,284900,0.004431072328003882,0.0026308921169333477,15794.5798828125,15773.0125,15513.96296875,0.0050767073695075545,inf,0.0
2021-07-16,15923.400390625,15923.400390625,15962.25,15882.599609375,15958.349609375,276300,-5.0225736783704455e-05,0.004431072328003882,15841.3,15785.0150390625,15537.93498046875,0.005082738309611416,-0.030186030186030166,0.0
2021-07-19,15752.400390625,15752.400390625,15836.900390625,15707.5,15754.5,242100,-0.010738912280361723,-5.0225736783704455e-05,15853.26015625,15785.31005859375,15556.51998046875,0.00587750902859009,-0.12377850162866455,0.0
2021-07-20,15632.099609375,15632.099609375,15728.4501953125,15578.5498046875,15703.9501953125,274300,-0.0076369809214345,-0.010738912280361723,15817.21015625,15778.2775390625,15570.31498046875,0.006299478570300151,0.13300289136720367,1.0
2021-07-22,15824.0498046875,15824.0498046875,15834.7998046875,15726.400390625,15736.599609375,265300,0.012279233123449584,-0.0076369809214345,15811.230078125,15785.13251953125,15589.7809765625,0.007493560447226304,-0.03281079110462992,1.0
2021-07-23,15856.0498046875,15856.0498046875,15899.7998046875,15768.400390625,15856.7998046875,294100,0.002022238326785386,0.012279233123449584,15797.6,15788.4125,15612.97197265625,0.0067682109695661125,0.10855635130041463,0.0
2021-07-26,15824.4501953125,15824.4501953125,15893.349609375,15797.0,15849.2998046875,267100,-0.0019929055322251976,0.002022238326785386,15777.8099609375,15786.617529296875,15635.90498046875,0.006746585333038096,-0.09180550833049983,0.0
2021-07-27,15746.4501953125,15746.4501953125,15881.5498046875,15701.0,15860.5,311000,-0.004929081202650898,-0.0019929055322251976,15776.619921875,15783.205029296874,15652.3709765625,0.006994006467448904,0.16435791838262825,0.0
2021-07-28,15709.400390625,15709.400390625,15767.5,15513.4501953125,15761.5498046875,318600,-0.002352898858342667,-0.004929081202650898,15792.080078125,15781.2525390625,15664.3969921875,0.006539303529169508,0.02443729903536984,1.0
2021-07-29,15778.4501953125,15778.4501953125,15817.349609375,15737.7998046875,15762.7001953125,401600,0.004395444954646832,-0.002352898858342667,15782.96015625,15784.100048828124,15679.36298828125,0.006659879787958736,0.2605147520401758,0.0
2021-07-30,15763.0498046875,15763.0498046875,15862.7998046875,15744.849609375,15800.599609375,400000,-0.000976039499086867,0.004395444954646832,15764.36015625,15788.2525390625,15696.50298828125,0.006434587035397118,-0.003984063745019917,1.0
2021-08-02,15885.150390625,15885.150390625,15892.900390625,15834.650390625,15874.900390625,244800,0.007746000136419795,-0.000976039499086867,15776.5001953125,15796.400048828125,15710.7,0.0070088558298312086,-0.388,1.0
2021-08-03,16130.75,16130.75,16146.900390625,15914.349609375,15951.5498046875,341300,0.015460955882416139,0.007746000136419795,15853.36015625,15811.220068359375,15729.36099609375,0.0075176365867133214,0.3941993464052287,1.0
2021-08-04,16258.7998046875,16258.7998046875,16290.2001953125,16176.150390625,16195.25,427300,0.007938242467802281,0.015460955882416139,15963.2400390625,15833.24755859375,15750.36798828125,0.00678442978706929,0.2519777322004102,1.0
2021-08-05,16294.599609375,16294.599609375,16349.4501953125,16210.2998046875,16288.9501953125,418200,0.0022018725316477195,0.007938242467802281,16066.469921875,15853.99501953125,15770.2309765625,0.006127938604729168,-0.021296512988532634,0.0
2021-08-06,16238.2001953125,16238.2001953125,16336.75,16223.2998046875,16304.400390625,320100,-0.003461233501561467,0.0022018725316477195,16161.5,15879.510009765625,15788.23798828125,0.00645683253326662,-0.23457675753228124,1.0
2021-08-09,16258.25,16258.25,16320.75,16179.0498046875,16281.349609375,240500,0.0012347307242392969,-0.003461233501561467,16236.119921875,15907.93251953125,15804.68998046875,0.006291220078083778,-0.24867228990940327,1.0
2021-08-10,16280.099609375,16280.099609375,16359.25,16202.25,16274.7998046875,288000,0.0013439090538649445,0.0012347307242392969,16265.98984375,15937.30751953125,15818.6359765625,0.005730933938889984,0.19750519750519757,1.0
2021-08-11,16282.25,16282.25,16338.75,16162.5498046875,16327.2998046875,277900,0.00013208706805212245,0.0013439090538649445,16270.6798828125,15960.8025390625,15832.783984375,0.005505466254791455,-0.035069444444444486,1.0
2021-08-12,16364.400390625,16364.400390625,16375.5,16286.900390625,16303.650390625,280200,0.005045395484346349,0.00013208706805212245,16284.6400390625,15986.325048828125,15848.54798828125,0.00551969749660881,0.008276358402302897,1.0
2021-08-13,16529.099609375,16529.099609375,16543.599609375,16376.2998046875,16385.69921875,321900,0.010064482340847336,0.005045395484346349,16342.819921875,16016.57001953125,15865.32298828125,0.0055915929418416865,0.14882226980728053,1.0
2021-08-16,16563.05078125,16563.05078125,16589.400390625,16480.75,16518.400390625,254000,0.002054024277023725,0.010064482340847336,16403.780078125,16048.5525390625,15883.17900390625,0.005544573190652433,-0.21093507300403858,1.0
2021-08-17,16614.599609375,16614.599609375,16628.55078125,16495.400390625,16545.25,297400,0.0031122785775283823,0.002054024277023725,16470.680078125,16091.6625,15900.43798828125,0.003885033707741633,0.17086614173228343,0.0
2021-08-18,16568.849609375,16568.849609375,16701.849609375,16535.849609375,16691.94921875,251800,-0.00275360231817956,0.0031122785775283823,16528.0,16138.5,15917.01298828125,0.003835692930128217,-0.15332885003362473,0.0
2021-08-20,16450.5,16450.5,16509.55078125,16376.0498046875,16382.5,350800,-0.007142898400624986,-0.00275360231817956,16545.219921875,16169.822509765625,15933.31599609375,0.0047762674332263695,0.3931691818903893,1.0
2021-08-23,16496.44921875,16496.44921875,16592.5,16395.69921875,16592.25,275600,0.0027931806783987323,-0.007142898400624986,16538.68984375,16201.84248046875,15948.48998046875,0.004536023209413008,-0.21436716077537055,1.0
2021-08-24,16624.599609375,16624.599609375,16647.099609375,16495.30078125,16561.400390625,275400,0.007768362083601765,0.0027931806783987323,16550.999609375,16241.849951171875,15964.99498046875,0.004932636364896282,-0.0007256894049346707,1.0
2021-08-25,16634.650390625,16634.650390625,16712.44921875,16617.5,16654.0,265900,0.0006045728309951315,0.007768362083601765,16555.009765625,16286.2599609375,15981.45099609375,0.004953087038674279,-0.03449527959331877,1.0
2021-08-26,16636.900390625,16636.900390625,16683.69921875,16603.400390625,16627.94921875,253500,0.00013525983096518424,0.0006045728309951315,16568.619921875,16332.6349609375,15996.80400390625,0.004952942249920507,-0.0466340729597593,1.0
2021-08-27,16705.19921875,16705.19921875,16722.05078125,16565.599609375,16642.55078125,217400,0.004105261588480014,0.00013525983096518424,16619.559765625,16378.972412109375,16015.5569921875,0.004900908343638397,-0.14240631163708084,1.0
2021-08-30,16931.05078125,16931.05078125,16951.5,16764.849609375,16775.849609375,283500,0.013519836521704187,0.004105261588480014,16706.480078125,16437.3724609375,16040.35,0.0055989572929169345,0.3040478380864766,1.0
2021-08-31,17132.19921875,17132.19921875,17153.5,16915.849609375,16947.5,464400,0.011880446175423387,0.013519836521704187,16808.0,16499.72490234375,16069.3269921875,0.006340806741125251,0.638095238095238,0.0
2021-09-01,17076.25,17076.25,17225.75,17055.05078125,17185.599609375,301900,-0.00326573477436376,0.011880446175423387,16896.319921875,16546.99990234375,16095.9219921875,0.006684665330831131,-0.3499138673557278,1.0
2021-09-02,17234.150390625,17234.150390625,17245.5,17059.69921875,17095.400390625,242400,0.009246783727399066,-0.00326573477436376,17015.769921875,16595.767431640626,16125.15,0.006661107146682606,-0.19708512752567076,1.0
2021-09-03,17323.599609375,17323.599609375,17340.099609375,17212.19921875,17262.44921875,261400,0.005190230833697296,0.009246783727399066,17139.45,16647.217431640624,16157.88298828125,0.005398049767603138,0.0783828382838283,1.0
2021-09-06,17377.80078125,17377.80078125,17429.55078125,17345.55078125,17399.349609375,228000,0.0031287476677577253,0.005190230833697296,17228.8,16704.1974609375,16189.63,0.005382461035665463,-0.12777352716143842,0.0
2021-09-07,17362.099609375,17362.099609375,17436.5,17287.0,17401.55078125,243400,-0.0009035189246697772,0.0031287476677577253,17274.780078125,16759.38994140625,16219.665,0.0056215703399087324,0.0675438596491229,0.0
2021-09-08,17353.5,17353.5,17383.400390625,17254.19921875,17375.75,252700,-0.0004953092983268625,-0.0009035189246697772,17330.230078125,16813.0599609375,16250.44099609375,0.005713313036597213,0.03820870994248149,1.0
2021-09-09,17369.25,17369.25,17379.650390625,17302.69921875,17312.849609375,241500,0.0009075978909154347,-0.0004953092983268625,17357.25,16867.4099609375,16282.8569921875,0.005656382227407208,-0.04432132963988922,0.0
2021-09-13,17355.30078125,17355.30078125,17378.349609375,17269.150390625,17363.55078125,241100,-0.000803098507419775,0.0009075978909154347,17363.590234375,16916.95498046875,16315.5330078125,0.005886472351755895,-0.0016563146997929934,1.0
2021-09-14,17380.0,17380.0,17438.55078125,17367.05078125,17420.349609375,230400,0.001423151293159064,-0.000803098507419775,17364.030078125,16959.5,16349.5330078125,0.00482330482339945,-0.044379925342181714,1.0
2021-09-15,17519.44921875,17519.44921875,17532.69921875,17386.900390625,17387.650390625,388200,0.00802354538262362,0.001423151293159064,17395.5,17007.319921875,16385.47798828125,0.004101728694732673,0.6848958333333333,1.0
2021-09-16,17629.5,17629.5,17644.599609375,17510.44921875,17539.19921875,503300,0.006281634763507293,0.00802354538262362,17450.7,17058.06494140625,16421.38099609375,0.003774534949615461,0.2964966512107161,0.0
2021-09-17,17585.150390625,17585.150390625,17792.94921875,17537.650390625,17709.650390625,508300,-0.002515647600612625,0.006281634763507293,17493.880078125,17108.87998046875,16456.71900390625,0.003503855471861777,0.009934432743890387,0.0
2021-09-20,17396.900390625,17396.900390625,17622.75,17361.80078125,17443.849609375,339100,-0.010705054879733056,-0.002515647600612625,17502.2,17156.2,16487.06400390625,0.005134008193769589,-0.3328742868384812,1.0
2021-09-21,17562.0,17562.0,17578.349609375,17326.099609375,17450.5,363600,0.00949017386246398,-0.010705054879733056,17538.6,17209.4775390625,16523.74599609375,0.005849269674688093,0.07225007372456504,0.0
2021-09-22,17546.650390625,17546.650390625,17610.44921875,17524.0,17580.900390625,295200,-0.0008740239935656202,0.00949017386246398,17544.040234375,17255.580078125,16560.8830078125,0.005848171094914046,-0.18811881188118806,1.0
2021-09-23,17822.94921875,17822.94921875,17843.900390625,17646.55078125,17670.849609375,320500,0.015746528367181822,-0.0008740239935656202,17582.730078125,17314.99501953125,16603.49,0.007410753552101436,0.08570460704607052,1.0
2021-09-24,17853.19921875,17853.19921875,17947.650390625,17819.400390625,17897.44921875,360100,0.0016972499684944076,0.015746528367181822,17636.33984375,17375.8099609375,16644.3069921875,0.007393749912835917,0.1235569422776912,1.0
2021-09-27,17855.099609375,17855.099609375,17943.5,17802.900390625,17932.19921875,295700,0.00010644538279747096,0.0016972499684944076,17727.9796875,17433.30498046875,16684.32998046875,0.007350290074494847,-0.1788392113301861,0.0
2021-09-28,17748.599609375,17748.599609375,17912.849609375,17576.099609375,17906.44921875,398000,-0.0059646824901542495,0.00010644538279747096,17765.299609375,17474.182421875,16720.81796875,0.007864849361840601,0.3459587419682111,0.0
2021-09-29,17711.30078125,17711.30078125,17781.75,17608.150390625,17657.94921875,562200,-0.0021015082285871234,-0.0059646824901542495,17798.2296875,17503.1375,16756.5759765625,0.0076709756340619314,0.41256281407035167,0.0
2021-09-30,17618.150390625,17618.150390625,17742.150390625,17585.349609375,17718.900390625,378600,-0.005259376020738893,-0.0021015082285871234,17757.269921875,17530.23251953125,16793.8909765625,0.007675643458403322,-0.32657417289220914,0.0
2021-10-01,17532.05078125,17532.05078125,17557.150390625,17452.900390625,17531.900390625,305800,-0.004886983449795879,-0.005259376020738893,17693.040234375,17545.1275390625,16831.89,0.007796374880498975,-0.19228737453777078,1.0
2021-10-04,17691.25,17691.25,17750.900390625,17581.349609375,17615.55078125,295800,0.009080467581137563,-0.004886983449795879,17660.2703125,17563.51005859375,16869.23400390625,0.007353367056129294,-0.03270111183780244,1.0
2021-10-05,17822.30078125,17822.30078125,17833.44921875,17640.900390625,17661.349609375,427000,0.007407660919946268,0.009080467581137563,17675.010546875,17585.73505859375,16908.5590234375,0.00713457344512707,0.44354293441514536,0.0
2021-10-06,17646.0,17646.0,17884.599609375,17613.150390625,17861.5,395800,-0.009892144870289554,0.007407660919946268,17661.950390625,17599.930078125,16944.99001953125,0.00798640924950609,-0.07306791569086646,1.0
2021-10-07,17790.349609375,17790.349609375,17857.55078125,17763.80078125,17810.55078125,419900,0.008180302016037588,-0.009892144870289554,17696.390234375,17621.77255859375,16985.8680078125,0.00663545259507457,0.0608893380495199,1.0
2021-10-08,17895.19921875,17895.19921875,17941.849609375,17840.349609375,17886.849609375,324100,0.005893622760496431,0.008180302016037588,17769.019921875,17648.07001953125,17029.583984375,0.006893849363235488,-0.22814955941890924,1.0
2021-10-11,17945.94921875,17945.94921875,18041.94921875,17839.099609375,17867.55078125,375800,0.0028359561343596074,0.005893622760496431,17819.959765625,17677.60244140625,17072.93396484375,0.006941126542975269,0.1595186670780624,1.0
2021-10-12,17991.94921875,17991.94921875,18008.650390625,17864.94921875,17915.80078125,355600,0.0025632525445875576,0.0028359561343596074,17853.889453125,17708.19990234375,17117.511953125,0.006568486970972336,-0.05375199574241618,1.0
2021-10-13,18161.75,18161.75,18197.80078125,18050.75,18097.849609375,506700,0.00943759784921161,0.0025632525445875576,17957.039453125,17740.31494140625,17163.0439453125,0.006893999296090285,0.4249156355455568,1.0
2021-10-14,18338.55078125,18338.55078125,18350.75,18248.69921875,18272.849609375,538700,0.009734787740718787,0.00943759784921161,18066.6796875,17775.76748046875,17207.1999609375,0.006635896771107632,0.06315373988553374,1.0
2021-10-18,18477.05078125,18477.05078125,18543.150390625,18445.30078125,18500.099609375,469900,0.007552396132719963,0.009734787740718787,18183.05,17820.3625,17251.56498046875,0.005902931105936314,-0.12771486912938557,0.0
2021-10-19,18418.75,18418.75,18604.44921875,18377.69921875,18602.349609375,368200,-0.003155307734996393,0.007552396132719963,18277.61015625,17871.45498046875,17294.04798828125,0.00628336315821716,-0.21642902745264947,0.0
2021-10-20,18266.599609375,18266.599609375,18458.30078125,18209.349609375,18439.900390625,371300,-0.008260625212080042,-0.003155307734996393,18332.540234375,17906.6849609375,17334.6159765625,0.007235991059611812,0.008419337316675657,0.0
2021-10-21,18178.099609375,18178.099609375,18384.19921875,18048.0,18382.69921875,365900,-0.004844908296702255,-0.008260625212080042,18335.81015625,17938.257421875,17373.01296875,0.00640470544566122,-0.014543495825478092,0.0
2021-10-22,18114.900390625,18114.900390625,18314.25,18034.349609375,18230.69921875,324700,-0.003476668084567369,-0.004844908296702255,18291.080078125,17952.85498046875,17409.708984375,0.006416634341612374,-0.11259907078436726,1.0
2021-10-25,18125.400390625,18125.400390625,18241.400390625,17968.5,18229.5,418700,0.000579633328010587,-0.003476668084567369,18220.75,17966.4650390625,17446.5719921875,0.006260672304758502,0.2894979981521404,1.0
2021-10-26,18268.400390625,18268.400390625,18310.44921875,18099.30078125,18154.5,341400,0.007889480889700096,0.000579633328010587,18190.680078125,17987.130078125,17484.6519921875,0.006593824498172578,-0.1846190589921185,0.0
2021-10-27,18210.94921875,18210.94921875,18342.05078125,18167.900390625,18295.849609375,335200,-0.0031448386638428527,0.007889480889700096,18179.55,18010.24755859375,17518.288984375,0.006765433044150701,-0.018160515524311638,0.0
2021-10-28,17857.25,17857.25,18190.69921875,17799.44921875,18187.650390625,374200,-0.0194223384240636,-0.0031448386638428527,18115.380078125,18017.54501953125,17544.17296875,0.008742433177970806,0.11634844868735073,0.0
2021-10-29,17671.650390625,17671.650390625,17915.849609375,17613.099609375,17833.05078125,336500,-0.010393515763905459,-0.0194223384240636,18026.730078125,18020.22001953125,17565.313984375,0.008124019678827761,-0.10074826296098338,1.0
2021-11-01,17929.650390625,17929.650390625,17954.099609375,17697.099609375,17783.150390625,281200,0.014599655057507821,-0.010393515763905459,17987.580078125,18040.1,17592.53,0.009409428752651156,-0.16433878157503712,0.0
2021-11-02,17888.94921875,17888.94921875,18012.25,17847.599609375,17970.900390625,296400,-0.002270048271341696,0.014599655057507821,17911.68984375,18049.9849609375,17621.298984375,0.009411581966782694,0.054054054054053946,0.0
2021-11-03,17829.19921875,17829.19921875,17988.75,17757.94921875,17947.94921875,331000,-0.0033400508475575075,-0.002270048271341696,17835.33984375,18050.3298828125,17647.953984375,0.00922547951305559,0.11673414304993246,1.0
2021-11-04,17916.80078125,17916.80078125,17947.55078125,17900.599609375,17935.05078125,48500,0.004913376165984751,-0.0033400508475575075,17847.25,18063.869921875,17673.7980078125,0.009449435367817413,-0.8534743202416919,1.0
2021-11-08,18068.55078125,18068.55078125,18087.80078125,17836.099609375,18040.19921875,338900,0.008469704042186388,0.004913376165984751,17926.630078125,18077.77998046875,17702.476015625,0.009902914499837583,5.9876288659793815,0.0
2021-11-09,18044.25,18044.25,18112.599609375,17983.05078125,18084.349609375,270200,-0.001344921435271762,0.008469704042186388,17949.55,18085.23251953125,17730.6230078125,0.009904523567636755,-0.20271466509294778,0.0
2021-11-10,18017.19921875,18017.19921875,18061.25,17915.0,17973.44921875,261400,-0.0014991358050348014,-0.001344921435271762,17975.2,18088.79501953125,17756.8630078125,0.009466271129455998,-0.032568467801628476,0.0
2021-11-11,17873.599609375,17873.599609375,17971.349609375,17798.19921875,17967.44921875,232100,-0.007970140510272006,-0.0014991358050348014,17984.080078125,18082.8775390625,17775.713984375,0.009688679400688517,-0.11208875286916598,1.0
2021-11-12,18102.75,18102.75,18123.0,17905.900390625,17977.599609375,249100,0.012820606684330382,-0.007970140510272006,18021.269921875,18079.9275390625,17795.125,0.008470531419588364,0.07324429125376986,1.0
2021-11-15,18109.44921875,18109.44921875,18210.150390625,18071.30078125,18140.94921875,280400,0.0003700663573213969,0.012820606684330382,18029.449609375,18068.4724609375,17815.788984375,0.007424947087553087,0.12565234845443607,0.0
2021-11-16,17999.19921875,17999.19921875,18132.650390625,17958.80078125,18127.05078125,267400,-0.006087981951756416,0.0003700663573213969,18020.439453125,18044.5798828125,17831.0899609375,0.0064951643890434506,-0.04636233951497859,0.0
2021-11-17,17898.650390625,17898.650390625,18022.650390625,17879.25,17939.349609375,295700,-0.005586294529162039,-0.006087981951756416,17996.7296875,18018.57490234375,17842.5909765625,0.006727489479981578,0.10583395661929695,0.0
2021-11-18,17764.80078125,17764.80078125,17945.599609375,17688.5,17890.55078125,278400,-0.007478195643460861,-0.005586294529162039,17974.969921875,17993.4849609375,17850.3309765625,0.007078950415979848,-0.058505241799120755,0.0
2021-11-22,17416.55078125,17416.55078125,17805.25,17280.44921875,17796.25,356400,-0.019603372100156835,-0.007478195643460861,17837.730078125,17955.40751953125,17851.42,0.00903333968120335,0.2801724137931034,1.0
2021-11-23,17503.349609375,17503.349609375,17553.69921875,17216.099609375,17281.75,308800,0.004983697932798847,-0.019603372100156835,17716.51015625,17924.82998046875,17854.4169921875,0.008607738858875282,-0.13355780022446684,0.0
2021-11-24,17415.05078125,17415.05078125,17600.599609375,17354.0,17550.05078125,298100,-0.0050446817378146935,0.004983697932798847,17599.68046875,17889.3125,17855.3330078125,0.008601539916746774,-0.034650259067357525,1.0
2021-11-25,17536.25,17536.25,17564.349609375,17351.69921875,17417.30078125,255900,0.006959452503032093,-0.0050446817378146935,17527.200390625,17852.70498046875,17858.9519921875,0.009215215442080036,-0.14156323381415636,0.0
2021-11-26,17026.44921875,17026.44921875,17355.400390625,16985.69921875,17338.75,356300,-0.029071254187753914,0.006959452503032093,17379.530078125,17793.47998046875,17851.8809765625,0.012422905952930184,0.3923407581086362,1.0
2021-11-29,17053.94921875,17053.94921875,17160.69921875,16782.400390625,17055.80078125,348900,0.0016151341742889347,-0.029071254187753914,17307.009765625,17753.31494140625,17842.5709765625,0.0110938246076682,-0.020769014875105296,0.0
2021-11-30,16983.19921875,16983.19921875,17324.650390625,16931.400390625,17051.150390625,498000,-0.004148599194972014,0.0016151341742889347,17202.9796875,17718.8923828125,17829.6449609375,0.010900659835121824,0.4273430782459158,1.0
2021-12-01,17166.900390625,17166.900390625,17213.05078125,17064.25,17104.400390625,295500,0.01081664117042136,-0.004148599194972014,17153.349609375,17680.7548828125,17821.2799609375,0.012180766241412809,-0.40662650602409633,1.0
2021-12-02,17401.650390625,17401.650390625,17420.349609375,17149.30078125,17183.19921875,279900,0.013674571102433752,0.01081664117042136,17126.4296875,17656.38994140625,17821.3749609375,0.013471682856226505,-0.05279187817258879,0.0
2021-12-03,17196.69921875,17196.69921875,17489.80078125,17180.80078125,17424.900390625,292500,-0.01177768586739425,0.013674571102433752,17160.4796875,17624.76494140625,17814.0689453125,0.013706631669000244,0.045016077170418,0.0
2021-12-06,16912.25,16912.25,17216.75,16891.69921875,17209.05078125,231700,-0.01654091957599968,-0.01177768586739425,17132.13984375,17574.53740234375,17801.3809375,0.013327373815982188,-0.20786324786324784,1.0
2021-12-07,17176.69921875,17176.69921875,17251.650390625,16987.75,17044.099609375,254100,0.015636548581649423,-0.01654091957599968,17170.83984375,17529.94482421875,17788.4559375,0.014405550813506779,0.09667673716012093,1.0
2021-12-08,17469.75,17469.75,17484.599609375,17308.94921875,17315.25,257800,0.017060948527881648,0.015636548581649423,17231.409765625,17501.21982421875,17780.786953125,0.015504456527723462,0.014561196379378138,1.0
2021-12-09,17516.849609375,17516.849609375,17543.25,17379.599609375,17524.400390625,237200,0.002696066593683266,0.017060948527881648,17254.449609375,17476.20234375,17774.021953125,0.01536270058102924,-0.07990690457719163,0.0
2021-12-10,17511.30078125,17511.30078125,17534.349609375,17405.25,17476.05078125,204500,-0.00031677089480919296,0.002696066593683266,17317.369921875,17458.08740234375,17769.2759765625,0.01153070926091718,-0.13785834738617198,0.0
2021-12-13,17368.25,17368.25,17639.5,17355.94921875,17619.099609375,256600,-0.008169055116863166,-0.00031677089480919296,17408.569921875,17421.36240234375,17762.4149609375,0.01205247553927992,0.2547677261613692,0.0
2021-12-14,17324.900390625,17324.900390625,17376.19921875,17225.80078125,17283.19921875,271000,-0.002495911181322197,-0.008169055116863166,17438.21015625,17382.1349609375,17756.5499609375,0.011971481879340433,0.05611847233047551,0.0
2021-12-15,17221.400390625,17221.400390625,17351.19921875,17192.19921875,17323.650390625,215000,-0.005974060321640162,-0.002495911181322197,17388.540234375,17343.24501953125,17750.336953125,0.011782613016464088,-0.20664206642066418,1.0
2021-12-16,17248.400390625,17248.400390625,17379.349609375,17184.94921875,17373.0,219500,0.0015678167505297491,-0.005974060321640162,17334.850390625,17310.73251953125,17741.4799609375,0.010849795112284408,0.020930232558139528,0.0
2021-12-17,16985.19921875,16985.19921875,17298.150390625,16966.44921875,17276.0,354600,-0.01525945397337003,0.0015678167505297491,17229.630078125,17271.75244140625,17724.7379296875,0.011287153281216173,0.6154897494305238,0.0
2021-12-20,16614.19921875,16614.19921875,16840.099609375,16410.19921875,16824.25,330600,-0.021842546279377872,-0.01525945397337003,17078.819921875,17231.63486328125,17704.1019140625,0.012178196501890292,-0.06768189509306266,1.0
2021-12-21,16770.849609375,16770.849609375,16936.400390625,16688.25,16773.150390625,241000,0.00942870544420904,-0.021842546279377872,16968.009765625,17195.00986328125,17683.7119140625,0.011323991042297405,-0.2710223835450696,1.0
2021-12-22,16955.44921875,16955.44921875,16971.0,16819.5,16865.55078125,207900,0.011007170994593363,0.00942870544420904,16914.81953125,17172.02978515625,17664.9169140625,0.010286432395558156,-0.13734439834024892,1.0
2021-12-23,17072.599609375,17072.599609375,17118.650390625,17015.55078125,17066.80078125,197000,0.006909306212627531,0.011007170994593363,16879.659375,17148.847265625,17647.449921875,0.010623502828180073,-0.05242905242905238,0.0
2021-12-24,17003.75,17003.75,17155.599609375,16909.599609375,17149.5,182600,-0.004032754879180422,0.006909306212627531,16883.36953125,17147.7123046875,17627.6859375,0.010603058740437247,-0.07309644670050763,1.0
2021-12-27,17086.25,17086.25,17112.05078125,16833.19921875,16937.75,144800,0.004851870910828504,-0.004032754879180422,16977.7796875,17149.32734375,17606.1759375,0.010681423400075864,-0.2070098576122672,1.0
2021-12-28,17233.25,17233.25,17250.25,17161.150390625,17177.599609375,176000,0.008603409174043453,0.004851870910828504,17070.259765625,17161.8298828125,17584.069921875,0.011142846066530024,0.2154696132596685,0.0
2021-12-29,17213.599609375,17213.599609375,17285.94921875,17176.650390625,17220.099609375,161700,-0.0011402602889762914,0.008603409174043453,17121.88984375,17164.16484375,17558.8008984375,0.010981420477171972,-0.08125000000000004,0.0
2021-12-30,17203.94921875,17203.94921875,17264.05078125,17146.349609375,17201.44921875,320800,-0.0005606259494814747,-0.0011402602889762914,17148.159765625,17154.27978515625,17534.5048828125,0.010968476486790038,0.9839208410636981,1.0
2021-12-31,17354.05078125,17354.05078125,17400.80078125,17238.5,17244.5,167000,0.008724831757606522,-0.0005606259494814747,17218.219921875,17162.14736328125,17516.25390625,0.009878578994621046,-0.479426433915212,1.0
2022-01-03,17625.69921875,17625.69921875,17646.650390625,17383.30078125,17387.150390625,200500,0.015653315812207858,0.008724831757606522,17326.109765625,17197.81982421875,17505.2058984375,0.006155505833351696,0.20059880239520966,1.0
2022-01-04,17805.25,17805.25,17827.599609375,17593.55078125,17681.400390625,247400,0.01018687423526421,0.015653315812207858,17440.509765625,17229.24736328125,17499.012890625,0.006207637257039934,0.23391521197007492,1.0
2022-01-05,17925.25,17925.25,17944.69921875,17748.849609375,17820.099609375,251500,0.0067395852346920915,0.01018687423526421,17582.83984375,17252.02236328125,17495.0098828125,0.005968809863812688,0.016572352465642703,0.0
2022-01-06,17745.900390625,17745.900390625,17797.94921875,17655.55078125,17768.5,236500,-0.010005417462796928,0.0067395852346920915,17691.230078125,17263.47490234375,17484.5598828125,0.007700116746315462,-0.05964214711729621,1.0
2022-01-07,17812.69921875,17812.69921875,17905.0,17704.55078125,17797.599609375,239300,0.003764183651131514,-0.010005417462796928,17782.959765625,17278.54482421875,17476.5948828125,0.007184894048929872,0.01183932346723049,1.0
2022-01-10,18003.30078125,18003.30078125,18017.44921875,17879.150390625,17913.30078125,232400,0.010700318921871732,0.003764183651131514,17858.480078125,17310.29736328125,17479.5158984375,0.007433989555369418,-0.028834099456748863,1.0
2022-01-11,18055.75,18055.75,18081.25,17964.400390625,17997.75,220200,0.002913311252602302,0.010700318921871732,17908.580078125,17346.83984375,17487.197890625,0.007367677171905418,-0.05249569707401036,1.0
2022-01-12,18212.349609375,18212.349609375,18227.94921875,18128.80078125,18170.400390625,245000,0.008673115731830494,0.002913311252602302,17966.0,17396.3873046875,17492.851875,0.007154156910631911,0.11262488646684843,1.0
2022-01-13,18257.80078125,18257.80078125,18272.25,18163.80078125,18257.0,303700,0.0024956237305924223,0.008673115731830494,18068.380078125,17446.85732421875,17500.22890625,0.00691941588720264,0.23959183673469386,0.0
2022-01-14,18255.75,18255.75,18286.94921875,18119.650390625,18185.0,229500,-0.00011232356375068253,0.0024956237305924223,18156.990234375,17510.38486328125,17508.759921875,0.00709270726365948,-0.24432005268356927,1.0
2022-01-17,18308.099609375,18308.099609375,18321.55078125,18228.75,18235.650390625,266700,0.0028675682661627455,-0.00011232356375068253,18217.95,17595.0798828125,17516.5858984375,0.006055705935246853,0.16209150326797395,0.0
2022-01-18,18113.05078125,18113.05078125,18350.94921875,18085.900390625,18337.19921875,227500,-0.010653690567923424,0.0028675682661627455,18229.41015625,17662.18994140625,17517.4758984375,0.0071153752618647375,-0.14698162729658792,0.0
2022-01-19,17938.400390625,17938.400390625,18129.19921875,17884.900390625,18129.19921875,276700,-0.00964224043394124,-0.010653690567923424,18174.6203125,17711.3375,17515.35890625,0.007697922783833213,0.2162637362637363,0.0
2022-01-20,17757.0,17757.0,17943.69921875,17648.44921875,17921.0,258100,-0.010112406160797005,-0.00964224043394124,18074.46015625,17745.55751953125,17510.154921875,0.007713586708090655,-0.067220816769064,0.0
2022-01-21,17617.150390625,17617.150390625,17707.599609375,17485.849609375,17613.69921875,277600,-0.007875745304668613,-0.010112406160797005,17946.740234375,17776.2275390625,17505.0259375,0.007971367052534402,0.07555211158465713,0.0
2022-01-24,17149.099609375,17149.099609375,17599.400390625,16997.849609375,17575.150390625,323800,-0.02656790518738339,-0.007875745304668613,17714.940234375,17779.37001953125,17485.9529296875,0.010242876038445918,0.1664265129682998,1.0
2022-01-25,17277.94921875,17277.94921875,17309.150390625,16836.80078125,17001.55078125,326500,0.007513491221694313,-0.02656790518738339,17547.919921875,17781.60498046875,17469.3229296875,0.01072003748568419,0.008338480543545357,0.0
2022-01-27,17110.150390625,17110.150390625,17182.5,16866.75,17062.0,395600,-0.00971173291462768,0.007513491221694313,17382.269921875,17776.43251953125,17451.541953125,0.009774874478081336,0.21163859111791727,0.0
2022-01-28,17101.94921875,17101.94921875,17373.5,17077.099609375,17208.30078125,355300,-0.0004793161771092791,-0.00971173291462768,17251.259765625,17771.33251953125,17435.6079296875,0.00952353950305724,-0.10187057633973706,1.0
2022-01-31,17339.849609375,17339.849609375,17410.0,17264.150390625,17301.05078125,321700,0.0139107178709299,-0.0004793161771092791,17195.799609375,17770.6224609375,17427.10890625,0.011410412734073809,-0.09456797072896139,1.0
2022-02-01,17576.849609375,17576.849609375,17622.400390625,17244.55078125,17529.44921875,386400,0.013667938611870323,0.0139107178709299,17281.349609375,17768.17998046875,17430.3148828125,0.01268563906511392,0.2011190550202051,1.0
2022-02-02,17780.0,17780.0,17794.599609375,17674.80078125,17706.19921875,271200,0.011557838585399605,0.013667938611870323,17381.759765625,17766.91748046875,17435.847890625,0.013318951915141304,-0.2981366459627329,0.0
2022-02-03,17560.19921875,17560.19921875,17781.150390625,17511.150390625,17767.75,226600,-0.012362248664229525,0.011557838585399605,17471.76953125,17748.66494140625,17438.750859375,0.013523693722312454,-0.1644542772861357,0.0
2022-02-04,17516.30078125,17516.30078125,17617.80078125,17462.55078125,17590.19921875,261400,-0.0024998826581151823,-0.012362248664229525,17554.63984375,17737.1849609375,17438.351875,0.013230250332396137,0.15357458075904673,0.0
2022-02-07,17213.599609375,17213.599609375,17536.75,17119.400390625,17456.30078125,265000,-0.017281112927623465,-0.0024998826581151823,17529.38984375,17707.22998046875,17442.0948828125,0.014059213117460825,0.01377199693955622,1.0
2022-02-08,17266.75,17266.75,17306.44921875,17043.650390625,17279.849609375,268500,0.0030876976246183574,-0.017281112927623465,17467.369921875,17670.40244140625,17446.3508984375,0.011188628292806873,0.013207547169811429,1.0
2022-02-09,17463.80078125,17463.80078125,17477.150390625,17339.0,17370.099609375,236400,0.01141215233034587,0.0030876976246183574,17404.130078125,17640.80498046875,17455.9629296875,0.01151405267063901,-0.11955307262569836,1.0
2022-02-10,17605.849609375,17605.849609375,17639.44921875,17427.150390625,17554.099609375,273600,0.008133901085124018,0.01141215233034587,17413.26015625,17610.47998046875,17464.7419140625,0.011019266712554652,0.15736040609137047,0.0
2022-02-11,17374.75,17374.75,17454.75,17303.0,17451.0,253100,-0.01312629691281364,0.008133901085124018,17384.95,17566.32744140625,17464.20390625,0.01212261205935529,-0.07492690058479534,0.0
2022-02-14,16842.80078125,16842.80078125,17099.5,16809.650390625,17076.150390625,305500,-0.03061622289529342,-0.01312629691281364,17310.790234375,17495.67998046875,17457.1259375,0.014963455029973441,0.2070327933623073,1.0
2022-02-15,17352.44921875,17352.44921875,17375.0,16839.25,16933.25,298700,0.03025912638397754,-0.03061622289529342,17327.930078125,17447.8974609375,17465.929921875,0.01766798114157186,-0.022258592471358418,0.0
2022-02-16,17322.19921875,17322.19921875,17490.599609375,17257.69921875,17408.44921875,244500,-0.0017432697608654735,0.03025912638397754,17299.609765625,17408.3548828125,17468.839921875,0.017096983698664758,-0.18145296283896883,0.0
2022-02-17,17304.599609375,17304.599609375,17442.900390625,17235.849609375,17396.55078125,232100,-0.001016014719190439,-0.0017432697608654735,17239.359765625,17376.66484375,17465.5369140625,0.01674059437151021,-0.05071574642126786,0.0
2022-02-18,17276.30078125,17276.30078125,17380.80078125,17219.19921875,17236.05078125,189600,-0.0016353356196504576,-0.001016014719190439,17219.669921875,17352.6298828125,17460.7259375,0.0167361647932759,-0.18311072813442486,0.0
2022-02-21,17206.650390625,17206.650390625,17351.05078125,17070.69921875,17192.25,215200,-0.004031556958107085,-0.0016353356196504576,17292.43984375,17332.1048828125,17454.6329296875,0.015825947591604377,0.1350210970464134,0.0
2022-02-22,17092.19921875,17092.19921875,17148.55078125,16843.80078125,16847.94921875,300100,-0.006651566067580439,-0.004031556958107085,17240.38984375,17329.25986328125,17449.1119140625,0.015919171811361706,0.39451672862453524,0.0
2022-02-23,17063.25,17063.25,17220.69921875,17027.849609375,17194.5,200200,-0.0016937094155936583,-0.006651566067580439,17188.6,17318.52490234375,17443.87890625,0.015321028625764116,-0.3328890369876708,0.0
2022-02-24,16247.9501953125,16247.9501953125,16705.25,16203.25,16548.900390625,458000,-0.04778103847083648,-0.0016937094155936583,16977.2701171875,17275.414892578126,17424.40990234375,0.020465272070077214,1.2877122877122877,1.0
2022-02-25,16658.400390625,16658.400390625,16748.80078125,16478.30078125,16515.650390625,329800,0.025261660109649586,-0.04778103847083648,16853.6900390625,17253.237451171874,17412.60990234375,0.022820707361040603,-0.27991266375545854,1.0
2022-02-28,16793.900390625,16793.900390625,16815.900390625,16356.2998046875,16481.599609375,404200,0.008134034290366632,0.025261660109649586,16771.1400390625,17225.939990234376,17408.78392578125,0.02101054445119718,0.22559126743480906,0.0
2022-03-02,16605.94921875,16605.94921875,16678.5,16478.650390625,16593.099609375,517700,-0.011191633122935585,0.008134034290366632,16673.8900390625,17177.394970703124,17408.61892578125,0.018267659208869035,0.28080158337456695,0.0
2022-03-03,16498.05078125,16498.05078125,16768.94921875,16442.94921875,16723.19921875,442100,-0.00649757722841704,-0.011191633122935585,16560.8501953125,17113.297509765624,17403.16294921875,0.018257473483564348,-0.14603051960594937,0.0
2022-03-04,16245.349609375,16245.349609375,16456.0,16133.7998046875,16339.4501953125,456100,-0.015317032007332254,-0.00649757722841704,16560.330078125,17047.555029296876,17388.96095703125,0.01849450940827271,0.0316670436552815,0.0
2022-03-07,15863.150390625,15863.150390625,15944.599609375,15711.4501953125,15867.9501953125,585400,-0.02352668473994779,-0.015317032007332254,16401.280078125,16964.897509765626,17364.77197265625,0.019184736857252128,0.28349046261784694,1.0
2022-03-08,16013.4501953125,16013.4501953125,16028.75,15671.4501953125,15747.75,543600,0.009474776509483585,-0.02352668473994779,16245.1900390625,16904.8900390625,17344.9659765625,0.019979893442267617,-0.07140416809019479,1.0
2022-03-09,16345.349609375,16345.349609375,16418.05078125,15990.0,16078.0,462200,0.020726290088294297,0.009474776509483585,16193.0701171875,16858.82001953125,17330.14796875,0.021820682667388337,-0.14974245768947758,1.0
2022-03-10,16594.900390625,16594.900390625,16757.30078125,16447.900390625,16757.099609375,486400,0.01526738719047449,0.020726290088294297,16212.4400390625,16815.375,17317.3809765625,0.02268284577170612,0.05235828645607965,1.0
2022-03-11,16630.44921875,16630.44921875,16694.400390625,16470.900390625,16528.80078125,343700,0.0021421537513466316,0.01526738719047449,16289.4599609375,16766.60498046875,17305.71796875,0.016183116472741416,-0.2933799342105263,1.0
2022-03-14,16871.30078125,16871.30078125,16887.94921875,16606.5,16633.69921875,314700,0.014482565042708062,0.0021421537513466316,16491.0900390625,16741.43251953125,17299.065,0.014794044693018999,-0.08437590922315974,0.0
2022-03-15,16663.0,16663.0,16927.75,16555.0,16900.650390625,381600,-0.012346456503312231,0.014482565042708062,16621.0,16732.44248046875,17285.243984375,0.015166462869016763,0.21258341277407045,1.0
2022-03-16,16975.349609375,16975.349609375,16987.900390625,16837.849609375,16876.650390625,260000,0.018745100484606647,-0.012346456503312231,16747.0,16713.5875,17272.2369921875,0.01580200796040381,-0.31865828092243187,1.0
2022-03-17,17287.05078125,17287.05078125,17344.599609375,17175.75,17202.900390625,448300,0.018361988356508263,0.018745100484606647,16885.430078125,16711.830078125,17261.8730078125,0.016211700232185905,0.7242307692307692,0.0
2022-03-21,17117.599609375,17117.599609375,17353.349609375,17096.400390625,17329.5,285500,-0.009802202470463706,0.018361988356508263,16982.86015625,16702.480078125,17245.72,0.015530793421014065,-0.3631496765558777,1.0
2022-03-22,17315.5,17315.5,17334.400390625,17006.30078125,17120.400390625,338300,0.011561223252155806,-0.009802202470463706,17071.7,16704.4400390625,17237.1119921875,0.011795833918551386,0.18493870402802104,0.0
2022-03-23,17245.650390625,17245.650390625,17442.400390625,17199.599609375,17405.05078125,292100,-0.0040339354552280104,0.011561223252155806,17188.230078125,16706.3900390625,17225.771015625,0.012471910767450023,-0.13656517883535324,0.0
2022-03-24,17222.75,17222.75,17291.75,17091.150390625,17094.94921875,290300,-0.0013278937068936791,-0.0040339354552280104,17237.71015625,16712.917578125,17210.16,0.011807504713025658,-0.006162273194111556,0.0
2022-03-25,17153.0,17153.0,17294.900390625,17076.55078125,17289.0,237100,-0.004049875890900112,-0.0013278937068936791,17210.9,16717.405078125,17192.105,0.01157441199069298,-0.1832586978987255,1.0
2022-03-28,17222.0,17222.0,17235.099609375,17003.900390625,17181.849609375,253200,0.004022619949862971,-0.004049875890900112,17231.780078125,16766.107568359374,17172.2980078125,0.011567461652139788,0.06790383804301992,1.0
2022-03-29,17325.30078125,17325.30078125,17343.650390625,17235.69921875,17297.19921875,235100,0.005998187274997013,0.004022619949862971,17233.740234375,16799.452587890624,17153.6480078125,0.010973309387861693,-0.07148499210110582,1.0
2022-03-30,17498.25,17498.25,17522.5,17387.19921875,17468.150390625,505000,0.009982465582194733,0.005998187274997013,17284.26015625,16834.670068359374,17138.4980078125,0.009774837608322413,1.148022118247554,0.0
2022-03-31,17464.75,17464.75,17559.80078125,17435.19921875,17519.19921875,281100,-0.001914477162001882,0.009982465582194733,17332.66015625,16877.610107421875,17121.631015625,0.00865310871171882,-0.4433663366336633,1.0
2022-04-01,17670.44921875,17670.44921875,17703.69921875,17422.69921875,17436.900390625,291800,0.011777965258592316,-0.001914477162001882,17436.15,16936.230029296876,17112.778984375,0.007520571767300651,0.038064745642120146,1.0
2022-04-04,18053.400390625,18053.400390625,18114.650390625,17791.400390625,17809.099609375,345500,0.021671841339984343,0.011777965258592316,17602.430078125,17026.632568359375,17115.078984375,0.008457223234559367,0.18403015764222075,0.0
2022-04-05,17957.400390625,17957.400390625,18095.44921875,17921.55078125,18080.599609375,283500,-0.005317557796472028,0.021671841339984343,17728.85,17131.345068359376,17119.0869921875,0.0087628308616538,-0.1794500723589001,0.0
2022-04-06,17807.650390625,17807.650390625,17901.0,17779.849609375,17842.75,328800,-0.008339180323571727,-0.005317557796472028,17790.730078125,17221.055078125,17122.8969921875,0.009274788204654449,0.1597883597883598,0.0
2022-04-07,17639.55078125,17639.55078125,17787.5,17623.69921875,17723.30078125,308800,-0.00943974110495216,-0.008339180323571727,17825.690234375,17285.76513671875,17132.706015625,0.010042654146205079,-0.06082725060827254,1.0
2022-04-08,17784.349609375,17784.349609375,17842.75,17600.55078125,17698.150390625,274400,0.008208759390795572,-0.00943974110495216,17848.4703125,17345.23759765625,17142.8340234375,0.009909848135185485,-0.1113989637305699,0.0
2022-04-11,17674.94921875,17674.94921875,17779.05078125,17650.94921875,17740.900390625,251700,-0.006151497975913078,0.008208759390795572,17772.780078125,17397.46259765625,17154.13,0.010380173831959534,-0.0827259475218659,0.0
2022-04-12,17530.30078125,17530.30078125,17595.30078125,17442.349609375,17584.849609375,266000,-0.008183810641252287,-0.006151497975913078,17687.36015625,17430.41259765625,17162.69703125,0.010830586125099618,0.05681366706396496,0.0
2022-04-13,17475.650390625,17475.650390625,17663.650390625,17457.400390625,17599.900390625,245100,-0.0031174816283502382,-0.008183810641252287,17620.96015625,17471.0451171875,17165.413046875,0.010439427037438873,-0.07857142857142863,0.0
2022-04-18,17173.650390625,17173.650390625,17237.75,17067.849609375,17183.44921875,376100,-0.017281188010147552,-0.0031174816283502382,17527.780078125,17480.96015625,17157.3490625,0.011783796748145978,0.5344757241942064,0.0
2022-04-19,16958.650390625,16958.650390625,17275.650390625,16824.69921875,17258.94921875,401400,-0.012519178806467801,-0.017281188010147552,17362.640234375,17464.54013671875,17140.9220703125,0.011205697400701296,0.0672693432597713,1.0
2022-04-20,17136.55078125,17136.55078125,17186.900390625,16978.94921875,17045.25,286100,0.010490244596548015,-0.012519178806467801,17254.960546875,17465.4876953125,17132.4491015625,0.008611884004379903,-0.28724464374688585,1.0
2022-04-21,17392.599609375,17392.599609375,17414.69921875,17215.5,17234.599609375,285200,0.014941678252146096,0.010490244596548015,17227.4203125,17469.34267578125,17129.975078125,0.010701479902086546,-0.0031457532331352622,0.0
2022-04-22,17171.94921875,17171.94921875,17315.30078125,17149.19921875,17242.75,262700,-0.012686452605167986,0.014941678252146096,17166.680078125,17465.6576171875,17129.1420703125,0.011019759692365225,-0.07889200561009813,0.0
2022-04-25,16953.94921875,16953.94921875,17054.30078125,16888.69921875,17009.05078125,275700,-0.012695122564301942,-0.012686452605167986,17122.73984375,17452.217578125,17122.8860546875,0.011257812138254891,0.04948610582413404,1.0
2022-04-26,17200.80078125,17200.80078125,17223.849609375,17064.44921875,17121.30078125,261100,0.014560121616207233,-0.012695122564301942,17171.169921875,17454.6076171875,17117.6260546875,0.012159849711334735,-0.05295611171563297,0.0
2022-04-27,17038.400390625,17038.400390625,17110.69921875,16958.44921875,17073.349609375,265100,-0.009441443610115341,0.014560121616207233,17151.53984375,17445.42763671875,17106.2770703125,0.012290450345544322,0.015319800842588993,1.0
2022-04-28,17245.05078125,17245.05078125,17322.5,17071.05078125,17189.5,312900,0.012128508890934642,-0.009441443610115341,17122.030078125,17441.41513671875,17103.6830859375,0.013099357458155748,0.18030931723877774,0.0
2022-04-29,17102.55078125,17102.55078125,17377.650390625,17053.25,17329.25,336200,-0.008263240381694681,0.012128508890934642,17108.150390625,17421.63017578125,17108.8780859375,0.013267241970661281,0.07446468520294025,0.0
2022-05-02,17069.099609375,17069.099609375,17092.25,16917.25,16924.44921875,278200,-0.0019559171203674675,-0.008263240381694681,17131.18046875,17401.84765625,17103.21109375,0.012154223240310947,-0.17251635930993459,0.0
2022-05-04,16677.599609375,16677.599609375,17132.849609375,16623.94921875,17096.599609375,310600,-0.022936183451936376,-0.0019559171203674675,17026.540234375,17352.20517578125,17090.3191015625,0.013649087012885934,0.11646297627606028,1.0
2022-05-05,16682.650390625,16682.650390625,16945.69921875,16651.849609375,16854.75,265800,0.00030284821366977077,-0.022936183451936376,16955.390234375,17283.66767578125,17077.8801171875,0.013012969665087139,-0.14423696072118475,0.0
2022-05-06,16411.25,16411.25,16484.19921875,16340.900390625,16415.55078125,300500,-0.0162684216398562,0.00030284821366977077,16788.630078125,17206.36015625,17060.5791015625,0.012043728195859147,0.13054928517682463,0.0
2022-05-09,16301.849609375,16301.849609375,16403.69921875,16142.099609375,16227.7001953125,288400,-0.006666182687180999,-0.0162684216398562,16628.48984375,17131.0701171875,17042.4830859375,0.01180521787586471,-0.040266222961730436,0.0
2022-05-10,16240.0498046875,16240.0498046875,16404.55078125,16197.2998046875,16248.900390625,283100,-0.003790968888092272,-0.006666182687180999,16462.6798828125,17061.095068359376,17025.44009765625,0.011502590799002038,-0.01837725381414701,0.0
2022-05-11,16167.099609375,16167.099609375,16318.75,15992.599609375,16270.0498046875,284300,-0.0044919933245182175,-0.003790968888092272,16360.5798828125,16980.232568359374,17007.51708984375,0.009436161856910118,0.004238784881667179,0.0
2022-05-12,15808.0,15808.0,16041.9501953125,15735.75,16021.099609375,314900,-0.022211752141785834,-0.0044919933245182175,16185.6498046875,16886.885107421876,16998.7180859375,0.010710884384486856,0.1076327822722476,0.0
2022-05-13,15782.150390625,15782.150390625,16083.599609375,15740.849609375,15977.0,369100,-0.0016352232651188903,-0.022211752141785834,16059.8298828125,16799.477587890626,16981.1930859375,0.0085959380245641,0.17211813274055254,1.0
2022-05-16,15842.2998046875,15842.2998046875,15977.9501953125,15739.650390625,15845.099609375,217600,0.0038112305721171857,-0.0016352232651188903,15967.919921875,16717.81005859375,16962.16107421875,0.009480897420137052,-0.4104578704958006,1.0
2022-05-17,16259.2998046875,16259.2998046875,16284.25,15900.7998046875,15912.599609375,295700,0.026321935902047233,0.0038112305721171857,15971.769921875,16672.092529296875,16955.2280859375,0.014325481251298842,0.35891544117647056,0.0
2022-05-18,16240.2998046875,16240.2998046875,16399.80078125,16211.2001953125,16318.150390625,290400,-0.0011685620062508173,0.026321935902047233,15986.4099609375,16636.175,16950.07306640625,0.012832090557131252,-0.01792357118701382,0.0
2022-05-19,15809.400390625,15809.400390625,15984.75,15775.2001953125,15917.400390625,313900,-0.026532725334179386,-0.0011685620062508173,15986.6900390625,16569.81748046875,16941.35408203125,0.014815104871545162,0.0809228650137741,1.0
2022-05-20,16266.150390625,16266.150390625,16283.0498046875,16003.849609375,16043.7998046875,252400,0.028891038794289337,-0.026532725334179386,16083.4900390625,16513.49501953125,16949.41408203125,0.017691339423107705,-0.1959222682382924,0.0
2022-05-23,16214.7001953125,16214.7001953125,16414.69921875,16185.75,16290.9501953125,293800,-0.0031630222318707046,0.028891038794289337,16157.9701171875,16465.632568359375,16953.43908203125,0.017595538845478906,0.16402535657686212,0.0
2022-05-24,16125.150390625,16125.150390625,16262.7998046875,16078.599609375,16225.5498046875,249800,-0.005522754266735541,-0.0031630222318707046,16131.140234375,16424.192626953125,16949.03509765625,0.017641117673001628,-0.14976174268209663,0.0
2022-05-25,16025.7998046875,16025.7998046875,16223.349609375,16006.9501953125,16196.349609375,243300,-0.006161219184365629,-0.005522754266735541,16088.240234375,16365.442578125,16937.6530859375,0.01769017854809459,-0.026020816653322676,1.0
2022-05-26,16170.150390625,16170.150390625,16204.4501953125,15903.7001953125,16105.0,314300,0.009007387318995308,-0.006161219184365629,16160.390234375,16322.030078125,16928.447109375,0.01616860114590017,0.2918207973695026,1.0
2022-05-27,16352.4501953125,16352.4501953125,16370.599609375,16221.9501953125,16296.599609375,274100,0.011273847198922216,0.009007387318995308,16177.6501953125,16277.400048828125,16918.07009765625,0.016326539088099144,-0.12790327712376715,1.0
2022-05-30,16661.400390625,16661.400390625,16695.5,16506.150390625,16527.900390625,251400,0.018893205092962884,0.011273847198922216,16266.990234375,16255.342529296875,16918.03810546875,0.01702224013091785,-0.08281649033199567,0.0
2022-05-31,16584.55078125,16584.55078125,16690.75,16521.900390625,16578.44921875,651600,-0.004612433983534836,0.018893205092962884,16358.8703125,16231.115087890625,16910.22212890625,0.015496482818178845,1.5918854415274462,0.0
2022-06-01,16522.75,16522.75,16649.19921875,16438.849609375,16594.400390625,249600,-0.0037264067061659745,-0.004612433983534836,16458.2603515625,16223.372607421876,16894.93611328125,0.015577153345212978,-0.6169429097605893,1.0
2022-06-02,16628.0,16628.0,16646.400390625,16443.05078125,16481.650390625,236000,0.006370004993115463,-0.0037264067061659745,16549.8302734375,16220.640087890624,16885.14412109375,0.011978819781525244,-0.054487179487179516,0.0
2022-06-03,16584.30078125,16584.30078125,16793.849609375,16567.900390625,16761.650390625,245500,-0.002628050201467391,0.006370004993115463,16596.200390625,16229.292626953125,16870.52013671875,0.008739226863088072,0.0402542372881356,0.0
2022-06-06,16569.55078125,16569.55078125,16610.94921875,16444.55078125,16530.69921875,233600,-0.0008893953501298846,-0.002628050201467391,16577.83046875,16242.677685546874,16856.99814453125,0.008619513820942592,-0.04847250509164969,0.0
2022-06-07,16416.349609375,16416.349609375,16487.25,16347.099609375,16469.599609375,233800,-0.009245946006475991,-0.0008893953501298846,16544.190234375,16251.49267578125,16840.87013671875,0.009059370922948822,0.0008561643835616195,0.0
2022-06-08,16356.25,16356.25,16514.30078125,16293.349609375,16474.94921875,243500,-0.0036609606157923524,-0.009245946006475991,16510.890234375,16260.9501953125,16824.93513671875,0.008846375611977786,0.04148845166809245,1.0
2022-06-09,16478.099609375,16478.099609375,16492.80078125,16243.849609375,16263.849609375,205000,0.00744972774168895,-0.0036609606157923524,16480.91015625,16294.45517578125,16810.05712890625,0.008723671902416831,-0.1581108829568788,0.0
2022-06-10,16201.7998046875,16201.7998046875,16324.7001953125,16172.599609375,16283.9501953125,189700,-0.016767698414100085,0.00744972774168895,16404.4099609375,16315.437646484375,16787.587109375,0.009821502271669426,-0.07463414634146337,0.0
2022-06-13,15774.400390625,15774.400390625,15886.150390625,15684.0,15877.5498046875,225500,-0.026379749115209128,-0.016767698414100085,16245.3798828125,16312.04267578125,16753.1101171875,0.010123065673804037,0.18871903004744328,0.0
2022-06-14,15732.099609375,15732.099609375,15858.0,15659.4501953125,15674.25,225400,-0.00268160945598539,-0.026379749115209128,16108.5298828125,16285.682666015626,16718.457109375,0.010158301540318933,-0.00044345898004438666,0.0
2022-06-15,15692.150390625,15692.150390625,15783.650390625,15678.900390625,15729.25,183000,-0.0025393443813560568,-0.00268160945598539,15975.7099609375,16258.2751953125,16678.8911328125,0.010184544482346881,-0.1881100266193434,0.0
2022-06-16,15360.599609375,15360.599609375,15863.150390625,15335.099609375,15832.25,264700,-0.021128447854290244,-0.0025393443813560568,15752.2099609375,16235.83515625,16625.0351171875,0.010453104425703864,0.44644808743169406,0.0
2022-06-17,15293.5,15293.5,15400.400390625,15183.400390625,15272.650390625,342600,-0.00436829362663993,-0.021128447854290244,15570.55,16187.20263671875,16571.757109375,0.010370723389659975,0.2942954287873063,1.0
2022-06-20,15350.150390625,15350.150390625,15382.5,15191.099609375,15334.5,260000,0.0037042135956451006,-0.00436829362663993,15485.7,16143.975146484376,16522.607109375,0.010813979814252705,-0.2410974897840047,1.0
2022-06-21,15638.7998046875,15638.7998046875,15707.25,15419.849609375,15455.9501953125,262800,0.018804337854487096,0.0037042135956451006,15467.0400390625,16119.6576171875,16482.59208984375,0.013606105968194988,0.010769230769230864,0.0
2022-06-22,15413.2998046875,15413.2998046875,15565.400390625,15385.9501953125,15545.650390625,220900,-0.014419265085317434,0.018804337854487096,15411.269921875,16089.0326171875,16435.17109375,0.013931274611586409,-0.15943683409436837,1.0
2022-06-23,15556.650390625,15556.650390625,15628.4501953125,15367.5,15451.5498046875,259200,0.009300447519609234,-0.014419265085317434,15450.480078125,16058.3576171875,16392.8051171875,0.014138089368821662,0.17338162064282492,1.0
2022-06-24,15699.25,15699.25,15749.25,15619.4501953125,15657.400390625,219600,0.009166472588529428,0.009300447519609234,15531.630078125,16025.697607421875,16356.1841015625,0.014249791845483866,-0.1527777777777778,1.0
2022-06-27,15832.0498046875,15832.0498046875,15927.4501953125,15815.5,15926.2001953125,210900,0.008458990377725017,0.009166472588529428,15628.0099609375,15984.230078125,16323.31208984375,0.01199352757513488,-0.0396174863387978,1.0
2022-06-28,15850.2001953125,15850.2001953125,15892.099609375,15710.150390625,15757.4501953125,251900,0.0011464333961117568,0.008458990377725017,15670.2900390625,15947.512548828125,16296.8430859375,0.011944175792710884,0.19440493124703662,0.0
2022-06-29,15799.099609375,15799.099609375,15861.599609375,15687.7998046875,15701.7001953125,444900,-0.0032239710103227903,0.0011464333961117568,15747.45,15911.330029296874,16273.6520703125,0.011967462642714437,0.7661770543866613,0.0
2022-06-30,15780.25,15780.25,15890.0,15728.849609375,15774.5,306000,-0.001193081241402827,-0.0032239710103227903,15792.169921875,15868.942529296875,16246.5260546875,0.009277117752731408,-0.3122049898853675,0.0
2022-07-01,15752.0498046875,15752.0498046875,15793.9501953125,15511.0498046875,15703.7001953125,364100,-0.0017870563085186086,-0.001193081241402827,15802.7298828125,15827.32998046875,16213.71505859375,0.009091489239000576,0.18986928104575163,1.0
2022-07-04,15835.349609375,15835.349609375,15852.349609375,15661.7998046875,15710.5,304300,0.005288188249805481,-0.0017870563085186086,15803.38984375,15790.619921875,16186.98306640625,0.00911896093781094,-0.1642405932436144,0.0
2022-07-05,15810.849609375,15810.849609375,16025.75,15785.4501953125,15909.150390625,254200,-0.0015471713984448465,0.005288188249805481,15795.5197265625,15760.344921875,16164.12107421875,0.0073345050010737945,-0.16464015773907326,1.0
2022-07-06,15989.7998046875,15989.7998046875,16011.349609375,15800.900390625,15818.2001953125,288400,0.011318189707300252,-0.0015471713984448465,15833.659765625,15742.022412109374,16139.9010546875,0.005582700161772122,0.13453973249409912,1.0
2022-07-07,16132.900390625,16132.900390625,16150.5,16045.9501953125,16113.75,264600,0.00894949203151052,0.011318189707300252,15904.18984375,15724.762451171875,16121.7910546875,0.00554450292457644,-0.08252427184466016,1.0
2022-07-08,16220.599609375,16220.599609375,16275.5,16157.900390625,16273.650390625,281100,0.005436047866567373,0.00894949203151052,15997.8998046875,15725.70244140625,16101.30203125,0.005250371095588513,0.06235827664399096,0.0
2022-07-11,16216.0,16216.0,16248.5498046875,16115.5,16136.150390625,255900,-0.00028356592763323363,0.005436047866567373,16074.0298828125,15747.782421875,16083.571015625,0.0050156636963570225,-0.08964781216648876,0.0
2022-07-12,16058.2998046875,16058.2998046875,16158.75,16031.150390625,16126.2001953125,208600,-0.0097249750439381,-0.00028356592763323363,16123.519921875,15764.092431640625,16063.35501953125,0.006326854836444362,-0.18483782727627984,0.0
2022-07-13,15966.650390625,15966.650390625,16140.0,15950.150390625,16128.2001953125,233300,-0.005707292501522909,-0.0097249750439381,16118.8900390625,15777.817431640626,16049.13603515625,0.006569257097234459,0.11840843720038352,0.0
2022-07-14,15938.650390625,15938.650390625,16070.849609375,15858.2001953125,16018.849609375,228600,-0.0017536552323109689,-0.005707292501522909,16080.0400390625,15806.719970703125,16034.25603515625,0.0065931090758949516,-0.02014573510501505,1.0
2022-07-15,16049.2001953125,16049.2001953125,16066.9501953125,15927.2998046875,16010.7998046875,205800,0.0069359576863876615,-0.0017536552323109689,16045.76015625,15844.50498046875,16027.0150390625,0.0067556746705444825,-0.09973753280839892,1.0
2022-07-18,16278.5,16278.5,16287.9501953125,16142.2001953125,16151.400390625,227700,0.014287304158276504,0.0069359576863876615,16058.26015625,15890.9224609375,16026.548046875,0.00778016805575145,0.10641399416909625,1.0
2022-07-19,16340.5498046875,16340.5498046875,16359.5,16187.0498046875,16187.0498046875,222600,0.003811764271124396,0.014287304158276504,16114.71015625,15926.0099609375,16028.558046875,0.007631289312304915,-0.022397891963109373,1.0
2022-07-20,16520.849609375,16520.849609375,16588.0,16490.94921875,16562.80078125,284400,0.01103388850696918,0.003811764271124396,16225.55,15981.387451171875,16035.633046875,0.007598670075442108,0.27762803234501354,1.0
2022-07-21,16605.25,16605.25,16626.94921875,16483.900390625,16523.55078125,243600,0.005108719746296009,0.01103388850696918,16358.869921875,16033.817431640626,16051.578046875,0.007375078812345309,-0.14345991561181437,1.0
2022-07-22,16719.44921875,16719.44921875,16752.25,16610.900390625,16661.25,190900,0.006877295960614926,0.005108719746296009,16492.9197265625,16084.827392578125,16070.3240234375,0.00744359641596995,-0.2163382594417077,0.0
2022-07-25,16631.0,16631.0,16706.05078125,16564.25,16662.55078125,211400,-0.005290199311757782,0.006877295960614926,16563.4197265625,16124.77490234375,16086.09802734375,0.007850614472722763,0.10738606600314293,0.0
2022-07-26,16483.849609375,16483.849609375,16636.099609375,16463.30078125,16632.900390625,208200,-0.00884795806776506,-0.005290199311757782,16592.0796875,16156.457373046875,16090.5890234375,0.0077016378133240235,-0.015137180700094621,1.0
2022-07-27,16641.80078125,16641.80078125,16653.44921875,16438.75,16475.349609375,185200,0.0095821774414373,-0.00884795806776506,16616.269921875,16198.592431640625,16098.61904296875,0.007369652968491665,-0.11047070124879921,1.0
2022-07-28,16929.599609375,16929.599609375,16947.650390625,16746.25,16774.849609375,376300,0.017293731123692924,0.0095821774414373,16681.13984375,16256.059912109375,16121.02302734375,0.008093178524057932,1.0318574514038876,1.0
2022-07-29,17158.25,17158.25,17172.80078125,17018.150390625,17079.5,436100,0.013505953826479233,0.017293731123692924,16768.9,16326.369921875,16138.86501953125,0.008430112071403217,0.15891575870316244,1.0
2022-08-01,17340.05078125,17340.05078125,17356.25,17154.80078125,17243.19921875,381500,0.010595531668439406,0.013505953826479233,16910.71015625,16401.60498046875,16161.37203125,0.008138481667593912,-0.1252006420545746,1.0
2022-08-02,17345.44921875,17345.44921875,17390.150390625,17215.849609375,17310.150390625,333600,0.000311327663805816,0.010595531668439406,17083.030078125,16478.3349609375,16185.7780078125,0.008333541467719544,-0.1255570117955439,1.0
2022-08-03,17388.150390625,17388.150390625,17407.5,17225.849609375,17349.25,285400,0.002461808358865669,0.000311327663805816,17232.3,16548.252490234376,16213.02501953125,0.0081999606053173,-0.14448441247002397,0.0
2022-08-04,17382.0,17382.0,17490.69921875,17161.25,17463.099609375,325000,-0.0003537116074355806,0.002461808358865669,17322.780078125,16610.707470703124,16237.26201171875,0.00838362819305909,0.13875262789067966,1.0
2022-08-05,17397.5,17397.5,17474.400390625,17348.75,17423.650390625,355300,0.0008917270739845495,-0.0003537116074355806,17370.630078125,16669.552490234375,16258.1630078125,0.008417655116165313,0.09323076923076923,1.0
2022-08-08,17525.099609375,17525.099609375,17548.80078125,17359.75,17401.5,257000,0.007334364671648164,0.0008917270739845495,17407.63984375,16735.007470703124,16275.4369921875,0.007790341347622668,-0.2766676048409794,1.0
2022-08-10,17534.75,17534.75,17566.099609375,17442.80078125,17566.099609375,312700,0.0005506610997998429,0.007334364671648164,17445.5,16808.82998046875,16294.4409765625,0.006326187994622378,0.21673151750972752,1.0
2022-08-11,17659.0,17659.0,17719.30078125,17631.94921875,17711.650390625,311200,0.007085929368824795,0.0005506610997998429,17499.669921875,16893.4474609375,16317.1659765625,0.0062271374506347055,-0.004796929964822505,1.0
2022-08-12,17698.150390625,17698.150390625,17724.650390625,17597.849609375,17659.650390625,303900,0.0022170219505635025,0.007085929368824795,17562.9,16981.4224609375,16338.568984375,0.004854025031203604,-0.023457583547557892,1.0
2022-08-16,17825.25,17825.25,17839.099609375,17764.05078125,17797.19921875,0,0.007181519343531395,0.0022170219505635025,17648.45,17070.224951171876,16363.38796875,0.003853315275633314,-1.0,1.0
2022-08-17,17944.25,17944.25,17965.94921875,17833.349609375,17868.150390625,262800,0.006675923198833145,0.007181519343531395,17732.280078125,17153.512451171875,16390.881953125,0.0032387274803504216,inf,1.0
2022-08-18,17956.5,17956.5,17968.44921875,17852.05078125,17898.650390625,263900,0.0006826699360520383,0.006675923198833145,17816.630078125,17234.3099609375,16421.6849609375,0.003200831760120727,0.004185692541856856,0.0
2022-08-19,17758.44921875,17758.44921875,17992.19921875,17710.75,17966.55078125,295600,-0.011029475746944017,0.0006826699360520383,17836.519921875,17296.18994140625,16449.7289453125,0.005610507057551714,0.12012125805229257,0.0
2022-08-22,17490.69921875,17490.69921875,17690.05078125,17467.349609375,17682.900390625,287600,-0.0150773300473388,-0.011029475746944017,17795.0296875,17340.46240234375,16469.9809375,0.007827007273707751,-0.02706359945872805,1.0
2022-08-23,17577.5,17577.5,17625.55078125,17345.19921875,17357.349609375,285600,0.00496268217550444,-0.0150773300473388,17745.4796875,17383.36494140625,16497.49494140625,0.007945867692444073,-0.006954102920723182,1.0
2022-08-24,17604.94921875,17604.94921875,17623.650390625,17499.25,17525.44921875,262000,0.001561611079505143,0.00496268217550444,17677.61953125,17432.06240234375,16534.10591796875,0.00764318361234182,-0.08263305322128855,0.0
2022-08-25,17522.44921875,17522.44921875,17726.5,17487.44921875,17679.0,230200,-0.004686182219266755,0.001561611079505143,17590.809375,17483.9923828125,16569.91291015625,0.007815355526122891,-0.12137404580152666,1.0
2022-08-26,17558.900390625,17558.900390625,17685.849609375,17519.349609375,17619.30078125,266600,0.002080255529346653,-0.004686182219266755,17550.899609375,17529.84736328125,16607.24791015625,0.007460289799501325,0.15812337098175488,0.0
2022-08-29,17312.900390625,17312.900390625,17380.150390625,17166.19921875,17188.650390625,244900,-0.014009988924553851,0.002080255529346653,17515.33984375,17549.01240234375,16646.29392578125,0.00848730792133359,-0.08139534883720934,1.0
2022-08-30,17759.30078125,17759.30078125,17777.650390625,17401.5,17414.94921875,324700,0.02578426378902554,-0.014009988924553851,17551.7,17579.06494140625,16695.60994140625,0.012053299285808719,0.3258472846059617,0.0
2022-09-01,17542.80078125,17542.80078125,17695.599609375,17468.44921875,17485.69921875,308500,-0.012190795272107646,0.02578426378902554,17539.2703125,17589.20244140625,16739.46294921875,0.012312869170329229,-0.049892208192177434,0.0
2022-09-02,17539.44921875,17539.44921875,17643.849609375,17476.44921875,17598.400390625,256300,-0.0001910505934481499,-0.012190795272107646,17542.6703125,17598.90244140625,16777.4759375,0.012293286592775626,-0.16920583468395467,1.0
2022-09-05,17665.80078125,17665.80078125,17683.150390625,17540.349609375,17546.44921875,230300,0.007203850071011875,-0.0001910505934481499,17564.050390625,17612.7849609375,16822.52595703125,0.012203160688933973,-0.10144362075692548,0.0
2022-09-06,17655.599609375,17655.599609375,17764.650390625,17587.650390625,17695.69921875,251200,-0.0005774531254664206,0.007203850071011875,17632.590234375,17626.46494140625,16864.50494140625,0.011082863535720732,0.09075119409465904,0.0
2022-09-07,17624.400390625,17624.400390625,17650.75,17484.30078125,17519.400390625,354100,-0.0017671004916441913,-0.0005774531254664206,17605.61015625,17637.8099609375,16903.00794921875,0.011019221785602383,0.4096337579617835,1.0
2022-09-08,17798.75,17798.75,17807.650390625,17691.94921875,17748.150390625,279800,0.009892512965589573,-0.0017671004916441913,17656.8,17651.49248046875,16942.341953125,0.01143069895057804,-0.2098277322790172,1.0
2022-09-09,17833.349609375,17833.349609375,17925.94921875,17786.0,17923.349609375,270300,0.0019439347917691308,0.009892512965589573,17715.580078125,17666.4224609375,16982.00494140625,0.011245100506636727,-0.03395282344531814,1.0
2022-09-12,17936.349609375,17936.349609375,17980.55078125,17889.150390625,17890.849609375,228200,0.005775695663245095,0.0019439347917691308,17769.68984375,17680.28994140625,17024.74994140625,0.011315221164633855,-0.15575286718460968,1.0
2022-09-13,18070.05078125,18070.05078125,18088.30078125,18015.44921875,18044.44921875,259900,0.007454201929980142,0.005775695663245095,17852.580078125,17698.8849609375,17070.54595703125,0.009841319960139105,0.13891323400525857,0.0
2022-09-14,18003.75,18003.75,18091.55078125,17771.150390625,17771.150390625,365900,-0.0036690976717561608,0.007454201929980142,17928.45,17707.8099609375,17115.5799609375,0.0065724980569857785,0.40784917275875343,0.0
2022-09-15,17877.400390625,17877.400390625,18096.150390625,17861.5,18046.349609375,289600,-0.007017960667916379,-0.0036690976717561608,17944.180078125,17704.46748046875,17156.4209765625,0.005501370872626554,-0.20852691992347638,0.0
2022-09-16,17530.849609375,17530.849609375,17820.05078125,17497.25,17796.80078125,468500,-0.019384853148544656,-0.007017960667916379,17883.680078125,17683.1849609375,17190.8209765625,0.008720349610292598,0.6177486187845305,1.0
2022-09-19,17622.25,17622.25,17667.19921875,17429.69921875,17540.650390625,258300,0.0052136885924867205,-0.019384853148544656,17820.86015625,17676.375,17223.46998046875,0.008558512815361168,-0.44866595517609387,1.0
2022-09-20,17816.25,17816.25,17919.30078125,17744.400390625,17770.400390625,263100,0.011008809885230342,0.0052136885924867205,17770.1,17692.6525390625,17257.13697265625,0.009259350943704153,0.018583042973286945,0.0
2022-09-21,17718.349609375,17718.349609375,17838.69921875,17663.599609375,17766.349609375,245500,-0.005495005437451739,0.011008809885230342,17713.019921875,17699.69501953125,17287.09197265625,0.009453679748863237,-0.06689471683770432,0.0
2022-09-22,17629.80078125,17629.80078125,17722.75,17532.44921875,17609.650390625,284100,-0.004997577656902563,-0.005495005437451739,17663.5,17700.93759765625,17315.36798828125,0.008983509824843305,0.1572301425661915,0.0
2022-09-23,17327.349609375,17327.349609375,17642.150390625,17291.650390625,17593.849609375,390800,-0.017155677232420508,-0.004997577656902563,17622.8,17691.1826171875,17340.748984375,0.010248946969397358,0.3755719816965857,0.0
2022-09-26,17016.30078125,17016.30078125,17196.400390625,16978.30078125,17156.30078125,492000,-0.017951321762256445,-0.017155677232420508,17501.61015625,17664.05263671875,17361.7419921875,0.01076940306469343,0.2589559877175025,0.0
2022-09-27,17007.400390625,17007.400390625,17176.44921875,16942.349609375,17110.900390625,359900,-0.0005230508522044985,-0.017951321762256445,17339.840234375,17648.77763671875,17383.1169921875,0.009995610476716797,-0.26849593495934965,0.0
2022-09-28,16858.599609375,16858.599609375,17037.599609375,16820.400390625,16870.55078125,323900,-0.00874917846539458,-0.0005230508522044985,17167.890234375,17603.742578125,17399.30498046875,0.009993234463980455,-0.10002778549597113,0.0
2022-09-29,16818.099609375,16818.099609375,17026.05078125,16788.599609375,16993.599609375,340000,-0.0024023347691036756,-0.00874917846539458,17005.55,17567.50751953125,17410.09697265625,0.010073192762239919,0.04970669959864149,1.0
2022-09-30,17094.349609375,17094.349609375,17187.099609375,16747.69921875,16798.05078125,376100,0.01642575596626905,-0.0024023347691036756,16958.95,17545.2525390625,17425.17296875,0.011114902150812534,0.10617647058823532,0.0
2022-10-03,16887.349609375,16887.349609375,17114.650390625,16855.55078125,17102.099609375,278400,-0.012109264448790458,0.01642575596626905,16933.159765625,17506.32998046875,17432.50296875,0.011135499199156768,-0.25977133741026326,1.0
2022-10-04,17274.30078125,17274.30078125,17287.30078125,17117.30078125,17147.44921875,226000,0.02291367093271912,-0.012109264448790458,16986.53984375,17487.2650390625,17445.883984375,0.013356409049269557,-0.18821839080459768,1.0
2022-10-06,17331.80078125,17331.80078125,17428.80078125,17315.650390625,17379.25,265500,0.0033286441360573793,0.02291367093271912,17081.180078125,17472.63505859375,17458.131015625,0.013464610358298662,0.1747787610619469,0.0
2022-10-07,17314.650390625,17314.650390625,17337.349609375,17216.94921875,17287.19921875,216300,-0.0009895331040011834,0.0033286441360573793,17180.490234375,17448.430078125,17471.8040234375,0.01342910996083726,-0.18531073446327684,0.0
2022-10-10,17241.0,17241.0,17280.150390625,17064.69921875,17094.349609375,234000,-0.00425364584114718,-0.0009895331040011834,17209.8203125,17418.81259765625,17486.94703125,0.012358594173214157,0.08183079056865461,0.0
2022-10-11,16983.55078125,16983.55078125,17261.80078125,16950.30078125,17256.05078125,282600,-0.014932383199930399,-0.00425364584114718,17229.060546875,17371.17265625,17493.78203125,0.0119118561218107,0.20769230769230762,1.0
2022-10-12,17123.599609375,17123.599609375,17142.349609375,16960.05078125,17025.55078125,256000,0.008246145339619648,-0.014932383199930399,17198.9203125,17323.85009765625,17497.66203125,0.012198957442007248,-0.09412597310686488,0.0
2022-10-13,17014.349609375,17014.349609375,17112.349609375,16956.94921875,17087.349609375,266400,-0.006380083772817624,0.008246145339619648,17135.430078125,17274.380078125,17494.7840234375,0.012015656400815965,0.04062499999999991,1.0
2022-10-14,17185.69921875,17185.69921875,17348.55078125,17169.75,17322.30078125,227000,0.010070888003887335,-0.006380083772817624,17109.63984375,17239.79501953125,17491.6969921875,0.012269713116773962,-0.14789789789789787,1.0
2022-10-17,17311.80078125,17311.80078125,17328.55078125,17098.55078125,17144.80078125,212200,0.007337586960815656,0.010070888003887335,17123.8,17228.842578125,17491.0240234375,0.011407881878339026,-0.06519823788546253,1.0
2022-10-18,17486.94921875,17486.94921875,17527.80078125,17434.05078125,17438.75,239500,0.010117285874136073,0.007337586960815656,17224.4796875,17222.0775390625,17493.0,0.010639343654870348,0.1286522148916116,1.0
2022-10-19,17512.25,17512.25,17607.599609375,17472.849609375,17568.150390625,210500,0.0014468379208691928,0.010117285874136073,17302.209765625,17206.8775390625,17495.605,0.008178371857425301,-0.12108559498956162,1.0
2022-10-20,17563.94921875,17563.94921875,17584.150390625,17421.0,17423.099609375,249600,0.0029521745492440132,0.0014468379208691928,17412.1296875,17199.15751953125,17498.933984375,0.008169364718157329,0.18574821852731582,1.0
2022-10-21,17576.30078125,17576.30078125,17670.150390625,17520.75,17622.849609375,277700,0.0007032337856462956,0.0029521745492440132,17490.25,17196.48251953125,17499.9580078125,0.008132691221437054,0.1125801282051282,1.0
2022-10-24,17730.75,17730.75,17777.55078125,17707.400390625,17736.349609375,45000,0.008787356376761757,0.0007032337856462956,17574.03984375,17216.6525390625,17503.8780078125,0.008147643954383488,-0.8379546272956427,0.0
2022-10-25,17656.349609375,17656.349609375,17811.5,17637.0,17808.30078125,251400,-0.004196122026705051,0.008787356376761757,17607.919921875,17248.65498046875,17503.825,0.005959949815829842,4.586666666666667,1.0
2022-10-27,17736.94921875,17736.94921875,17783.900390625,17654.5,17771.400390625,324600,0.004564907874966551,-0.004196122026705051,17652.859765625,17285.132421875,17504.6009765625,0.005773019551087962,0.29116945107398573,1.0
2022-10-28,17786.80078125,17786.80078125,17838.900390625,17723.69921875,17756.400390625,250000,0.002810605244745412,0.004564907874966551,17697.430078125,17331.54248046875,17503.8319921875,0.004638239582085716,-0.2298213185459026,1.0
2022-10-31,18012.19921875,18012.19921875,18022.80078125,17899.900390625,17910.19921875,227200,0.012672230395564199,0.002810605244745412,17784.609765625,17391.2474609375,17505.1909765625,0.005043192248258408,-0.09119999999999995,1.0
2022-11-01,18145.400390625,18145.400390625,18175.80078125,18060.150390625,18130.69921875,349900,0.007395053222392978,0.012672230395564199,17867.53984375,17443.8,17508.968984375,0.005046538476385936,0.5400528169014085,0.0
2022-11-02,18082.849609375,18082.849609375,18178.75,18048.650390625,18177.900390625,270900,-0.003447197631545107,0.007395053222392978,17952.83984375,17503.575,17515.4569921875,0.005254904247855392,-0.225778793941126,0.0
2022-11-03,18052.69921875,18052.69921875,18106.30078125,17959.19921875,17968.349609375,213000,-0.0016673473084335422,-0.003447197631545107,18015.98984375,17542.494921875,17526.6969921875,0.005469367898539178,-0.21373200442967888,1.0
2022-11-04,18117.150390625,18117.150390625,18135.099609375,18017.150390625,18053.400390625,267900,0.003570168155688336,-0.0016673473084335422,18082.059765625,17581.76240234375,17537.49,0.005471536687515656,0.25774647887323954,1.0
2022-11-07,18202.80078125,18202.80078125,18255.5,18064.75,18211.75,314800,0.004727586225111935,0.003570168155688336,18120.180078125,17626.169921875,17549.44703125,0.005421860903922028,0.17506532288167231,0.0
2022-11-09,18157.0,18157.0,18296.400390625,18117.5,18288.25,307200,-0.002516139235956394,0.004727586225111935,18122.5,17671.969921875,17562.138046875,0.005380222929813602,-0.02414231257941546,0.0
2022-11-10,18028.19921875,18028.19921875,18103.099609375,17969.400390625,18044.349609375,256500,-0.007093725904609771,-0.002516139235956394,18111.569921875,17724.20234375,17571.5240234375,0.0058333675931803676,-0.1650390625,1.0
2022-11-11,18349.69921875,18349.69921875,18362.30078125,18259.349609375,18272.349609375,378500,0.017833173247033374,-0.007093725904609771,18170.969921875,17785.50732421875,17592.26,0.007674366043816299,0.4756335282651072,0.0
2022-11-14,18329.150390625,18329.150390625,18399.44921875,18311.400390625,18376.400390625,301400,-0.0011198455015547504,0.017833173247033374,18213.369921875,17851.24736328125,17603.6569921875,0.007808993316263983,-0.20369881109643329,1.0
2022-11-15,18403.400390625,18403.400390625,18427.94921875,18282.0,18362.75,250900,0.004050924260950772,-0.0011198455015547504,18253.48984375,17912.132421875,17620.868984375,0.007067558203028501,-0.16755142667551426,1.0
2022-11-16,18409.650390625,18409.650390625,18442.150390625,18344.150390625,18398.25,219300,0.0003396111515991951,0.004050924260950772,18304.019921875,17967.02490234375,17638.2730078125,0.006836752785326659,-0.12594659226783578,0.0
2022-11-17,18343.900390625,18343.900390625,18417.599609375,18312.94921875,18358.69921875,200500,-0.00357149639481924,0.0003396111515991951,18367.16015625,18009.8724609375,17651.835,0.006846787077366568,-0.0857273141814866,0.0
2022-11-18,18307.650390625,18307.650390625,18394.599609375,18209.80078125,18382.94921875,198800,-0.00197613371355454,-0.00357149639481924,18358.750390625,18049.64248046875,17664.876015625,0.006863111621153008,-0.008478802992518686,0.0
2022-11-21,18159.94921875,18159.94921875,18262.30078125,18133.349609375,18246.400390625,213800,-0.008067729540576885,-0.00197613371355454,18324.91015625,18079.44248046875,17675.5869921875,0.007422736323226727,0.07545271629778671,1.0
2022-11-22,18244.19921875,18244.19921875,18261.849609375,18137.69921875,18179.150390625,177700,0.00463933015368867,-0.008067729540576885,18293.069921875,18112.83740234375,17684.4959765625,0.007416885147282093,-0.16884939195509818,1.0
2022-11-23,18267.25,18267.25,18325.400390625,18246.0,18325.19921875,178800,0.0012634580983039712,0.00463933015368867,18264.58984375,18139.66240234375,17693.173984375,0.007356215212544554,0.006190208216094506,1.0
2022-11-24,18484.099609375,18484.099609375,18529.69921875,18294.25,18326.099609375,204000,0.011870949889830174,0.0012634580983039712,18292.6296875,18181.04990234375,17704.128984375,0.00758486411366868,0.14093959731543615,1.0
2022-11-25,18512.75,18512.75,18534.900390625,18445.099609375,18528.44921875,205900,0.0015500019600884762,0.011870949889830174,18333.649609375,18219.83994140625,17712.98296875,0.00535316755124898,0.009313725490196045,1.0
2022-11-28,18562.75,18562.75,18614.25,18365.599609375,18430.55078125,206500,0.0027008413120686026,0.0015500019600884762,18414.209765625,18258.63740234375,17724.16296875,0.0053294476200208924,0.0029140359397765714,1.0
2022-11-29,18618.05078125,18618.05078125,18678.099609375,18552.150390625,18552.44921875,195300,0.00297912654375021,0.0027008413120686026,18488.980078125,18288.92998046875,17738.9759765625,0.005278059303240425,-0.05423728813559325,1.0
2022-11-30,18758.349609375,18758.349609375,18816.05078125,18616.55078125,18625.69921875,345600,0.007535634625419174,0.00297912654375021,18587.2,18319.57744140625,17763.5259765625,0.00563061506262638,0.7695852534562213,1.0
2022-12-01,18812.5,18812.5,18887.599609375,18778.19921875,18871.94921875,325000,0.002886735334004964,0.007535634625419174,18652.880078125,18356.0599609375,17787.3309765625,0.005294631653656043,-0.05960648148148151,0.0
2022-12-02,18696.099609375,18696.099609375,18781.94921875,18639.19921875,18752.400390625,254400,-0.006187396179402005,0.002886735334004964,18689.55,18388.22998046875,17804.92796875,0.005833634721591,-0.21723076923076923,1.0
2022-12-05,18701.05078125,18701.05078125,18728.599609375,18591.349609375,18719.55078125,288400,0.00026482378562620035,-0.006187396179402005,18717.21015625,18417.425,17824.5819921875,0.004702703196139332,0.13364779874213828,0.0
2022-12-06,18642.75,18642.75,18654.900390625,18577.900390625,18600.650390625,217800,-0.0031175136590962937,0.00026482378562620035,18722.15,18439.4224609375,17844.8409765625,0.0050220427180784335,-0.2447988904299584,0.0
2022-12-07,18560.5,18560.5,18668.30078125,18528.400390625,18638.849609375,200500,-0.004411902750398933,-0.0031175136590962937,18682.580078125,18459.5974609375,17869.503984375,0.005439769556892073,-0.07943067033976126,1.0
2022-12-08,18609.349609375,18609.349609375,18625.0,18536.94921875,18570.849609375,202800,0.002631912360927746,-0.004411902750398933,18641.95,18488.65498046875,17901.3649609375,0.004129676282601929,0.011471321695760706,0.0
2022-12-09,18496.599609375,18496.599609375,18664.69921875,18410.099609375,18662.400390625,215800,-0.006058782405979346,0.002631912360927746,18602.05,18496.0,17931.1489453125,0.004623635626889041,0.0641025641025641,1.0
2022-12-12,18497.150390625,18497.150390625,18521.55078125,18345.69921875,18402.150390625,193900,2.977743269738653e-05,-0.006058782405979346,18561.269921875,18504.4,17963.9199609375,0.004521308990808422,-0.10148285449490269,1.0
2022-12-13,18608.0,18608.0,18617.25,18490.19921875,18524.400390625,187600,0.0059927938646799905,2.977743269738653e-05,18554.319921875,18514.62998046875,17999.71796875,0.004855561004083503,-0.032490974729241895,1.0
2022-12-14,18660.30078125,18660.30078125,18696.099609375,18632.900390625,18671.25,208000,0.002810661073194387,0.0059927938646799905,18574.280078125,18527.1625,18031.0369921875,0.004225053492156604,0.10874200426439229,0.0
2022-12-15,18414.900390625,18414.900390625,18652.900390625,18387.69921875,18614.400390625,183100,-0.013150934355333654,0.002810661073194387,18535.390234375,18530.7125,18061.5880078125,0.005607589334525933,-0.11971153846153848,0.0
2022-12-16,18269.0,18269.0,18440.94921875,18255.150390625,18319.099609375,277700,-0.00792295301794177,-0.013150934355333654,18489.8703125,18528.77998046875,18081.4819921875,0.00577192489912621,0.5166575641725832,1.0
2022-12-19,18420.44921875,18420.44921875,18431.650390625,18244.55078125,18288.099609375,154800,0.008289956688926514,-0.00792295301794177,18474.530078125,18541.80498046875,18103.2549609375,0.006657123888816319,-0.4425639178970112,0.0
2022-12-20,18385.30078125,18385.30078125,18404.900390625,18202.650390625,18340.30078125,169000,-0.0019081205394395617,0.008289956688926514,18429.990234375,18548.86005859375,18124.66796875,0.006635235377293289,0.09173126614987082,0.0
2022-12-21,18199.099609375,18199.099609375,18473.349609375,18162.75,18435.150390625,187600,-0.01012771964355863,-0.0019081205394395617,18337.75,18545.4525390625,18143.8299609375,0.007152445692709913,0.11005917159763312,0.0
2022-12-22,18127.349609375,18127.349609375,18318.75,18068.599609375,18288.80078125,195700,-0.003942502735851727,-0.01012771964355863,18280.23984375,18527.6150390625,18166.7059375,0.0069855805851540605,0.0431769722814499,0.0
2022-12-23,17806.80078125,17806.80078125,18050.44921875,17779.5,17977.650390625,221500,-0.01768316025411787,-0.003942502735851727,18187.8,18492.317578125,18180.3699609375,0.008440900853806502,0.13183444047010728,1.0
2022-12-26,18014.599609375,18014.599609375,18084.099609375,17774.25,17830.400390625,176700,0.011669632893506865,-0.01768316025411787,18106.630078125,18464.91005859375,18200.3749609375,0.009726425656408074,-0.20225733634311516,1.0
2022-12-27,18132.30078125,18132.30078125,18149.25,17967.44921875,18089.80078125,214300,0.006533654614990558,0.011669632893506865,18056.030078125,18440.62255859375,18219.3069921875,0.009780851475356213,0.21279003961516696,0.0
2022-12-28,18122.5,18122.5,18173.099609375,18068.349609375,18084.75,193900,-0.0005405150382313817,0.006533654614990558,18040.71015625,18408.830078125,18235.5209765625,0.00963333175181795,-0.0951936537564162,1.0
2022-12-29,18191.0,18191.0,18229.69921875,17992.80078125,18045.69921875,281100,0.00377983170092433,-0.0005405150382313817,18053.440234375,18377.755078125,18249.6019921875,0.009100349177630666,0.4497163486333162,0.0
2022-12-30,18105.30078125,18105.30078125,18265.25,18080.30078125,18259.099609375,192000,-0.00471107793689185,0.00377983170092433,18113.140234375,18348.21513671875,18261.4630078125,0.008890381909668166,-0.31696905016008536,1.0
2023-01-02,18197.44921875,18197.44921875,18215.150390625,18086.5,18131.69921875,256100,0.005089583355357918,-0.00471107793689185,18149.71015625,18323.03505859375,18274.1330078125,0.00857629805073571,0.33385416666666656,1.0
2023-01-03,18232.55078125,18232.55078125,18251.94921875,18149.80078125,18163.19921875,208700,0.00192892762485819,0.005089583355357918,18169.76015625,18302.52509765625,18287.2580078125,0.008625994115434243,-0.18508395158141355,0.0
2023-01-04,18042.94921875,18042.94921875,18243.0,18020.599609375,18230.650390625,235200,-0.010399069487028845,0.00192892762485819,18153.85,18276.64755859375,18293.5019921875,0.008658959438087453,0.1269765213224725,0.0
2023-01-05,17992.150390625,17992.150390625,18120.30078125,17892.599609375,18101.94921875,269900,-0.0028154392892826285,-0.010399069487028845,18114.080078125,18245.78759765625,18300.2180078125,0.008621161120783245,0.14753401360544216,0.0
2023-01-06,17859.44921875,17859.44921875,18047.400390625,17795.55078125,18008.05078125,238200,-0.007375503705446151,-0.0028154392892826285,18064.909765625,18213.930078125,18302.6680078125,0.0067883393354356125,-0.11745090774360878,1.0
2023-01-09,18101.19921875,18101.19921875,18141.400390625,17936.150390625,17952.55078125,257200,0.013536251708490266,-0.007375503705446151,18045.659765625,18194.13251953125,18308.9559765625,0.0071511894732364445,0.07976490344248521,0.0
2023-01-10,17914.150390625,17914.150390625,18127.599609375,17856.0,18121.30078125,283300,-0.010333504750958511,0.013536251708490266,17981.9796875,18159.4400390625,18306.995,0.007548768912145161,0.1014774494556765,0.0
2023-01-11,17895.69921875,17895.69921875,17976.349609375,17824.349609375,17924.25,259900,-0.0010299775022909463,-0.010333504750958511,17952.5296875,18121.2099609375,18302.0009765625,0.007545718808182253,-0.08259795270031767,0.0
2023-01-12,17858.19921875,17858.19921875,17945.80078125,17761.650390625,17920.849609375,227800,-0.00209547554088918,-0.0010299775022909463,17925.739453125,18093.37490234375,18297.50796875,0.007337910203467237,-0.12350904193920742,1.0
2023-01-13,17956.599609375,17956.599609375,17999.349609375,17774.25,17867.5,256700,0.005510095918388247,-0.00209547554088918,17945.16953125,18077.7548828125,18295.5859765625,0.0075978057890789315,0.12686567164179108,0.0
2023-01-16,17894.849609375,17894.849609375,18049.650390625,17853.650390625,18033.150390625,206200,-0.003438847072569362,0.005510095918388247,17903.899609375,18051.47490234375,18291.1399609375,0.007337649373825374,-0.19672769770159715,1.0
2023-01-17,18053.30078125,18053.30078125,18072.05078125,17886.94921875,17922.80078125,219100,0.008854568511824201,-0.003438847072569362,17931.7296875,18034.87490234375,18288.1499609375,0.008009217217379376,0.062560620756547,1.0
2023-01-18,18165.349609375,18165.349609375,18183.75,18032.44921875,18074.30078125,255800,0.006206556323560042,0.008854568511824201,17985.659765625,18033.18740234375,18288.316953125,0.007542276086584036,0.1675034230944774,0.0
2023-01-19,18107.849609375,18107.849609375,18155.19921875,18063.75,18119.80078125,237800,-0.003165367099256078,0.006206556323560042,18035.58984375,18032.21240234375,18289.9099609375,0.0075611960548299835,-0.07036747458952308,0.0
2023-01-20,18027.650390625,18027.650390625,18145.44921875,18016.19921875,18115.599609375,237200,-0.004428975305189153,-0.003165367099256078,18049.8,18043.2548828125,18283.468984375,0.007264562207286395,-0.002523128679562614,1.0
2023-01-23,18118.55078125,18118.55078125,18162.599609375,18063.44921875,18118.44921875,202500,0.005042276095628795,-0.004428975305189153,18094.540234375,18048.45244140625,18279.2569921875,0.006021064134871866,-0.14629005059021927,0.0
2023-01-24,18118.30078125,18118.30078125,18201.25,18078.650390625,18183.94921875,216900,-1.3798013043020418e-05,0.005042276095628795,18107.540234375,18047.75244140625,18273.555,0.004790427437643462,0.07111111111111112,0.0
2023-01-25,17891.94921875,17891.94921875,18100.599609375,17846.150390625,18093.349609375,257200,-0.01249297962501228,-1.3798013043020418e-05,18052.86015625,18036.22490234375,18263.2009765625,0.006451848747751919,0.18579990779160904,0.0
2023-01-27,17604.349609375,17604.349609375,17884.75,17493.55078125,17877.19921875,476300,-0.016074246906178757,-0.01249297962501228,17952.16015625,18006.8923828125,18248.4099609375,0.008226148054036663,0.8518662519440123,1.0
2023-01-30,17648.94921875,17648.94921875,17709.150390625,17405.55078125,17541.94921875,432400,0.0025334426073457816,-0.016074246906178757,17876.419921875,17984.0748046875,18235.2359375,0.007999039372592278,-0.09216880117572956,1.0
2023-01-31,17662.150390625,17662.150390625,17735.69921875,17537.55078125,17731.44921875,398300,0.0007479862801675896,0.0025334426073457816,17785.13984375,17957.30986328125,18225.2799609375,0.008007349534360995,-0.07886216466234963,0.0
2023-02-01,17616.30078125,17616.30078125,17972.19921875,17353.400390625,17811.599609375,512900,-0.0025959245256645946,0.0007479862801675896,17684.73984375,17926.49736328125,18212.7219921875,0.00717241079376128,0.2877228219934722,0.0
2023-02-02,17610.400390625,17610.400390625,17653.900390625,17445.94921875,17517.099609375,490100,-0.0003349392530399564,-0.0025959245256645946,17628.430078125,17904.869921875,18199.585,0.006570882720129218,-0.044453109767986,1.0
2023-02-03,17854.05078125,17854.05078125,17870.30078125,17584.19921875,17721.75,424100,0.013835596307890219,-0.0003349392530399564,17678.3703125,17897.96494140625,18186.9840234375,0.008470575979966397,-0.13466639461334418,0.0
2023-02-06,17764.599609375,17764.599609375,17823.69921875,17698.349609375,17818.55078125,282500,-0.005010133160870178,0.013835596307890219,17701.500390625,17893.2224609375,18172.021015625,0.008495789165088098,-0.3338835180381985,0.0
2023-02-07,17721.5,17721.5,17811.150390625,17652.55078125,17790.099609375,354400,-0.0024261514654264627,-0.005010133160870178,17713.3703125,17874.2375,18155.196015625,0.00818560006933539,0.25451327433628324,1.0
2023-02-08,17871.69921875,17871.69921875,17898.69921875,17744.150390625,17750.30078125,291000,0.008475536424681795,-0.0024261514654264627,17764.45,17872.11494140625,18140.268984375,0.008848920001431776,-0.17889390519187354,1.0
2023-02-09,17893.44921875,17893.44921875,17916.900390625,17779.80078125,17885.5,260900,0.0012170079483646568,0.008475536424681795,17821.059765625,17872.00244140625,18122.9709765625,0.007943717840664886,-0.10343642611683845,0.0
2023-02-10,17856.5,17856.5,17876.94921875,17801.0,17847.55078125,232000,-0.0020649578680046465,0.0012170079483646568,17821.549609375,17871.91748046875,18103.8509765625,0.00570719746102238,-0.1107704101188195,0.0
2023-02-13,17770.900390625,17770.900390625,17880.69921875,17719.75,17859.099609375,231300,-0.00479375070002519,-0.0020649578680046465,17822.809765625,17862.63251953125,18085.3469921875,0.006013052048593879,-0.0030172413793103647,1.0
2023-02-14,17929.849609375,17929.849609375,17954.55078125,17800.05078125,17840.349609375,244500,0.0089443537049958,-0.00479375070002519,17864.4796875,17864.38251953125,18069.92296875,0.0065538603520458654,0.05706874189364464,1.0
2023-02-15,18015.849609375,18015.849609375,18034.099609375,17853.80078125,17896.599609375,229300,0.004796470794436125,0.0089443537049958,17893.309765625,17862.5099609375,18057.3849609375,0.006453582058717942,-0.06216768916155424,1.0
2023-02-16,18035.849609375,18035.849609375,18134.75,18000.650390625,18094.75,230200,0.0011101336008929596,0.004796470794436125,17921.78984375,17856.0349609375,18046.891953125,0.00640491886428262,0.003924989097252585,0.0
2023-02-17,17944.19921875,17944.19921875,18034.25,17884.599609375,17974.849609375,208100,-0.005081567689351307,0.0011101336008929596,17939.3296875,17847.85244140625,18033.5889453125,0.005363872580743598,-0.09600347523892272,0.0
2023-02-20,17844.599609375,17844.599609375,18004.349609375,17818.400390625,17965.55078125,174600,-0.005550518480140765,-0.005081567689351307,17954.06953125,17838.69990234375,18020.5489453125,0.005428077303527174,-0.16098029793368573,0.0
2023-02-21,17826.69921875,17826.69921875,17924.900390625,17800.30078125,17905.80078125,198200,-0.001003126492992057,-0.005550518480140765,17933.439453125,17824.10732421875,18007.139921875,0.005362182595799949,0.1351660939289805,0.0
2023-02-22,17554.30078125,17554.30078125,17772.5,17529.44921875,17755.349609375,204000,-0.015280363131582653,-0.001003126492992057,17841.1296875,17795.90732421875,17986.0659375,0.006605891074244468,0.029263370332996974,0.0
2023-02-23,17511.25,17511.25,17620.05078125,17455.400390625,17574.650390625,240800,-0.002452434977984641,-0.015280363131582653,17736.209765625,17776.87236328125,17963.084921875,0.006522887524381333,0.18039215686274512,0.0
2023-02-24,17465.80078125,17465.80078125,17599.75,17421.80078125,17591.349609375,209400,-0.002595429723749043,-0.002452434977984641,17640.530078125,17769.944921875,17944.1029296875,0.006524388190732422,-0.1303986710963455,0.0
2023-02-27,17392.69921875,17392.69921875,17451.599609375,17299.0,17428.599609375,246400,-0.004185411445805309,-0.002595429723749043,17550.15,17757.132421875,17926.5769140625,0.006500210861562694,0.17669531996179555,0.0
2023-02-28,17303.94921875,17303.94921875,17440.44921875,17255.19921875,17383.25,420900,-0.0051027157362857345,-0.004185411445805309,17445.6,17739.22236328125,17904.2469140625,0.005236032224999965,0.708198051948052,1.0
2023-03-01,17450.900390625,17450.900390625,17467.75,17345.25,17360.099609375,272900,0.008492348770636093,-0.0051027157362857345,17424.919921875,17730.95234375,17885.55890625,0.0059686061985750475,-0.3516274649560466,0.0
2023-03-02,17321.900390625,17321.900390625,17445.80078125,17306.0,17421.5,310700,-0.007392168719804415,0.008492348770636093,17387.05,17716.52734375,17868.014921875,0.005897110107580368,0.13851227555881285,1.0
2023-03-03,17594.349609375,17594.349609375,17644.75,17427.69921875,17451.25,356200,0.015728598629827895,-0.007392168719804415,17412.759765625,17703.54228515625,17857.354921875,0.008552808258337036,0.14644351464435146,1.0
2023-03-06,17711.44921875,17711.44921875,17799.94921875,17671.94921875,17680.349609375,362800,0.006655523618366965,0.015728598629827895,17476.509765625,17700.884765625,17855.447890625,0.008845335915386363,0.018528916339135337,1.0
2023-03-08,17754.400390625,17754.400390625,17766.5,17602.25,17665.75,267000,0.0024250512391459367,0.006655523618366965,17566.6,17702.52978515625,17850.24390625,0.00889913360386854,-0.2640573318632855,0.0
2023-03-09,17589.599609375,17589.599609375,17772.349609375,17573.599609375,17772.05078125,262400,-0.009282249899975281,0.0024250512391459367,17594.33984375,17688.4248046875,17839.3898828125,0.007932150770098732,-0.017228464419475675,0.0
2023-03-10,17412.900390625,17412.900390625,17451.5,17324.349609375,17443.80078125,235900,-0.010045664635585094,-0.009282249899975281,17612.53984375,17664.39736328125,17825.197890625,0.008556256691170067,-0.10099085365853655,0.0
2023-03-13,17154.30078125,17154.30078125,17529.900390625,17113.44921875,17421.900390625,254900,-0.014851035931626178,-0.010045664635585094,17524.530078125,17629.28740234375,17804.46390625,0.009687831128150574,0.08054260279779557,0.0
2023-03-14,17043.30078125,17043.30078125,17224.650390625,16987.099609375,17160.55078125,290600,-0.006470680525861194,-0.014851035931626178,17390.900390625,17592.907421875,17783.22390625,0.00977804578818665,0.1400549234994115,0.0
2023-03-15,16972.150390625,16972.150390625,17211.349609375,16938.900390625,17166.44921875,248200,-0.004174683738684903,-0.006470680525861194,17234.450390625,17545.0224609375,17758.7179296875,0.009749522800508021,-0.14590502408809358,1.0
2023-03-16,16985.599609375,16985.599609375,17062.44921875,16850.150390625,16994.650390625,349800,0.0007924286811309411,-0.004174683738684903,17113.650390625,17493.5099609375,17733.77890625,0.009122189638674167,0.4093473005640613,1.0
2023-03-17,17100.05078125,17100.05078125,17145.80078125,16958.150390625,17111.80078125,408100,0.006738129621978839,0.0007924286811309411,17051.08046875,17446.72001953125,17714.9209375,0.009398203351381902,0.16666666666666674,0.0
2023-03-20,16988.400390625,16988.400390625,17066.599609375,16828.349609375,17066.599609375,241800,-0.0065292432199922645,0.006738129621978839,17017.900390625,17398.930078125,17694.8459375,0.007341367654585594,-0.40749816221514334,1.0
2023-03-21,17107.5,17107.5,17127.69921875,17016.0,17060.400390625,246700,0.007010642946744028,-0.0065292432199922645,17030.740234375,17362.07509765625,17679.806953125,0.007396464332429487,0.02026468155500405,1.0
2023-03-22,17151.900390625,17151.900390625,17207.25,17107.849609375,17177.44921875,0,0.0025953757489405316,0.007010642946744028,17066.690234375,17328.33515625,17660.8209765625,0.007411648208500927,-1.0,0.0
2023-03-23,17076.900390625,17076.900390625,17205.400390625,17045.30078125,17097.400390625,219200,-0.004372693304643627,0.0025953757489405316,17084.950390625,17304.46513671875,17644.0759765625,0.007137854582247015,inf,0.0
2023-03-24,16945.05078125,16945.05078125,17109.44921875,16917.349609375,17076.19921875,228000,-0.007720933328590696,-0.004372693304643627,17053.950390625,17276.15517578125,17625.0630078125,0.006914751426808601,0.04014598540145986,1.0
2023-03-27,16985.69921875,16985.69921875,17091.0,16918.55078125,16984.30078125,218400,0.0023988383407489433,-0.007720933328590696,17053.41015625,17252.15009765625,17607.6130078125,0.0055663576669018056,-0.04210526315789476,0.0
2023-03-28,16951.69921875,16951.69921875,17061.75,16913.75,17031.75,238800,-0.002001683861354908,0.0023988383407489433,17022.25,17230.10009765625,17587.515,0.00524614212444018,0.0934065934065933,1.0
2023-03-29,17080.69921875,17080.69921875,17126.150390625,16940.599609375,16977.30078125,345900,0.007609856589321451,-0.002001683861354908,17008.009765625,17218.93759765625,17571.2319921875,0.005644060825543513,0.4484924623115578,1.0
2023-03-31,17359.75,17359.75,17381.599609375,17204.650390625,17210.349609375,263900,0.016337198944623932,0.007609856589321451,17064.5796875,17214.380078125,17557.3609765625,0.007516931466068807,-0.23706273489447816,1.0
2023-04-03,17398.05078125,17398.05078125,17428.05078125,17312.75,17427.94921875,230200,0.002206297973761151,0.016337198944623932,17155.1796875,17218.18759765625,17542.015,0.007348086326318249,-0.12769988632057594,1.0
2023-04-05,17557.05078125,17557.05078125,17570.55078125,17402.69921875,17422.30078125,248300,0.009138954817361267,0.002206297973761151,17269.45,17216.32265625,17530.9990234375,0.007050180672078209,0.07862728062554303,1.0
2023-04-06,17599.150390625,17599.150390625,17638.69921875,17502.849609375,17533.849609375,242700,0.002397874785437182,0.009138954817361267,17398.940234375,17210.70771484375,17522.4290234375,0.006931801476085081,-0.022553362867498983,1.0
2023-04-10,17624.05078125,17624.05078125,17694.099609375,17597.94921875,17634.900390625,254800,0.0014148632219350699,0.002397874785437182,17507.610546875,17204.190234375,17512.5390234375,0.006946824230530526,0.049855789039967124,1.0
2023-04-11,17722.30078125,17722.30078125,17748.75,17655.150390625,17704.80078125,304300,0.005574768321964241,0.0014148632219350699,17580.120703125,17210.82529296875,17504.6190234375,0.006513733780409755,0.19427001569858704,1.0
2023-04-12,17812.400390625,17812.400390625,17825.75,17717.25,17759.55078125,232800,0.005083967961446945,0.005574768321964241,17662.990625,17230.80029296875,17503.028046875,0.005121065955742865,-0.2349654945777193,1.0
2023-04-13,17828.0,17828.0,17842.150390625,17729.650390625,17807.30078125,285800,0.0008757724412713497,0.005083967961446945,17717.18046875,17264.48525390625,17507.5010546875,0.005229065247602599,0.2276632302405499,0.0
2023-04-17,17706.849609375,17706.849609375,17863.0,17574.05078125,17863.0,357400,-0.006795512150830185,0.0008757724412713497,17738.7203125,17297.6626953125,17508.6590625,0.006079058762973524,0.2505248425472357,0.0
2023-04-18,17660.150390625,17660.150390625,17766.599609375,17610.19921875,17766.599609375,258900,-0.0026373533282438855,-0.006795512150830185,17745.940234375,17332.0626953125,17508.6190625,0.006333294784187642,-0.2756015668718522,0.0
2023-04-19,17618.75,17618.75,17666.150390625,17579.849609375,17653.349609375,281500,-0.002344283016240789,-0.0026373533282438855,17725.230078125,17363.72021484375,17508.668046875,0.004597283593765938,0.08729239088451135,1.0
2023-04-20,17624.44921875,17624.44921875,17684.44921875,17584.349609375,17638.599609375,215100,0.0003234746363958152,-0.002344283016240789,17687.63984375,17389.94013671875,17508.9490234375,0.0046033094965956855,-0.23587921847246895,0.0
2023-04-21,17624.05078125,17624.05078125,17663.19921875,17553.94921875,17639.75,230200,-2.260708945023282e-05,0.0003234746363958152,17646.85,17421.72265625,17504.3490234375,0.0036920391988148017,0.07019990701999079,1.0
2023-04-24,17743.400390625,17743.400390625,17754.5,17612.5,17707.55078125,255700,0.006771973756565242,-2.260708945023282e-05,17654.16015625,17453.51767578125,17503.9250390625,0.004183174424763752,0.11077324066029548,1.0
2023-04-25,17769.25,17769.25,17807.44921875,17716.849609375,17761.55078125,297400,0.0014568576938982503,0.006771973756565242,17675.980078125,17484.38515625,17504.8800390625,0.004183853952116402,0.16308173640985535,1.0
2023-04-26,17813.599609375,17813.599609375,17827.75,17711.19921875,17767.30078125,233000,0.0024958627615121465,0.0014568576938982503,17714.95,17521.2201171875,17503.718046875,0.003899402272088103,-0.21654337592468054,1.0
2023-04-27,17915.05078125,17915.05078125,17931.599609375,17797.900390625,17813.099609375,241400,0.005695152810193838,0.0024958627615121465,17773.0703125,17569.7201171875,17504.150078125,0.0039827697565114175,0.036051502145922676,1.0
2023-04-28,18065.0,18065.0,18089.150390625,17885.30078125,17950.400390625,290300,0.008370013603697934,0.005695152810193838,17861.26015625,17623.68515625,17508.320078125,0.0046870219691070225,0.2025683512841756,1.0
2023-05-02,18147.650390625,18147.650390625,18180.25,18101.75,18124.80078125,265200,0.004575166931912511,0.008370013603697934,17942.11015625,17683.48271484375,17515.855078125,0.0037897613358080224,-0.08646228039958659,0.0
2023-05-03,18089.849609375,18089.849609375,18116.349609375,18042.400390625,18113.80078125,226200,-0.00318502836487633,0.004575166931912511,18006.230078125,17733.940234375,17519.055078125,0.0038747499936284523,-0.1470588235294118,1.0
2023-05-04,18255.80078125,18255.80078125,18267.44921875,18066.69921875,18081.0,226600,0.009173717607303677,-0.00318502836487633,18094.6703125,17778.7427734375,17523.8541015625,0.0040127179537106225,0.0017683465959328348,0.0
2023-05-05,18069.0,18069.0,18216.94921875,18055.44921875,18117.30078125,239700,-0.010232406865540389,0.009173717607303677,18125.46015625,17812.290234375,17524.517109375,0.005903342865147825,0.05781112091791707,1.0
2023-05-08,18264.400390625,18264.400390625,18286.94921875,18100.30078125,18120.599609375,228400,0.010814123118324304,-0.010232406865540389,18165.340234375,17847.65771484375,17530.9211328125,0.006363514177366116,-0.04714226115978304,1.0
2023-05-09,18265.94921875,18265.94921875,18344.19921875,18229.650390625,18303.400390625,245400,8.480038171931881e-05,0.010814123118324304,18189.0,17880.99765625,17539.348125,0.006343726929158413,0.07443082311733806,1.0
2023-05-10,18315.099609375,18315.099609375,18326.75,18211.94921875,18313.599609375,220500,0.0026908205008338015,8.480038171931881e-05,18234.05,17915.55009765625,17549.1161328125,0.006323970302218104,-0.10146699266503667,0.0
2023-05-11,18297.0,18297.0,18389.69921875,18270.400390625,18357.80078125,248900,-0.0009882342854272697,0.0026908205008338015,18242.28984375,17944.28505859375,17563.9701171875,0.006452453371257361,0.12879818594104298,1.0
2023-05-12,18314.80078125,18314.80078125,18342.75,18194.55078125,18273.75,241700,0.0009728797753729701,-0.0009882342854272697,18291.45,17969.405078125,17580.0411328125,0.006381288948411206,-0.0289272800321414,1.0
2023-05-15,18398.849609375,18398.849609375,18458.900390625,18287.900390625,18339.30078125,216100,0.004589120522186851,0.0009728797753729701,18318.33984375,17997.94755859375,17598.702109375,0.00608189978750259,-0.10591642532064538,0.0
2023-05-16,18286.5,18286.5,18432.349609375,18264.349609375,18432.349609375,219500,-0.006106338807060685,0.004589120522186851,18322.45,18026.930078125,17616.578125,0.006475270159453586,0.01573345673299409,0.0
2023-05-17,18181.75,18181.75,18309.0,18115.349609375,18300.44921875,229900,-0.005728269488420423,-0.006106338807060685,18295.780078125,18053.01005859375,17634.134140625,0.006694593756993591,0.04738041002277904,0.0
2023-05-18,18129.94921875,18129.94921875,18297.19921875,18104.849609375,18287.5,272100,-0.002849053652701161,-0.005728269488420423,18262.369921875,18078.57001953125,17647.7151171875,0.006014206246869098,0.18355806872553293,1.0
2023-05-19,18203.400390625,18203.400390625,18218.099609375,18060.400390625,18186.150390625,260900,0.0040513721791914925,-0.002849053652701161,18240.08984375,18107.517578125,17665.3451171875,0.005122231875642128,-0.041161337743476634,1.0
2023-05-22,18314.400390625,18314.400390625,18335.25,18178.849609375,18201.099609375,262600,0.006097761825706316,0.0040513721791914925,18223.2,18142.03505859375,17679.7461328125,0.004232839337320721,0.006515906477577715,1.0
2023-05-23,18348.0,18348.0,18419.75,18324.19921875,18362.900390625,270400,0.001834600568861644,0.006097761825706316,18235.5,18172.2650390625,17692.4771484375,0.004259886013461637,0.02970297029702973,0.0
2023-05-24,18285.400390625,18285.400390625,18392.599609375,18262.94921875,18294.80078125,232600,-0.0034117947119577385,0.001834600568861644,18256.230078125,18198.07255859375,17703.0971484375,0.004340590950991801,-0.139792899408284,1.0
2023-05-25,18321.150390625,18321.150390625,18338.099609375,18202.400390625,18268.900390625,235900,0.001955111686716471,-0.0034117947119577385,18294.4703125,18223.45009765625,17717.7281640625,0.004377358941838605,0.014187446259673164,1.0
2023-05-26,18499.349609375,18499.349609375,18508.55078125,18333.150390625,18368.349609375,198700,0.009726420827874671,0.001955111686716471,18353.66015625,18252.6650390625,17739.4571484375,0.00533318055078925,-0.15769393810936838,1.0
2023-05-29,18598.650390625,18598.650390625,18641.19921875,18581.25,18619.150390625,265300,0.005367798508963517,0.009726420827874671,18410.51015625,18279.34755859375,17768.344140625,0.005396457949749841,0.33517866129843976,1.0
2023-05-30,18633.849609375,18633.849609375,18662.44921875,18575.5,18606.650390625,234400,0.0018925684396833287,0.005367798508963517,18467.680078125,18303.65751953125,17800.1551171875,0.00476671598705149,-0.11647191858273653,0.0
2023-05-31,18534.400390625,18534.400390625,18603.900390625,18483.849609375,18594.19921875,696500,-0.0053370195013254795,0.0018925684396833287,18517.480078125,18325.88505859375,17831.4001171875,0.004698319410393396,1.9714163822525599,0.0
2023-06-01,18487.75,18487.75,18580.30078125,18464.55078125,18579.400390625,265600,-0.0025169624936233204,-0.0053370195013254795,18550.8,18337.48251953125,17861.443125,0.004661796226411179,-0.618664752333094,1.0
2023-06-02,18534.099609375,18534.099609375,18573.69921875,18478.400390625,18550.849609375,270900,0.002507044360454902,-0.0025169624936233204,18557.75,18360.7375,17890.1241015625,0.0046103327124631865,0.019954819277108404,1.0
2023-06-05,18593.849609375,18593.849609375,18640.150390625,18582.80078125,18612.0,256100,0.003223787573137793,0.002507044360454902,18556.78984375,18377.2099609375,17922.2330859375,0.004398148054543496,-0.054632705795496506,1.0
2023-06-06,18599.0,18599.0,18622.75,18531.599609375,18600.80078125,220800,0.00027699431442118616,0.003223787573137793,18549.819921875,18393.8625,17952.0630859375,0.004413486629077671,-0.1378367825068333,1.0
2023-06-07,18726.400390625,18726.400390625,18738.94921875,18636.0,18665.599609375,260100,0.006849851638528914,0.00027699431442118616,18588.219921875,18414.4275390625,17983.5530859375,0.004371318065709173,0.1779891304347827,0.0
2023-06-08,18634.55078125,18634.55078125,18777.900390625,18615.599609375,18725.349609375,286500,-0.0049048192636628185,0.006849851638528914,18617.580078125,18431.305078125,18014.70609375,0.004948150562040526,0.10149942329873118,0.0
2023-06-09,18563.400390625,18563.400390625,18676.650390625,18555.400390625,18655.900390625,221800,-0.00381819725413457,-0.0049048192636628185,18623.440234375,18443.73505859375,18047.0730859375,0.0043239797244944665,-0.2258289703315881,1.0
2023-06-12,18601.5,18601.5,18633.599609375,18559.75,18595.05078125,179500,0.0020524046550352004,-0.00381819725413457,18624.9703125,18453.867578125,18079.3891015625,0.004012745235951271,-0.19071235347159599,1.0
2023-06-13,18716.150390625,18716.150390625,18728.900390625,18631.80078125,18631.80078125,233200,0.0061635024393194016,0.0020524046550352004,18648.400390625,18475.35009765625,18114.678125,0.004438583719255454,0.2991643454038997,1.0
2023-06-14,18755.900390625,18755.900390625,18769.69921875,18690.0,18744.599609375,261400,0.0021238341844009856,0.0061635024393194016,18654.300390625,18504.0576171875,18148.1821484375,0.003958956299947662,0.12092624356775294,0.0
2023-06-15,18688.099609375,18688.099609375,18794.099609375,18669.05078125,18774.44921875,263000,-0.0036149041015322014,0.0021238341844009856,18665.01015625,18531.96513671875,18174.749140625,0.004086530897274227,0.006120887528691554,1.0
2023-06-16,18826.0,18826.0,18864.69921875,18710.5,18723.30078125,272800,0.0073790483520230765,-0.0036149041015322014,18717.530078125,18563.0951171875,18203.308125,0.004540038543445475,0.03726235741444861,0.0
2023-06-19,18755.44921875,18755.44921875,18881.44921875,18719.150390625,18873.30078125,219800,-0.0037475183921172883,0.0073790483520230765,18748.319921875,18585.14755859375,18227.27609375,0.004786933028529336,-0.19428152492668627,1.0
2023-06-20,18816.69921875,18816.69921875,18839.69921875,18660.650390625,18752.349609375,211600,0.003265717567498605,-0.0037475183921172883,18768.4296875,18608.58251953125,18251.6270703125,0.004838401118474557,-0.03730664240218384,1.0
2023-06-21,18856.849609375,18856.849609375,18875.900390625,18794.849609375,18849.400390625,217500,0.0021337637466720683,0.003265717567498605,18788.61953125,18637.15498046875,18276.283046875,0.004436981555465134,0.027882797731568987,0.0
2023-06-22,18771.25,18771.25,18886.599609375,18759.5,18853.599609375,252700,-0.004539443817404343,0.0021337637466720683,18805.249609375,18659.6599609375,18297.26203125,0.0043868904620104855,0.16183908045977002,0.0
2023-06-23,18665.5,18665.5,18756.400390625,18647.099609375,18741.849609375,210600,-0.005633615236065759,-0.004539443817404343,18773.149609375,18667.96748046875,18314.3240234375,0.004627440559495803,-0.1666007123070835,1.0
2023-06-26,18691.19921875,18691.19921875,18722.05078125,18646.69921875,18682.349609375,171300,0.0013768299134766515,-0.005633615236065759,18760.299609375,18672.594921875,18331.5880078125,0.00460809467863545,-0.18660968660968658,1.0
2023-06-27,18817.400390625,18817.400390625,18829.25,18714.25,18748.55078125,222500,0.00675190341711196,0.0013768299134766515,18760.43984375,18681.7724609375,18353.7990234375,0.004691578305721656,0.29889083479276124,1.0
2023-06-28,18972.099609375,18972.099609375,19011.25,18861.349609375,18908.150390625,398800,0.00822107281232487,0.00675190341711196,18783.48984375,18703.657421875,18380.0380078125,0.00527840760559205,0.7923595505617977,1.0
2023-06-30,19189.05078125,19189.05078125,19201.69921875,19024.599609375,19076.849609375,247900,0.01143527476356887,0.00822107281232487,18867.05,18738.7224609375,18411.4440234375,0.00587751425618426,-0.37838515546639917,1.0
2023-07-03,19322.55078125,19322.55078125,19345.099609375,19234.400390625,19246.5,226100,0.00695709243369369,0.01143527476356887,18998.46015625,18778.14501953125,18445.4060546875,0.005841308619142815,-0.08793868495361035,1.0
2023-07-04,19389.0,19389.0,19434.150390625,19300.0,19406.599609375,226900,0.003438946519135566,0.00695709243369369,19138.0203125,18817.9025390625,18480.7050390625,0.005395662233761896,0.0035382574082265528,1.0
2023-07-05,19398.5,19398.5,19421.599609375,19339.599609375,19405.94921875,224400,0.0004899685388621844,0.003438946519135566,19254.240234375,18857.8775390625,18513.80703125,0.005470825741622137,-0.011018069634200045,1.0
2023-07-06,19497.30078125,19497.30078125,19512.19921875,19373.0,19385.69921875,268300,0.00509321758125636,0.0004899685388621844,19359.28046875,18896.42255859375,18548.368046875,0.005494955404281368,0.19563279857397498,0.0
2023-07-07,19331.80078125,19331.80078125,19523.599609375,19303.599609375,19422.80078125,237100,-0.00848835445771845,0.00509321758125636,19387.83046875,18931.28505859375,18578.7320703125,0.006219742779969254,-0.11628773760715616,1.0
2023-07-10,19355.900390625,19355.900390625,19435.849609375,19327.099609375,19400.349609375,268200,0.0012466303397029588,-0.00848835445771845,19394.500390625,18970.91005859375,18607.5490625,0.005502122623551867,0.1311682834247152,1.0
2023-07-11,19439.400390625,19439.400390625,19515.099609375,19406.44921875,19427.099609375,251300,0.004313930032438185,0.0012466303397029588,19404.58046875,19012.805078125,18635.0370703125,0.005445260532269941,-0.06301267710663683,0.0
2023-07-12,19384.30078125,19384.30078125,19507.69921875,19361.75,19497.44921875,327900,-0.002834429471475497,0.004313930032438185,19401.740625,19046.21259765625,18659.770078125,0.005732640487755534,0.3048149621965779,1.0
2023-07-13,19413.75,19413.75,19567.0,19385.80078125,19495.19921875,310400,0.0015192303855748879,-0.002834429471475497,19385.03046875,19079.105078125,18686.2480859375,0.005436914483609928,-0.05336992985666367,1.0
2023-07-14,19564.5,19564.5,19595.349609375,19433.5,19493.44921875,291200,0.007765114931427508,0.0015192303855748879,19431.5703125,19122.92509765625,18712.4220703125,0.004844624422799263,-0.061855670103092786,1.0
2023-07-17,19711.44921875,19711.44921875,19731.849609375,19562.94921875,19612.150390625,268700,0.007511013251041421,0.007765114931427508,19502.680078125,19167.19755859375,18745.2710546875,0.004910946207601597,-0.07726648351648346,1.0
2023-07-18,19749.25,19749.25,19819.44921875,19690.19921875,19787.5,286400,0.001917706853032497,0.007511013251041421,19564.65,19216.88759765625,18774.968046875,0.004885103627001655,0.06587272050614068,1.0
2023-07-19,19833.150390625,19833.150390625,19851.69921875,19727.44921875,19802.94921875,259700,0.004248282371482448,0.001917706853032497,19654.419921875,19267.71015625,18806.3120703125,0.0049130454452274925,-0.09322625698324027,1.0
2023-07-20,19979.150390625,19979.150390625,19991.849609375,19758.400390625,19831.69921875,274700,0.007361412439498949,0.004248282371482448,19767.5,19323.8251953125,18839.5930859375,0.005108430090299948,0.057758952637658734,0.0
2023-07-21,19745.0,19745.0,19887.400390625,19700.0,19800.44921875,312500,-0.011719737128305097,0.007361412439498949,19803.6,19372.5126953125,18868.5530859375,0.005916016996877099,0.13760465962868573,0.0
2023-07-24,19672.349609375,19672.349609375,19782.75,19658.30078125,19748.44921875,265600,-0.0036794322929856182,-0.011719737128305097,19795.780078125,19422.85517578125,18895.7040625,0.0061964558791505414,-0.15008,1.0
2023-07-25,19680.599609375,19680.599609375,19729.349609375,19615.94921875,19729.349609375,369700,0.0004193703428323481,-0.0036794322929856182,19782.05,19472.3251953125,18921.3390625,0.006131795753743764,0.3919427710843373,1.0
2023-07-26,19778.30078125,19778.30078125,19825.599609375,19716.69921875,19733.349609375,244700,0.004964339187534694,0.0004193703428323481,19771.080078125,19520.37021484375,18951.175078125,0.0060498727020635345,-0.3381119826886665,0.0
2023-07-27,19659.900390625,19659.900390625,19867.55078125,19603.55078125,19850.900390625,334900,-0.0059863783008722304,0.004964339187534694,19707.230078125,19554.76025390625,18980.7380859375,0.006564107922716246,0.3686146301593789,0.0
2023-07-28,19646.05078125,19646.05078125,19695.900390625,19563.099609375,19659.75,258700,-0.0007044597937843067,-0.0059863783008722304,19687.440234375,19577.61025390625,19011.0601171875,0.00616890478579175,-0.2275306061510899,1.0
2023-07-31,19753.80078125,19753.80078125,19772.75,19597.599609375,19666.349609375,295100,0.005484562836559181,-0.0007044597937843067,19703.73046875,19599.17275390625,19042.068125,0.005939591265936983,0.14070351758793964,0.0
2023-08-01,19733.55078125,19733.55078125,19795.599609375,19704.599609375,19784.0,298000,-0.0010251191770254131,0.005484562836559181,19714.320703125,19616.40029296875,19070.4511328125,0.00591958127266864,0.00982717722805826,0.0
2023-08-02,19526.55078125,19526.55078125,19678.25,19423.55078125,19655.400390625,290700,-0.010489749274959825,-0.0010251191770254131,19663.970703125,19622.80283203125,19094.0221484375,0.0065299384516132,-0.02449664429530196,0.0
2023-08-03,19381.650390625,19381.650390625,19537.650390625,19296.44921875,19463.75,315700,-0.007420685416911321,-0.010489749274959825,19608.320703125,19617.0203125,19115.9471484375,0.005937924130566988,0.08599931200550404,1.0
2023-08-04,19517.0,19517.0,19538.849609375,19436.44921875,19462.80078125,280800,0.006983389270114548,-0.007420685416911321,19582.510546875,19626.2802734375,19139.864140625,0.0058364029839956194,-0.11054798859676906,1.0
2023-08-07,19597.30078125,19597.30078125,19620.44921875,19524.80078125,19576.849609375,216600,0.004114401867602702,0.006983389270114548,19551.210546875,19638.35029296875,19161.8231640625,0.005979060336266935,-0.2286324786324786,0.0
2023-08-08,19570.849609375,19570.849609375,19634.400390625,19533.099609375,19627.19921875,260300,-0.0013497354646058168,0.004114401867602702,19518.6703125,19644.92275390625,19181.2671484375,0.00597941191534105,0.20175438596491224,1.0
2023-08-09,19632.55078125,19632.55078125,19645.5,19467.5,19578.80078125,266500,0.003152707884763739,-0.0013497354646058168,19539.8703125,19657.33525390625,19201.241171875,0.005819314370699743,0.023818670764502503,0.0
2023-08-10,19543.099609375,19543.099609375,19623.599609375,19495.400390625,19605.55078125,312200,-0.004556268458015711,0.003152707884763739,19572.16015625,19663.802734375,19221.41515625,0.00569179933684339,0.17148217636022522,0.0
2023-08-11,19428.30078125,19428.30078125,19557.75,19412.75,19554.25,235500,-0.005874136161590715,-0.004556268458015711,19554.4203125,19656.9927734375,19240.226171875,0.005933873774905447,-0.24567584881486226,1.0
2023-08-14,19434.55078125,19434.55078125,19465.849609375,19257.900390625,19383.94921875,243900,0.00032169565781225984,-0.005874136161590715,19521.8703125,19643.1478515625,19258.2351953125,0.005506732764111725,0.03566878980891719,1.0
2023-08-16,19465.0,19465.0,19482.75,19317.19921875,19369.0,0,0.0015667570139761278,0.00032169565781225984,19500.700390625,19628.9353515625,19275.658203125,0.005597791408659871,-1.0,0.0
2023-08-17,19365.25,19365.25,19461.55078125,19326.25,19450.55078125,268700,-0.005124582584125403,0.0015667570139761278,19447.240234375,19605.54033203125,19290.983203125,0.004829386511473414,inf,0.0
2023-08-18,19310.150390625,19310.150390625,19373.80078125,19253.599609375,19301.75,256100,-0.0028452826260957353,-0.005124582584125403,19400.650390625,19572.09033203125,19302.658203125,0.004324782125202371,-0.04689244510606627,1.0
2023-08-21,19393.599609375,19393.599609375,19425.94921875,19296.30078125,19320.650390625,262600,0.0043215209131937105,-0.0028452826260957353,19393.71015625,19554.5203125,19317.8391796875,0.0038817306707447873,0.025380710659898442,1.0
2023-08-22,19396.44921875,19396.44921875,19443.5,19381.30078125,19417.099609375,208700,0.00014693555773015454,0.0043215209131937105,19386.08984375,19540.72529296875,19334.50015625,0.0035300642759959235,-0.20525514089870522,1.0
2023-08-23,19444.0,19444.0,19472.05078125,19366.599609375,19439.19921875,225200,0.0024515199000461063,0.00014693555773015454,19381.88984375,19528.8953125,19351.35015625,0.0036920433978176437,0.07906085289889786,0.0
2023-08-24,19386.69921875,19386.69921875,19584.44921875,19369.0,19535.150390625,268300,-0.002946964680621278,0.0024515199000461063,19386.1796875,19509.315234375,19364.7611328125,0.0034936414126586885,0.19138543516873896,0.0
2023-08-25,19265.80078125,19265.80078125,19339.55078125,19229.69921875,19297.400390625,466500,-0.006236153774081932,-0.002946964680621278,19377.309765625,19489.61025390625,19374.959140625,0.0037041246080841543,0.7387253074916138,1.0
2023-08-28,19306.05078125,19306.05078125,19366.849609375,19249.69921875,19298.349609375,248200,0.002089194238900971,-0.006236153774081932,19359.8,19472.61025390625,19387.3181640625,0.0034904356993367114,-0.4679528403001072,1.0
2023-08-29,19342.650390625,19342.650390625,19377.900390625,19309.099609375,19374.849609375,307400,0.0018957584743610756,0.002089194238900971,19349.040234375,19452.052734375,19397.651171875,0.0035724281051677485,0.2385173247381145,1.0
2023-08-30,19347.44921875,19347.44921875,19452.80078125,19334.75,19433.44921875,233000,0.0002480956863764039,0.0018957584743610756,19329.730078125,19432.74765625,19409.491171875,0.0035128100661175844,-0.24202992843201043,0.0
2023-08-31,19253.80078125,19253.80078125,19388.19921875,19223.650390625,19375.55078125,562600,-0.004840350603388277,0.0002480956863764039,19303.150390625,19419.11015625,19418.233203125,0.003473057500340463,1.4145922746781117,1.0
2023-09-01,19435.30078125,19435.30078125,19458.55078125,19255.69921875,19258.150390625,333000,0.009426710188917609,-0.004840350603388277,19337.050390625,19421.79267578125,19429.8022265625,0.004574019367004024,-0.4081052257376466,1.0
2023-09-04,19528.80078125,19528.80078125,19545.150390625,19432.849609375,19525.05078125,296800,0.004810833701642592,0.009426710188917609,19381.600390625,19422.38271484375,19444.9532421875,0.004619979566798705,-0.10870870870870875,1.0
2023-09-05,19574.900390625,19574.900390625,19587.05078125,19525.75,19564.650390625,256800,0.0023605960187407238,0.004810833701642592,19428.050390625,19421.2626953125,19463.14125,0.004643267422677654,-0.13477088948787064,1.0
2023-09-06,19611.05078125,19611.05078125,19636.44921875,19491.5,19581.19921875,287600,0.0018467726478093027,0.0023605960187407238,19480.770703125,19423.27275390625,19481.53828125,0.004625092654709419,0.1199376947040498,1.0
2023-09-07,19727.05078125,19727.05078125,19737.0,19550.05078125,19598.650390625,304900,0.005915032360780392,0.0018467726478093027,19575.420703125,19427.99775390625,19499.7312890625,0.004662303080211482,0.06015299026425591,1.0
2023-09-08,19819.94921875,19819.94921875,19867.150390625,19727.05078125,19774.80078125,288100,0.004709190366575022,0.005915032360780392,19652.350390625,19441.840234375,19516.68828125,0.003780000505109604,-0.05510003279763853,1.0
2023-09-11,19996.349609375,19996.349609375,20008.150390625,19865.349609375,19890.0,248800,0.008900143420050854,0.004709190366575022,19745.86015625,19470.24267578125,19532.8342578125,0.004216819919210204,-0.13641096841374523,0.0
2023-09-12,19993.19921875,19993.19921875,20110.349609375,19914.650390625,20110.150390625,328100,-0.0001575482868895195,0.008900143420050854,19829.519921875,19498.17509765625,19546.2472265625,0.004352886844698247,0.3187299035369775,1.0
2023-09-13,20070.0,20070.0,20096.900390625,19944.099609375,19989.5,251400,0.003841345269944396,-0.0001575482868895195,19921.309765625,19528.42509765625,19559.8672265625,0.0042171433116543824,-0.23377019201462967,1.0
2023-09-14,20103.099609375,20103.099609375,20167.650390625,20043.44921875,20127.94921875,275100,0.001649208239910216,0.003841345269944396,19996.51953125,19565.317578125,19573.95921875,0.003115525044619991,0.09427207637231505,1.0
2023-09-15,20192.349609375,20192.349609375,20222.44921875,20129.69921875,20156.44921875,438200,0.004439613877174287,0.001649208239910216,20070.999609375,19609.4275390625,19587.8601953125,0.0025584107970062983,0.5928753180661577,0.0
2023-09-18,20133.30078125,20133.30078125,20195.349609375,20115.69921875,20155.94921875,264900,-0.002924316846098174,0.004439613877174287,20098.38984375,19646.41259765625,19603.8901953125,0.003293228639742313,-0.395481515289822,0.0
2023-09-20,19901.400390625,19901.400390625,20050.650390625,19878.849609375,19980.75,378100,-0.011518249945432046,-0.002924316846098174,20080.030078125,19671.66015625,19614.8001953125,0.0056796591288922746,0.42733106832767076,0.0
2023-09-21,19742.349609375,19742.349609375,19848.75,19709.94921875,19840.55078125,275100,-0.007991939166498319,-0.011518249945432046,20014.5,19686.57763671875,19620.8591796875,0.006446108981744462,-0.27241470510446975,0.0
2023-09-22,19674.25,19674.25,19798.650390625,19657.5,19744.849609375,246400,-0.003449417659114995,-0.007991939166498319,19928.730078125,19700.95517578125,19626.6581640625,0.006280172855414911,-0.10432569974554706,1.0
2023-09-25,19674.55078125,19674.55078125,19734.150390625,19601.55078125,19678.19921875,188400,1.5288066889551644e-05,-0.003449417659114995,19825.1703125,19721.39267578125,19631.8741796875,0.006039102458592904,-0.23538961038961037,0.0
2023-09-26,19664.69921875,19664.69921875,19699.349609375,19637.44921875,19682.80078125,204900,-0.0005007261720755274,1.5288066889551644e-05,19731.45,19739.32509765625,19633.8781640625,0.005021153836521488,0.08757961783439483,1.0
2023-09-27,19716.44921875,19716.44921875,19730.69921875,19554.0,19637.05078125,203600,0.002631619198663282,-0.0005007261720755274,19694.459765625,19758.0150390625,19633.9781640625,0.0051885423369995975,-0.006344558321132232,0.0
2023-09-28,19523.55078125,19523.55078125,19766.650390625,19492.099609375,19761.80078125,352800,-0.009783629666773708,0.002631619198663282,19650.7,19766.8201171875,19629.4641796875,0.005447350558674868,0.7328094302554027,1.0
2023-09-29,19638.30078125,19638.30078125,19726.25,19551.05078125,19581.19921875,243500,0.005877516917168757,-0.009783629666773708,19643.51015625,19786.0451171875,19625.5671875,0.0059656309040551185,-0.3098072562358276,0.0
2023-10-03,19528.75,19528.75,19623.19921875,19479.650390625,19622.400390625,221700,-0.005578424654468894,0.005877516917168757,19614.35,19790.717578125,19616.5591796875,0.005529507839411979,-0.08952772073921966,0.0
2023-10-04,19436.099609375,19436.099609375,19457.80078125,19333.599609375,19446.30078125,277100,-0.004744307271330683,-0.005578424654468894,19568.630078125,19786.08251953125,19610.381171875,0.0055448860542758405,0.2498872350022554,1.0
2023-10-05,19545.75,19545.75,19576.94921875,19487.30078125,19521.849609375,234900,0.005641584105285702,-0.004744307271330683,19534.490234375,19784.625,19607.8491796875,0.00544351969413942,-0.15229159148321902,1.0
2023-10-06,19653.5,19653.5,19675.75,19589.400390625,19621.19921875,159100,0.0055127073660514725,0.005641584105285702,19560.480078125,19786.7474609375,19607.3071875,0.0054085083103765415,-0.3226905065985526,0.0
2023-10-09,19512.349609375,19512.349609375,19588.94921875,19480.5,19539.44921875,165100,-0.00718194675884698,0.0055127073660514725,19535.28984375,19776.01240234375,19601.9881640625,0.005757008419318974,0.037712130735386484,1.0
2023-10-10,19689.849609375,19689.849609375,19717.80078125,19565.44921875,19565.599609375,216600,0.00909680297624016,-0.00718194675884698,19567.509765625,19769.507421875,19602.5871484375,0.006561870576512708,0.31193216232586307,1.0
2023-10-11,19811.349609375,19811.349609375,19839.19921875,19756.94921875,19767.0,213700,0.006170692128707245,0.00909680297624016,19642.559765625,19760.257421875,19605.893125,0.006828074322585394,-0.013388734995383178,0.0
2023-10-12,19794.0,19794.0,19843.30078125,19772.650390625,19822.69921875,217900,-0.0008757409120068171,0.006170692128707245,19692.209765625,19750.2974609375,19606.697109375,0.006811557300910678,0.019653720168460564,0.0
2023-10-13,19751.05078125,19751.05078125,19805.400390625,19635.30078125,19654.55078125,255000,-0.0021698099802970328,-0.0008757409120068171,19711.719921875,19734.35,19607.047109375,0.005911104809607443,0.17026158788435053,0.0
2023-10-16,19731.75,19731.75,19781.30078125,19691.849609375,19737.25,181000,-0.0009772027556287366,-0.0021698099802970328,19755.6,19715.78251953125,19611.15109375,0.005698818241908081,-0.2901960784313725,1.0
2023-10-17,19811.5,19811.5,19849.75,19775.650390625,19843.19921875,185800,0.004041709427698992,-0.0009772027556287366,19779.930078125,19696.7400390625,19619.7480859375,0.0053627707481114645,0.026519337016574607,0.0
2023-10-18,19671.099609375,19671.099609375,19840.94921875,19659.94921875,19820.44921875,198900,-0.007086812741337156,0.004041709427698992,19751.880078125,19673.62998046875,19622.830078125,0.00570379576041757,0.07050592034445646,0.0
2023-10-19,19624.69921875,19624.69921875,19681.80078125,19512.349609375,19545.19921875,230300,-0.0023588102112444,-0.007086812741337156,19718.019921875,19659.794921875,19623.378046875,0.005573863517992549,0.15786827551533444,0.0
2023-10-20,19542.650390625,19542.650390625,19593.80078125,19518.69921875,19542.150390625,198300,-0.004180896084593599,-0.0023588102112444,19676.33984375,19649.8099609375,19622.8140625,0.005430290461306503,-0.13894919669995653,0.0
2023-10-23,19281.75,19281.75,19556.849609375,19257.849609375,19521.599609375,176000,-0.013350307425555652,-0.004180896084593599,19586.33984375,19630.1849609375,19615.798046875,0.006510040248295984,-0.11245587493696418,0.0
2023-10-25,19122.150390625,19122.150390625,19347.30078125,19074.150390625,19286.44921875,225300,-0.008277236732921023,-0.013350307425555652,19448.469921875,19602.56494140625,19607.3790625,0.005738552898995642,0.2801136363636363,0.0
2023-10-26,18857.25,18857.25,19041.69921875,18837.849609375,19027.25,300400,-0.013853064912347501,-0.008277236732921023,19285.7,19562.19248046875,19595.958046875,0.00571273458390688,0.33333333333333326,1.0
2023-10-27,19047.25,19047.25,19076.150390625,18926.650390625,18928.75,205200,0.010075700327460302,-0.013853064912347501,19170.21015625,19528.73251953125,19588.21203125,0.007378607842331615,-0.3169107856191744,1.0
2023-10-30,19140.900390625,19140.900390625,19158.5,18940.0,19053.400390625,180100,0.004916740769664862,0.010075700327460302,19089.86015625,19509.6,19581.7300390625,0.00787746859770324,-0.12231968810916183,0.0
2023-10-31,19079.599609375,19079.599609375,19233.69921875,19056.44921875,19232.94921875,206000,-0.0032026069828995363,0.004916740769664862,19049.430078125,19481.66494140625,19576.01703125,0.00784203266533294,0.14380899500277633,0.0
2023-11-01,18989.150390625,18989.150390625,19096.05078125,18973.69921875,19064.05078125,194100,-0.004740624572936891,-0.0032026069828995363,19022.830078125,19454.6849609375,19569.59703125,0.007404615636854224,-0.05776699029126209,1.0
2023-11-02,19133.25,19133.25,19175.25,19064.150390625,19120.0,245600,0.007588523257266999,-0.004740624572936891,19078.030078125,19439.54248046875,19564.3900390625,0.008183479520538843,0.265327150953117,1.0
2023-11-03,19230.599609375,19230.599609375,19276.25,19210.900390625,19241.0,189500,0.005087980838331285,0.007588523257266999,19114.7,19423.7849609375,19561.073046875,0.008552352512152873,-0.22842019543973946,1.0
2023-11-06,19411.75,19411.75,19423.0,19309.69921875,19345.849609375,180700,0.00941990339899168,0.005087980838331285,19168.869921875,19411.6974609375,19560.428046875,0.00922116921571749,-0.04643799472295518,0.0
2023-11-07,19406.69921875,19406.69921875,19423.5,19329.099609375,19404.05078125,198700,-0.000260191958478706,0.00941990339899168,19234.28984375,19406.41494140625,19560.828046875,0.008072977490041312,0.09961261759822904,1.0
2023-11-08,19443.5,19443.5,19464.400390625,19401.5,19449.599609375,195000,0.0018962926582819506,-0.000260191958478706,19325.159765625,19394.0974609375,19564.38203125,0.0074352404767393954,-0.01862103673880222,0.0
2023-11-09,19395.30078125,19395.30078125,19463.900390625,19378.349609375,19457.400390625,208400,-0.002478937369815082,0.0018962926582819506,19377.569921875,19373.29501953125,19566.16703125,0.005378311615881124,0.06871794871794878,1.0
2023-11-10,19425.349609375,19425.349609375,19451.30078125,19329.44921875,19351.849609375,152200,0.001549283945833313,-0.002478937369815082,19416.519921875,19354.8625,19567.821015625,0.004740029847466567,-0.2696737044145874,1.0
2023-11-13,19443.55078125,19443.55078125,19494.400390625,19414.75,19486.75,189300,0.0009369804014345284,0.001549283945833313,19422.880078125,19339.4875,19569.743046875,0.004631675095758606,0.24375821287779242,1.0
2023-11-15,19675.44921875,19675.44921875,19693.19921875,19579.650390625,19651.400390625,291500,0.011926753508604282,0.0009369804014345284,19476.630078125,19336.6724609375,19578.176015625,0.0053163712403223,0.5398837823560485,1.0
2023-11-16,19765.19921875,19765.19921875,19875.25,19627.0,19674.69921875,282700,0.004561522280999375,0.011926753508604282,19540.969921875,19334.357421875,19584.773984375,0.004552406288108711,-0.030188679245283012,0.0
2023-11-17,19731.80078125,19731.80078125,19806.0,19667.44921875,19674.75,236800,-0.0016897597201204206,0.004561522280999375,19608.269921875,19337.39248046875,19588.833984375,0.004688403373361542,-0.1623629288998939,0.0
2023-11-20,19694.0,19694.0,19756.44921875,19670.5,19731.150390625,173800,-0.0019157289123818977,-0.0016897597201204206,19662.0,19340.85751953125,19591.2159765625,0.004876931313807797,-0.26604729729729726,1.0
2023-11-21,19783.400390625,19783.400390625,19829.099609375,19754.05078125,19770.900390625,195000,0.0045394734754240496,-0.0019157289123818977,19729.969921875,19352.89501953125,19594.66296875,0.004306635468361124,0.12197928653624857,1.0
2023-11-22,19811.849609375,19811.849609375,19825.55078125,19703.849609375,19784.0,184500,0.0014380348265852216,0.0045394734754240496,19757.25,19379.4,19596.3589453125,0.004244738650367434,-0.05384615384615388,0.0
2023-11-23,19802.0,19802.0,19875.150390625,19786.75,19828.44921875,170000,-0.0004971574875239915,0.0014380348265852216,19764.61015625,19413.39248046875,19595.9999609375,0.0043227834959158416,-0.07859078590785906,0.0
2023-11-24,19794.69921875,19794.69921875,19832.849609375,19768.849609375,19809.599609375,145900,-0.00036868908443588033,-0.0004971574875239915,19777.18984375,19460.26494140625,19591.966953125,0.0041361596830865755,-0.1417647058823529,1.0
2023-11-28,19889.69921875,19889.69921875,19916.849609375,19800.0,19844.650390625,229600,0.004799264638990497,-0.00036868908443588033,19816.3296875,19502.38740234375,19589.896953125,0.004219457451652945,0.5736806031528443,1.0
2023-11-29,20096.599609375,20096.599609375,20104.650390625,19956.30078125,19976.55078125,236200,0.010402389113554511,0.004799264638990497,19878.96953125,19550.17236328125,19590.4289453125,0.004872628973902395,0.028745644599303066,1.0
2023-11-30,20133.150390625,20133.150390625,20158.69921875,20015.849609375,20108.5,486600,0.0018187545137213768,0.010402389113554511,19943.2296875,19602.84990234375,19591.0299609375,0.003824411455623735,1.0601185436071128,1.0
2023-12-01,20267.900390625,20267.900390625,20291.55078125,20183.69921875,20194.099609375,265800,0.0066929416105065975,0.0018187545137213768,20036.409765625,19666.78740234375,19592.5409765625,0.00401838424971043,-0.4537607891491985,1.0
2023-12-04,20686.80078125,20686.80078125,20702.650390625,20507.75,20601.94921875,381100,0.020668169003769332,0.0066929416105065975,20214.830078125,19744.46494140625,19603.6109765625,0.006723802435768313,0.43378480060195646,1.0
2023-12-05,20855.099609375,20855.099609375,20864.05078125,20711.150390625,20808.900390625,421000,0.008135565760247543,0.020668169003769332,20407.91015625,19825.68994140625,19622.6849609375,0.006356599684255277,0.1046969299396483,1.0
2023-12-06,20937.69921875,20937.69921875,20961.94921875,20852.150390625,20950.75,359200,0.003960643244200535,0.008135565760247543,20576.130078125,19901.98740234375,19646.591953125,0.0063715954661673095,-0.14679334916864606,0.0
2023-12-07,20901.150390625,20901.150390625,20941.25,20850.80078125,20932.400390625,275000,-0.0017455990623970186,0.003960643244200535,20729.730078125,19976.7099609375,19671.1299609375,0.006680534640844841,-0.23440979955456576,1.0
2023-12-08,20969.400390625,20969.400390625,21006.099609375,20862.69921875,20934.099609375,292400,0.003265370504707432,-0.0017455990623970186,20870.030078125,20053.00498046875,19697.026953125,0.0064129298738567694,0.06327272727272737,1.0
2023-12-11,20997.099609375,20997.099609375,21026.099609375,20923.69921875,20965.30078125,212900,0.001320935183362959,0.003265370504707432,20932.08984375,20133.094921875,19723.6749609375,0.00625371244357149,-0.2718878248974008,0.0
2023-12-12,20906.400390625,20906.400390625,21037.900390625,20867.150390625,21018.55078125,244900,-0.004319607014175553,0.001320935183362959,20942.35,20207.1474609375,19747.473984375,0.007051196855026198,0.15030530765617667,1.0
2023-12-13,20926.349609375,20926.349609375,20950.0,20769.5,20929.75,260300,0.0009542158562574343,-0.004319607014175553,20940.080078125,20281.28740234375,19775.5299609375,0.006880788537653789,0.06288280930992252,1.0
2023-12-14,21182.69921875,21182.69921875,21210.900390625,21074.44921875,21110.400390625,334400,0.012250087289956912,0.0009542158562574343,20996.38984375,20356.64990234375,19806.4179296875,0.0072798389571469705,0.2846715328467153,1.0
2023-12-15,21456.650390625,21456.650390625,21492.30078125,21235.30078125,21287.44921875,508800,0.012932779200891975,0.012250087289956912,21093.83984375,20441.2224609375,19844.9759375,0.007685902501097117,0.5215311004784688,0.0
2023-12-18,21418.650390625,21418.650390625,21482.80078125,21365.349609375,21434.80078125,249700,-0.0017710126840955187,0.012932779200891975,21178.15,20525.56494140625,19884.626953125,0.005915821676747283,-0.5092374213836478,1.0
2023-12-19,21453.099609375,21453.099609375,21505.05078125,21337.75,21477.650390625,249800,0.0016083748565725031,-0.0017710126840955187,21287.48984375,20613.519921875,19922.7739453125,0.005703606753885782,0.0004004805766919528,0.0
2023-12-20,21150.150390625,21150.150390625,21593.0,21087.349609375,21543.5,363900,-0.01412146609423337,0.0016083748565725031,21332.25,20681.857421875,19952.706953125,0.00779403326092572,0.4567654123298639,1.0
2023-12-21,21255.05078125,21255.05078125,21288.349609375,20976.80078125,21033.94921875,277500,0.004959794076523361,-0.01412146609423337,21346.7203125,20754.01748046875,19987.5609765625,0.00781640971428197,-0.23742786479802147,1.0
2023-12-22,21349.400390625,21349.400390625,21390.5,21232.44921875,21295.849609375,284700,0.004438926556610712,0.004959794076523361,21325.2703125,20831.3875,20020.7519921875,0.007851123805634753,0.025945945945945903,1.0
2023-12-26,21441.349609375,21441.349609375,21477.150390625,21329.44921875,21365.19921875,219500,0.004306875934107168,0.004438926556610712,21329.81015625,20913.72001953125,20053.3519921875,0.007886511268364649,-0.2290129961362838,1.0
2023-12-27,21654.75,21654.75,21675.75,21495.80078125,21497.650390625,256500,0.0099527499207277,0.004306875934107168,21370.140234375,21001.97255859375,20090.5669921875,0.007882298892461516,0.16856492027334857,1.0
2023-12-28,21778.69921875,21778.69921875,21801.44921875,21678.0,21715.0,393100,0.005723881307796219,0.0099527499207277,21495.85,21086.0775390625,20131.1199609375,0.0078519467722545,0.5325536062378167,0.0
2023-12-29,21731.400390625,21731.400390625,21770.30078125,21676.900390625,21737.650390625,270900,-0.0021717930740454694,0.005723881307796219,21591.119921875,21165.9900390625,20171.11296875,0.007490112898181254,-0.3108623759857543,1.0
2024-01-01,21741.900390625,21741.900390625,21834.349609375,21680.849609375,21727.75,154000,0.00048317180721269004,-0.0021717930740454694,21669.619921875,21239.6900390625,20209.7209765625,0.006555580143580979,-0.4315245478036176,0.0
2024-01-02,21665.80078125,21665.80078125,21755.599609375,21555.650390625,21751.349609375,263700,-0.003500136051024061,0.00048317180721269004,21714.51015625,21288.6400390625,20249.615,0.006668612180425346,0.7123376623376623,0.0
2024-01-03,21517.349609375,21517.349609375,21677.0,21500.349609375,21661.099609375,311900,-0.00685186637566948,-0.003500136051024061,21687.030078125,21321.7525390625,20287.4680078125,0.00712741885574895,0.18278346605991658,1.0
2024-01-04,21658.599609375,21658.599609375,21685.650390625,21564.55078125,21605.80078125,339200,0.006564470186349425,-0.00685186637566948,21663.01015625,21357.79755859375,20329.7869921875,0.00521498109269364,0.08752805386341778,1.0
2024-01-05,21710.80078125,21710.80078125,21749.599609375,21629.19921875,21705.75,309300,0.002410182228605562,0.006564470186349425,21658.890234375,21398.280078125,20378.3680078125,0.005137161573163751,-0.08814858490566035,0.0
2024-01-08,21513.0,21513.0,21763.94921875,21492.900390625,21747.599609375,231500,-0.00911070868564301,0.002410182228605562,21613.11015625,21425.46005859375,20426.185,0.006149345030580828,-0.25153572583252504,1.0
2024-01-09,21544.849609375,21544.849609375,21724.44921875,21517.849609375,21653.599609375,228600,0.0014804820050666745,-0.00911070868564301,21588.919921875,21452.84755859375,20479.9369921875,0.006033119968024835,-0.012526997840172749,1.0
2024-01-10,21618.69921875,21618.69921875,21641.849609375,21448.650390625,21529.30078125,217000,0.0034277152411805734,0.0014804820050666745,21609.18984375,21488.4625,20531.3659765625,0.005191025609760848,-0.05074365704286965,1.0
2024-01-11,21647.19921875,21647.19921875,21726.5,21593.75,21688.0,212500,0.0013183031833516878,0.0034277152411805734,21606.909765625,21524.50498046875,20581.491953125,0.004809642440977263,-0.020737327188940058,1.0
2024-01-12,21894.55078125,21894.55078125,21928.25,21715.150390625,21773.55078125,294700,0.011426492637705898,0.0013183031833516878,21643.659765625,21560.09755859375,20637.7909765625,0.00607118058602612,0.3868235294117648,1.0
2024-01-15,22097.44921875,22097.44921875,22115.55078125,21963.55078125,22053.150390625,345500,0.009267074694848665,0.011426492637705898,21760.549609375,21592.1375,20699.956953125,0.0066351470083109805,0.172378690193417,0.0
2024-01-16,22032.30078125,22032.30078125,22124.150390625,21969.80078125,22080.5,292400,-0.0029482333845447517,0.009267074694848665,21858.03984375,21622.82001953125,20757.93796875,0.006589751947212603,-0.1536903039073806,0.0
2024-01-17,21571.94921875,21571.94921875,21851.5,21550.44921875,21647.25,456000,-0.020894393512082443,-0.0029482333845447517,21848.68984375,21628.7625,20804.7649609375,0.009477641733023108,0.5595075239398084,0.0
2024-01-18,21462.25,21462.25,21539.400390625,21285.55078125,21414.19921875,387300,-0.0050852715087356115,-0.020894393512082443,21811.7,21644.36748046875,20845.7749609375,0.009336193483552135,-0.1506578947368421,1.0
2024-01-19,21622.400390625,21622.400390625,21670.599609375,21575.0,21615.19921875,343100,0.00746195718645537,-0.0050852715087356115,21757.269921875,21662.7349609375,20890.088984375,0.009664361188180185,-0.11412341853860053,0.0
2024-01-23,21238.80078125,21238.80078125,21750.25,21192.599609375,21716.69921875,449700,-0.01774084294273448,0.00746195718645537,21585.540234375,21657.20498046875,20925.995,0.010845235049206408,0.31069658991547655,1.0
2024-01-24,21453.94921875,21453.94921875,21482.349609375,21137.19921875,21185.25,407500,0.010129971071150878,-0.01774084294273448,21469.869921875,21657.8349609375,20967.16796875,0.011415243191591103,-0.0938403380031132,0.0
2024-01-25,21352.599609375,21352.599609375,21459.0,21247.05078125,21454.599609375,418100,-0.004724053755400193,0.010129971071150878,21426.0,21642.72744140625,21005.71296875,0.01140546820627154,0.026012269938650245,1.0
2024-01-29,21737.599609375,21737.599609375,21763.25,21429.599609375,21433.099609375,376700,0.018030591452244726,-0.004724053755400193,21481.069921875,21640.6724609375,21051.5939453125,0.012934024092241845,-0.09901937335565658,0.0
2024-01-30,21522.099609375,21522.099609375,21813.05078125,21501.80078125,21775.75,375100,-0.009913698102483215,0.018030591452244726,21461.009765625,21630.207421875,21088.526953125,0.012687657663004124,-0.004247411733474871,1.0
2024-01-31,21725.69921875,21725.69921875,21741.349609375,21448.849609375,21487.25,410600,0.009460025419002926,-0.009913698102483215,21558.389453125,21629.39736328125,21127.736953125,0.012706223880859778,0.09464142895227945,0.0
2024-02-01,21697.44921875,21697.44921875,21832.94921875,21658.75,21780.650390625,332500,-0.0013003033741542103,0.009460025419002926,21607.089453125,21630.97978515625,21167.049921875,0.01269780145196895,-0.19020944958597175,1.0
2024-02-02,21853.80078125,21853.80078125,22126.80078125,21805.55078125,21812.75,442800,0.007205988175093214,-0.0013003033741542103,21707.3296875,21647.80234375,21210.2459375,0.010900628064977876,0.33172932330827076,0.0
2024-02-05,21771.69921875,21771.69921875,21964.30078125,21726.94921875,21921.05078125,440800,-0.0037568550808078083,0.007205988175093214,21714.149609375,21653.45732421875,21250.0119140625,0.010821262697407626,-0.004516711833784992,1.0
2024-02-06,21929.400390625,21929.400390625,21951.400390625,21737.55078125,21825.19921875,371000,0.007243402101531293,-0.0037568550808078083,21795.609765625,21664.3873046875,21292.3629296875,0.010808063140992768,-0.15834845735027225,1.0
2024-02-07,21930.5,21930.5,22053.30078125,21860.150390625,22045.05078125,346300,5.014315737827957e-05,0.007243402101531293,21836.569921875,21685.2623046875,21334.9329296875,0.008517104936740797,-0.0665768194070081,0.0
2024-02-08,21717.94921875,21717.94921875,22011.05078125,21665.30078125,22009.650390625,491100,-0.009692017110872975,5.014315737827957e-05,21840.669921875,21693.91728515625,21373.3979296875,0.009027389673516727,0.4181345654057176,1.0
2024-02-09,21782.5,21782.5,21804.44921875,21629.900390625,21727.0,349200,0.0029722318898448563,-0.009692017110872975,21826.409765625,21702.10732421875,21411.2539453125,0.008785331685625104,-0.28894318875992675,0.0
2024-02-12,21616.05078125,21616.05078125,21831.69921875,21574.75,21800.80078125,287400,-0.0076414194307357075,0.0029722318898448563,21795.280078125,21700.54990234375,21441.64296875,0.0071975934614195766,-0.17697594501718217,1.0
2024-02-13,21743.25,21743.25,21766.80078125,21543.349609375,21664.30078125,365800,0.005884480011507653,-0.0076414194307357075,21758.05,21692.98486328125,21473.8449609375,0.006621604088281966,0.2727905358385525,1.0
2024-02-14,21840.05078125,21840.05078125,21870.849609375,21530.19921875,21578.150390625,359100,0.004451992284961959,0.005884480011507653,21739.96015625,21680.11494140625,21505.28796875,0.006081605298270254,-0.018316019682886875,1.0
2024-02-15,21910.75,21910.75,21953.849609375,21794.80078125,21906.55078125,345400,0.0032371361888359207,0.004451992284961959,21778.5203125,21674.03740234375,21529.766953125,0.006098144416324702,-0.038150932887775046,1.0
2024-02-16,22040.69921875,22040.69921875,22068.650390625,21968.94921875,22020.30078125,343900,0.005930843022260657,0.0032371361888359207,21830.16015625,21697.47490234375,21553.4789453125,0.005965746267181389,-0.004342790966994747,1.0
2024-02-19,22122.25,22122.25,22186.650390625,22021.05078125,22103.44921875,0,0.0037000088082788096,0.005930843022260657,21931.4,21730.47490234375,21577.1699609375,0.005786783390634195,-1.0,1.0
2024-02-20,22196.94921875,22196.94921875,22215.599609375,22045.849609375,22099.19921875,295700,0.0033766555730090353,0.0037000088082788096,22022.13984375,21759.20234375,21603.0859375,0.005490404739825097,inf,0.0
2024-02-21,22055.05078125,22055.05078125,22249.400390625,21997.94921875,22248.849609375,364500,-0.006392700010330099,0.0033766555730090353,22065.13984375,21800.01484375,21624.7989453125,0.005998377385833246,0.23266824484274595,1.0
2024-02-22,22217.44921875,22217.44921875,22252.5,21875.25,22081.55078125,343500,0.0073633218581414805,-0.006392700010330099,22126.4796875,21838.18984375,21649.2059375,0.005111453622306637,-0.057613168724279795,0.0
2024-02-23,22212.69921875,22212.69921875,22297.5,22186.099609375,22290.0,226000,-0.0002137959201901074,0.0073633218581414805,22160.8796875,21881.19482421875,21675.3319140625,0.005163116849587229,-0.34206695778748175,0.0
2024-02-26,22122.05078125,22122.05078125,22202.150390625,22075.150390625,22169.19921875,207800,-0.004080928508836235,-0.0002137959201901074,22160.83984375,21900.4173828125,21699.2459375,0.004507883213638763,-0.08053097345132743,1.0
2024-02-27,22198.349609375,22198.349609375,22218.25,22085.650390625,22090.19921875,252200,0.003448994348646428,-0.004080928508836235,22161.119921875,21934.2298828125,21719.5589453125,0.004357532712624865,0.2136669874879693,0.0
2024-02-28,21951.150390625,21951.150390625,22229.150390625,21915.849609375,22214.099609375,203000,-0.011135927809948543,0.003448994348646428,22140.33984375,21945.50244140625,21729.4489453125,0.005922612144287993,-0.19508326724821567,1.0
2024-02-29,21982.80078125,21982.80078125,22060.55078125,21860.650390625,21935.19921875,360200,0.0014418556686905948,-0.011135927809948543,22093.41015625,21959.77001953125,21740.731953125,0.005858069117716972,0.7743842364532019,1.0
2024-03-01,22338.75,22338.75,22353.30078125,22047.75,22048.30078125,351500,0.016192168700068565,0.0014418556686905948,22118.6203125,21984.01748046875,21758.4449609375,0.007588575866934341,-0.024153248195446952,1.0
2024-03-04,22405.599609375,22405.599609375,22440.900390625,22358.30078125,22403.5,298800,0.0029925402887358565,0.016192168700068565,22175.330078125,22015.7125,21783.5539453125,0.007567708803605888,-0.14992887624466567,0.0
2024-03-05,22356.30078125,22356.30078125,22416.900390625,22269.150390625,22371.25,296200,-0.00220029050703785,0.0029925402887358565,22206.9203125,22037.05751953125,21805.5789453125,0.00760301499888847,-0.00870147255689424,1.0
2024-03-06,22474.05078125,22474.05078125,22497.19921875,22224.349609375,22327.5,312300,0.005266971542034149,-0.00220029050703785,22311.500390625,22064.23505859375,21828.071953125,0.007274309949918108,0.054355165428764396,1.0
2024-03-07,22493.55078125,22493.55078125,22525.650390625,22430.0,22505.30078125,379900,0.0008676673462120199,0.005266971542034149,22413.650390625,22103.01513671875,21849.1159765625,0.007018515646412885,0.2164585334614153,0.0
2024-03-11,22332.650390625,22332.650390625,22526.599609375,22307.25,22517.5,277900,-0.007153178801771132,0.0008676673462120199,22412.43046875,22130.52265625,21862.673984375,0.0075063030201684994,-0.26849170834430114,1.0
2024-03-12,22335.69921875,22335.69921875,22452.55078125,22256.0,22334.44921875,299200,0.0001365188668460693,-0.007153178801771132,22398.450390625,22166.505078125,21873.813984375,0.007332803511521737,0.07664627563871895,0.0
2024-03-13,21997.69921875,21997.69921875,22446.75,21905.650390625,22432.19921875,493300,-0.015132725270416536,0.0001365188668460693,22326.730078125,22179.2275390625,21879.1399609375,0.008838922996851453,0.6487299465240641,1.0
2024-03-14,22146.650390625,22146.650390625,22204.599609375,21917.5,21982.55078125,426700,0.006771215952804832,-0.015132725270416536,22261.25,22194.55751953125,21887.2349609375,0.008327723125804074,-0.135009122237989,0.0
2024-03-15,22023.349609375,22023.349609375,22120.900390625,21931.69921875,22064.849609375,661500,-0.005567468627318717,0.006771215952804832,22167.209765625,22200.1875,21894.3859375,0.008570209477561269,0.5502695101945161,1.0
2024-03-18,22055.69921875,22055.69921875,22123.69921875,21916.55078125,21990.099609375,356300,0.0014688778023679294,-0.005567468627318717,22111.81953125,22200.9375,21905.1529296875,0.006546671225251043,-0.46137566137566133,0.0
2024-03-19,21817.44921875,21817.44921875,21978.30078125,21793.099609375,21946.44921875,344200,-0.010802196640288697,0.0014688778023679294,22008.16953125,22185.6974609375,21908.329921875,0.006990536304759121,-0.033960145944428866,1.0
2024-03-20,21839.099609375,21839.099609375,21930.900390625,21710.19921875,21843.900390625,312400,0.0009923428906801757,-0.010802196640288697,21976.449609375,22167.80498046875,21910.8958984375,0.007084837417051867,-0.09238814642649618,1.0
2024-03-21,22011.94921875,22011.94921875,22080.94921875,21941.30078125,21989.900390625,353200,0.0079146856998078,0.0009923428906801757,21949.509375,22165.64990234375,21920.8748828125,0.007440239503879065,0.1306017925736236,1.0
2024-03-22,22096.75,22096.75,22180.69921875,21883.30078125,21932.19921875,388700,0.0038524885010076115,0.0079146856998078,21964.189453125,22159.61494140625,21931.912890625,0.007627819627582574,0.10050962627406568,0.0
2024-03-26,22004.69921875,22004.69921875,22073.19921875,21947.55078125,21947.900390625,328400,-0.00416580634029895,0.0038524885010076115,21953.989453125,22149.21494140625,21939.632890625,0.007449188209364469,-0.1551324929251351,1.0
2024-03-27,22123.650390625,22123.650390625,22193.599609375,22052.849609375,22053.94921875,409100,0.005405716783151604,-0.00416580634029895,22015.2296875,22149.294921875,21949.1619140625,0.007754244746389755,0.24573690621193656,1.0
2024-03-28,22326.900390625,22326.900390625,22516.0,22163.599609375,22163.599609375,410500,0.009187001078543977,0.005405716783151604,22112.78984375,22155.7224609375,21957.80890625,0.006518909239764731,0.0034221461745294057,1.0
2024-04-01,22462.0,22462.0,22529.94921875,22427.75,22455.0,0,0.006050979178091831,0.009187001078543977,22202.8,22181.26494140625,21965.099921875,0.006457963292269448,-1.0,0.0
2024-04-02,22453.30078125,22453.30078125,22497.599609375,22388.150390625,22458.80078125,289500,-0.0003872860275131451,0.006050979178091831,22274.11015625,22204.78994140625,21973.519921875,0.006027383817052568,inf,0.0
2024-04-03,22434.650390625,22434.650390625,22521.099609375,22346.5,22385.69921875,309600,-0.0008306302403686683,-0.0003872860275131451,22360.100390625,22209.5849609375,21990.7739453125,0.0060913744210411595,0.0694300518134714,1.0
2024-04-04,22514.650390625,22514.650390625,22619.0,22303.80078125,22592.099609375,401000,0.003565912488363576,-0.0008306302403686683,22438.300390625,22215.0375,22011.821953125,0.0042144145541285856,0.295219638242894,0.0
2024-04-05,22513.69921875,22513.69921875,22537.599609375,22427.599609375,22486.400390625,242200,-4.224679746289706e-05,0.003565912488363576,22475.66015625,22222.907421875,22029.6479296875,0.004285598619674552,-0.39600997506234414,1.0
2024-04-08,22666.30078125,22666.30078125,22697.30078125,22550.349609375,22578.349609375,227600,0.006778164752814453,-4.224679746289706e-05,22516.5203125,22232.519921875,22058.1979296875,0.004155500070844511,-0.06028075970272506,0.0
2024-04-09,22642.75,22642.75,22768.400390625,22612.25,22765.099609375,232400,-0.0010390218270411866,0.006778164752814453,22554.41015625,22239.9798828125,22081.9739453125,0.0043209425784369515,0.02108963093145877,1.0
2024-04-10,22753.80078125,22753.80078125,22775.69921875,22673.69921875,22720.25,276800,0.0049044741142307835,-0.0010390218270411866,22618.240234375,22261.03740234375,22109.99796875,0.003682120826983465,0.1910499139414803,0.0
2024-04-12,22519.400390625,22519.400390625,22726.44921875,22503.75,22677.400390625,357200,-0.010301592814249916,0.0049044741142307835,22619.190234375,22270.2224609375,22125.633984375,0.005575567105240974,0.29046242774566466,0.0
2024-04-15,22272.5,22272.5,22427.44921875,22259.55078125,22339.05078125,355500,-0.010963897188301042,-0.010301592814249916,22570.950390625,22283.9625,22140.6419921875,0.006209898201192313,-0.004759238521836462,0.0
2024-04-16,22147.900390625,22147.900390625,22213.75,22079.44921875,22125.30078125,317300,-0.005594325260972033,-0.010963897188301042,22467.2703125,22284.025,22149.086015625,0.005989905178706676,-0.10745428973277071,0.0
2024-04-18,21995.849609375,21995.849609375,22326.5,21961.69921875,22212.349609375,456900,-0.0068652458503182245,-0.005594325260972033,22337.890234375,22282.65,22155.0540234375,0.006215336091129972,0.4399621809013552,1.0
2024-04-19,22147.0,22147.0,22179.55078125,21777.650390625,21861.5,362500,0.0068717686886063944,-0.0068652458503182245,22216.530078125,22287.2150390625,22160.9180078125,0.006828698584873209,-0.2066097614357627,1.0
2024-04-22,22336.400390625,22336.400390625,22375.650390625,22198.150390625,22336.900390625,279300,0.008551965982977361,0.0068717686886063944,22179.930078125,22313.16259765625,22172.21203125,0.007380643311433615,-0.2295172413793104,1.0
2024-04-23,22368.0,22368.0,22447.55078125,22349.44921875,22447.05078125,231500,0.0014147135985376202,0.008551965982977361,22199.030078125,22339.6076171875,22180.9840234375,0.007410923798141294,-0.17114214106695314,1.0
2024-04-24,22402.400390625,22402.400390625,22476.44921875,22384.0,22421.55078125,235900,0.0015379287654238016,0.0014147135985376202,22249.930078125,22359.13017578125,22190.42203125,0.0070034029012222025,0.01900647948164136,1.0
2024-04-25,22570.349609375,22570.349609375,22625.94921875,22305.25,22316.900390625,475000,0.0074969296067168845,0.0015379287654238016,22364.830078125,22382.81015625,22207.4700390625,0.00751939028282491,1.013565069944892,0.0
2024-04-26,22419.94921875,22419.94921875,22620.400390625,22385.55078125,22620.400390625,329900,-0.006663626980883297,0.0074969296067168845,22419.419921875,22403.57265625,22220.2190234375,0.0075204916100508196,-0.30547368421052634,1.0
2024-04-29,22643.400390625,22643.400390625,22655.80078125,22441.900390625,22475.55078125,292000,0.00996662256880243,-0.006663626980883297,22480.819921875,22429.56015625,22240.766015625,0.007601103848767364,-0.11488329796908159,0.0
2024-04-30,22604.849609375,22604.849609375,22783.349609375,22568.400390625,22679.650390625,361900,-0.00170251731563964,0.00996662256880243,22528.18984375,22443.4576171875,22257.9980078125,0.006527287928743217,0.23938356164383556,1.0
2024-05-02,22648.19921875,22648.19921875,22710.5,22567.849609375,22567.849609375,445900,0.0019177127972140884,-0.00170251731563964,22577.349609375,22452.767578125,22274.1609765625,0.006033517454925206,0.23210831721470027,0.0
2024-05-03,22475.849609375,22475.849609375,22794.69921875,22348.05078125,22766.349609375,438100,-0.007609859296553445,0.0019177127972140884,22558.449609375,22453.89501953125,22285.46296875,0.006161778052599244,-0.017492711370262426,0.0
2024-05-06,22442.69921875,22442.69921875,22588.80078125,22409.44921875,22561.599609375,320300,-0.0014749338156797576,-0.007609859296553445,22562.999609375,22454.2974609375,22293.50296875,0.006019007215003585,-0.26888838164802553,0.0
2024-05-07,22302.5,22302.5,22499.05078125,22232.05078125,22489.75,297800,-0.006246985595782073,-0.0014749338156797576,22494.81953125,22443.68994140625,22297.10796875,0.005867125303730981,-0.07024664377146428,0.0
2024-05-08,22302.5,22302.5,22368.650390625,22185.19921875,22231.19921875,277400,0.0,-0.006246985595782073,22434.349609375,22433.12998046875,22299.218984375,0.0058425730598946814,-0.06850235057085297,0.0
2024-05-09,21957.5,21957.5,22307.75,21932.400390625,22224.80078125,331300,-0.01546911781190452,0.0,22296.209765625,22397.68994140625,22297.26796875,0.007496471478804474,0.19430425378514782,1.0
2024-05-10,22055.19921875,22055.19921875,22131.30078125,21950.30078125,21990.94921875,265800,0.0044494691449390444,-0.01546911781190452,22212.0796875,22368.31240234375,22294.02296875,0.007121014350279555,-0.19770600664050708,1.0
2024-05-13,22104.05078125,22104.05078125,22131.650390625,21821.05078125,22027.94921875,278200,0.0022149680905385605,0.0044494691449390444,22144.35,22335.82490234375,22291.85,0.007067486071320698,0.04665161775771254,1.0
2024-05-14,22217.849609375,22217.849609375,22270.05078125,22081.25,22112.900390625,230200,0.005148324587705533,0.0022149680905385605,22127.419921875,22320.74736328125,22293.7659765625,0.006332866574605058,-0.17253774263120059,0.0
2024-05-15,22200.55078125,22200.55078125,22297.55078125,22151.75,22255.599609375,231900,-0.0007786004689536163,0.005148324587705533,22107.030078125,22317.14990234375,22293.81,0.006342432145413174,0.00738488271068638,1.0
2024-05-16,22403.849609375,22403.849609375,22432.25,22054.55078125,22319.19921875,368900,0.009157377676264788,-0.0007786004689536163,22196.3,22329.94736328125,22302.863984375,0.007171090623103611,0.5907718844329453,1.0
2024-05-17,22466.099609375,22466.099609375,22502.150390625,22345.650390625,22415.25,242700,0.0027785403439750667,0.009157377676264788,22278.480078125,22353.45986328125,22312.5299609375,0.00686279954901287,-0.34209812957441044,1.0
2024-05-21,22529.05078125,22529.05078125,22591.099609375,22404.55078125,22404.55078125,347600,0.002802051667603722,0.0027785403439750667,22363.480078125,22372.56240234375,22316.3359765625,0.006895392736028526,0.4322208487845076,1.0
2024-05-22,22597.80078125,22597.80078125,22629.5,22483.150390625,22576.599609375,290300,0.0030516154749500313,0.002802051667603722,22439.4703125,22385.632421875,22320.18,0.006515076720462858,-0.16484464902186424,1.0
2024-05-23,22967.650390625,22967.650390625,22993.599609375,22577.44921875,22614.099609375,369800,0.01636661960848307,0.0030516154749500313,22592.890234375,22415.61494140625,22332.4069921875,0.008023449037551793,0.2738546331381331,0.0
2024-05-24,22957.099609375,22957.099609375,23026.400390625,22908.0,22930.75,261900,-0.0004593757337192361,0.01636661960848307,22703.540234375,22443.34990234375,22342.06796875,0.005039269571174963,-0.2917793401838832,0.0
2024-05-27,22932.44921875,22932.44921875,23110.80078125,22871.19921875,23038.94921875,260000,-0.0010737589261899938,-0.0004593757337192361,22796.81015625,22461.4548828125,22350.8459375,0.005336088979582857,-0.0072546773577701895,0.0
2024-05-28,22888.150390625,22888.150390625,22998.55078125,22858.5,22977.150390625,217900,-0.0019317094176221072,-0.0010737589261899938,22868.630078125,22484.86494140625,22361.9559375,0.00563606367571734,-0.16192307692307695,0.0
2024-05-29,22704.69921875,22704.69921875,22825.5,22685.44921875,22762.75,269900,-0.008015115627261094,-0.0019317094176221072,22890.009765625,22487.9298828125,22369.3359375,0.006654998448948745,0.23864157870582847,0.0
2024-05-30,22488.650390625,22488.650390625,22705.75,22417.0,22617.44921875,373400,-0.009515599658179275,-0.008015115627261094,22794.209765625,22482.119921875,22379.1549609375,0.007595114529893108,0.38347536124490555,1.0
2024-05-31,22530.69921875,22530.69921875,22653.75,22465.099609375,22568.099609375,572100,0.0018697799732139142,-0.009515599658179275,22708.9296875,22476.244921875,22386.8359375,0.007092103461391365,0.5321371183717194,1.0
2024-06-03,23263.900390625,23263.900390625,23338.69921875,23062.30078125,23337.900390625,569400,0.03254231769535276,0.0018697799732139142,22775.219921875,22515.6474609375,22411.646953125,0.012384643165491548,-0.004719454640797038,0.0
2024-06-04,21884.5,21884.5,23179.5,21281.44921875,23179.5,1006100,-0.05929359941641077,0.03254231769535276,22574.48984375,22487.7375,22408.22296875,0.023440907495164757,0.7669476642079383,1.0
2024-06-05,22620.349609375,22620.349609375,22670.400390625,21791.94921875,22128.349609375,638500,0.033624236760035675,-0.05929359941641077,22557.619921875,22503.62998046875,22424.2809765625,0.02610848490176735,-0.36537123546367156,1.0
2024-06-06,22821.400390625,22821.400390625,22910.150390625,22642.599609375,22798.599609375,480400,0.008888049244237806,0.033624236760035675,22624.169921875,22529.575,22443.9269921875,0.025704664939228457,-0.24761158966327335,1.0
2024-06-07,23290.150390625,23290.150390625,23320.19921875,22789.05078125,22821.849609375,473600,0.020539931466807104,0.008888049244237806,22776.06015625,22596.20751953125,22469.491015625,0.026537772774068442,-0.014154870940882636,0.0
2024-06-10,23259.19921875,23259.19921875,23411.900390625,23227.150390625,23319.150390625,304400,-0.0013289382574128705,0.020539931466807104,22775.119921875,22656.40751953125,22492.74,0.026540926582890315,-0.3572635135135135,1.0
2024-06-11,23264.849609375,23264.849609375,23389.44921875,23206.650390625,23283.75,305200,0.0002429314342191624,-0.0013289382574128705,23051.18984375,22714.4474609375,22517.9430078125,0.026516416074513,0.0026281208935610145,1.0
2024-06-12,23322.94921875,23322.94921875,23441.94921875,23295.94921875,23344.44921875,295600,0.002497312914139238,0.0002429314342191624,23191.709765625,22769.70244140625,22541.928984375,0.026284584156887853,-0.03145478374836175,1.0
2024-06-13,23398.900390625,23398.900390625,23481.05078125,23353.900390625,23480.94921875,268300,0.0032564994745150067,0.002497312914139238,23307.209765625,22829.619921875,22563.368984375,0.02591622725068759,-0.09235453315290931,1.0
2024-06-14,23465.599609375,23465.599609375,23490.400390625,23334.25,23464.94921875,223100,0.0028505279152657437,0.0032564994745150067,23342.299609375,22882.707421875,22583.4409765625,0.02590793100676047,-0.16846813268729033,1.0
2024-06-18,23557.900390625,23557.900390625,23579.05078125,23499.69921875,23570.80078125,272200,0.003933450786960613,0.0028505279152657437,23402.03984375,22937.2974609375,22605.53296875,0.023959073431533674,0.22008068130883007,0.0
2024-06-19,23516.0,23516.0,23664.0,23412.900390625,23629.849609375,328800,-0.0017786131162043084,0.003933450786960613,23452.269921875,22986.644921875,22627.1599609375,0.011294072924387596,0.20793534166054362,1.0
2024-06-20,23567.0,23567.0,23624.0,23442.599609375,23586.150390625,280300,0.0021687361796223215,-0.0017786131162043084,23501.080078125,23035.1048828125,22648.206953125,0.006503816973674071,-0.14750608272506083,0.0
2024-06-21,23501.099609375,23501.099609375,23667.099609375,23398.19921875,23661.150390625,609900,-0.00279629951309035,0.0021687361796223215,23521.519921875,23061.77734375,22667.9549609375,0.006602260059724975,1.17588298251873,1.0
2024-06-24,23537.849609375,23537.849609375,23558.099609375,23350.0,23382.30078125,239400,0.00156375661610908,-0.00279629951309035,23535.969921875,23090.81484375,22685.3859375,0.002336655807564314,-0.6074766355140186,1.0
2024-06-25,23721.30078125,23721.30078125,23754.150390625,23562.05078125,23577.099609375,298100,0.007793879853915442,0.00156375661610908,23568.65,23130.257421875,22706.956953125,0.0029895761149064245,0.24519632414369252,1.0
2024-06-26,23868.80078125,23868.80078125,23889.900390625,23670.44921875,23723.099609375,287800,0.006218040121837909,0.007793879853915442,23639.21015625,23179.28994140625,22729.256953125,0.003195352805124234,-0.03455216370345526,1.0
2024-06-27,24044.5,24044.5,24087.44921875,23805.400390625,23881.55078125,515200,0.007361040898544724,0.006218040121837909,23734.71015625,23246.27998046875,22759.7589453125,0.003535040906827922,0.7901320361362056,0.0
2024-06-28,24010.599609375,24010.599609375,24174.0,23985.80078125,24085.900390625,354800,-0.0014099020825968367,0.007361040898544724,23836.61015625,23322.37744140625,22794.5209375,0.0038035869468185926,-0.3113354037267081,1.0
2024-07-01,24141.94921875,24141.94921875,24164.0,23992.69921875,23992.94921875,0,0.005470484349075377,-0.0014099020825968367,23957.430078125,23402.93994140625,22834.4019140625,0.003912173897853446,-1.0,0.0
2024-07-04,24302.150390625,24302.150390625,24401.0,24281.0,24369.94921875,251200,0.0006444070008029268,0.006742306607722792,24173.009765625,23650.12744140625,22959.0669140625,0.004042963445049501,inf,1.0
2024-07-05,24323.849609375,24323.849609375,24363.0,24168.849609375,24213.349609375,298400,0.0008928929498506211,0.0006444070008029268,24235.659765625,23725.24990234375,22998.18390625,0.0035896993340164694,0.1878980891719746,0.0
2024-07-08,24320.55078125,24320.55078125,24344.599609375,24240.55078125,24329.44921875,266300,-0.00013562113637344275,0.0008928929498506211,24271.380078125,23776.769921875,23036.5469140625,0.0037266709809716586,-0.10757372654155495,1.0
2024-07-09,24433.19921875,24433.19921875,24443.599609375,24331.900390625,24351.0,250500,0.004631820986013446,-0.00013562113637344275,24333.25,23835.469921875,23073.80390625,0.0034231682094428392,-0.05933158092377022,0.0
2024-07-10,24324.44921875,24324.44921875,24461.05078125,24141.80078125,24459.849609375,292300,-0.004450911197766749,0.004631820986013446,24340.83984375,23888.44990234375,23111.89390625,0.003923252005547119,0.16686626746506983,0.0
2024-07-11,24315.94921875,24315.94921875,24402.650390625,24193.75,24396.55078125,306400,-0.0003494426502141934,-0.004450911197766749,24343.599609375,23938.09990234375,23145.3448828125,0.003461118866767555,0.04823811152925073,1.0
2024-07-12,24502.150390625,24502.150390625,24592.19921875,24331.150390625,24387.94921875,325800,0.007657573644356042,-0.0003494426502141934,24379.259765625,23993.26240234375,23183.2908984375,0.003884085889908939,0.0633159268929504,1.0
2024-07-15,24586.69921875,24586.69921875,24635.05078125,24522.75,24587.599609375,305400,0.003450669707641296,0.007657573644356042,24432.489453125,24049.3173828125,23222.0608984375,0.003735270992508743,-0.06261510128913439,1.0
2024-07-16,24613.0,24613.0,24661.25,24587.650390625,24615.900390625,283200,0.0010697158254551198,0.003450669707641296,24468.449609375,24102.07236328125,23264.80390625,0.00363852752606747,-0.07269155206286837,1.0
2024-07-18,24800.849609375,24800.849609375,24837.75,24504.44921875,24543.80078125,350900,0.007632129743428306,0.0010697158254551198,24563.7296875,24166.31484375,23311.9669140625,0.0037752833024345452,0.23905367231638408,0.0
2024-07-19,24530.900390625,24530.900390625,24854.80078125,24508.150390625,24853.80078125,343800,-0.010884676251089243,0.007632129743428306,24606.719921875,24214.50986328125,23356.534921875,0.005593306099622209,-0.020233684810487373,0.0
2024-07-22,24509.25,24509.25,24595.19921875,24362.30078125,24445.75,324200,-0.0008825762723847497,-0.010884676251089243,24608.13984375,24264.9173828125,23400.669921875,0.0056234679765867724,-0.057009889470622466,0.0
2024-07-23,24479.05078125,24479.05078125,24582.55078125,24074.19921875,24568.900390625,436400,-0.0012321559717249908,-0.0008825762723847497,24586.61015625,24311.97744140625,23451.1009375,0.0056537819407390605,0.3460826650215916,0.0
2024-07-24,24413.5,24413.5,24504.25,24307.25,24444.94921875,366600,-0.002677831825905974,-0.0012321559717249908,24546.71015625,24346.58740234375,23498.266953125,0.005555493035849812,-0.15994500458295147,0.0
2024-07-25,24406.099609375,24406.099609375,24426.150390625,24210.80078125,24230.94921875,391800,-0.0003031269840456652,-0.002677831825905974,24467.76015625,24373.45234375,23544.3079296875,0.00534255581240841,0.06873977086743044,1.0
2024-07-26,24834.849609375,24834.849609375,24861.150390625,24410.900390625,24423.349609375,383800,0.01756732976027453,-0.0003031269840456652,24528.55,24412.96982421875,23596.6479296875,0.007607035790253447,-0.020418580908626804,1.0
2024-07-29,24836.099609375,24836.099609375,24999.75,24774.599609375,24943.30078125,355000,5.03324972633834e-05,0.01756732976027453,24593.919921875,24454.24482421875,23649.35890625,0.007370621374477294,-0.07503908285565397,1.0
2024-07-30,24857.30078125,24857.30078125,24971.75,24798.650390625,24839.400390625,385000,0.0008536433743000504,5.03324972633834e-05,24669.569921875,24490.01240234375,23698.4279296875,0.007335182843089664,0.08450704225352124,1.0
2024-07-31,24951.150390625,24951.150390625,24984.599609375,24856.5,24886.69921875,333600,0.00377553501085659,0.0008536433743000504,24777.1,24531.37744140625,23748.1289453125,0.007382902644459031,-0.13350649350649346,1.0
2024-08-01,25010.900390625,25010.900390625,25078.30078125,24956.400390625,25030.94921875,431300,0.0023946791656728195,0.00377553501085659,24898.06015625,24567.5974609375,23797.7659375,0.0070700142031593066,0.2928657074340528,0.0
2024-08-02,24717.69921875,24717.69921875,24851.900390625,24686.849609375,24789.0,345000,-0.011722935491954689,0.0023946791656728195,24874.630078125,24588.37490234375,23840.16390625,0.007228022146267165,-0.2000927428703918,0.0
2024-08-05,24055.599609375,24055.599609375,24350.05078125,23893.69921875,24302.849609375,487000,-0.02678645789462286,-0.011722935491954689,24718.530078125,24574.96240234375,23861.922890625,0.011354693962696961,0.41159420289855064,0.0
2024-08-06,23992.55078125,23992.55078125,24382.599609375,23960.400390625,24189.849609375,312300,-0.0026209626510589334,-0.02678645789462286,24545.580078125,24558.56240234375,23882.6319140625,0.011355360133621964,-0.3587268993839836,1.0
2024-08-07,24297.5,24297.5,24337.69921875,24184.900390625,24289.400390625,317600,0.012710162480444431,-0.0026209626510589334,24414.85,24551.77744140625,23909.9329296875,0.012252512046444293,0.01697086135126491,0.0
2024-08-08,24117.0,24117.0,24340.5,24079.69921875,24248.55078125,311900,-0.007428747813561065,0.012710162480444431,24236.069921875,24541.40498046875,23934.509921875,0.01245131118065696,-0.017947103274559173,1.0
2024-08-09,24367.5,24367.5,24419.75,24311.19921875,24386.849609375,215100,0.010386864037815746,-0.007428747813561065,24166.030078125,24543.98251953125,23967.7659375,0.011418023815293608,-0.3103558832959282,0.0
2024-08-12,24347.0,24347.0,24472.80078125,24212.099609375,24320.05078125,279900,-0.0008412844977941925,0.010386864037815746,24224.31015625,24536.225,24004.9329296875,0.011405106790954045,0.3012552301255229,0.0
2024-08-13,24139.0,24139.0,24359.94921875,24116.5,24342.349609375,239700,-0.008543146999630324,-0.0008412844977941925,24253.6,24513.8400390625,24037.0989453125,0.011536809412990205,-0.1436227224008575,1.0
2024-08-14,24143.75,24143.75,24196.5,24099.69921875,24184.400390625,303300,0.00019677699987563635,-0.008543146999630324,24222.85,24490.3775390625,24054.6959375,0.011362022241371394,0.265331664580726,1.0
2024-08-16,24541.150390625,24541.150390625,24563.900390625,24204.5,24334.849609375,271600,0.016459762490292462,0.00019677699987563635,24307.680078125,24477.392578125,24107.8289453125,0.01290133749066509,-0.10451697988789976,1.0
2024-08-19,24572.650390625,24572.650390625,24638.80078125,24522.94921875,24636.349609375,243600,0.0012835584110202358,0.016459762490292462,24348.71015625,24479.480078125,24146.8749609375,0.012439281614561143,-0.1030927835051546,1.0
2024-08-20,24698.849609375,24698.849609375,24734.30078125,24607.19921875,24648.900390625,238300,0.005135759339910173,0.0012835584110202358,24419.080078125,24488.96005859375,24184.4239453125,0.00838433759196796,-0.021756978653530323,1.0
2024-08-21,24770.19921875,24770.19921875,24787.94921875,24654.5,24680.55078125,257100,0.0028887826964991703,0.005135759339910173,24545.319921875,24503.51748046875,24214.024921875,0.008176179567847452,0.07889215274863615,1.0
2024-08-22,24811.5,24811.5,24867.349609375,24784.44921875,24863.400390625,220300,0.001667357653657442,0.0028887826964991703,24678.869921875,24523.41748046875,24245.0709375,0.0074677786244403315,-0.14313496693893424,1.0
2024-08-23,24823.150390625,24823.150390625,24858.400390625,24771.650390625,24845.400390625,206800,0.00046955607782672715,0.001667357653657442,24735.269921875,24544.27001953125,24276.236953125,0.006726461361378019,-0.061280072628234206,1.0
2024-08-26,25010.599609375,25010.599609375,25043.80078125,24874.69921875,24906.099609375,210300,0.007551387144671073,0.00046955607782672715,24822.859765625,24553.05751953125,24309.9899609375,0.006429487524432972,0.016924564796905184,1.0
2024-08-27,25017.75,25017.75,25073.099609375,24973.650390625,25024.80078125,223300,0.0002858944102370753,0.007551387144671073,24886.63984375,24562.1400390625,24342.366953125,0.006371550040703513,0.061816452686638046,1.0
2024-08-28,25052.349609375,25052.349609375,25129.599609375,24964.650390625,25030.80078125,220400,0.0013830024432652799,0.0002858944102370753,24943.069921875,24571.89248046875,24374.101953125,0.0050558832730243,-0.012987012987012991,1.0
2024-08-29,25151.94921875,25151.94921875,25192.900390625,24998.5,25035.30078125,354000,0.00397565940632294,0.0013830024432652799,25011.159765625,24581.932421875,24405.9829296875,0.004901131220781087,0.6061705989110708,1.0
2024-08-30,25235.900390625,25235.900390625,25268.349609375,25199.400390625,25249.69921875,638200,0.003337760073577778,0.00397565940632294,25093.709765625,24593.182421875,24440.3809375,0.002286499049894304,0.8028248587570621,1.0
2024-09-02,25278.69921875,25278.69921875,25333.650390625,25235.5,25333.599609375,222800,0.001695950113232314,0.003337760073577778,25147.3296875,24621.232421875,24474.614921875,0.0022597143587168344,-0.6508931369476654,1.0
2024-09-03,25279.849609375,25279.849609375,25321.69921875,25235.80078125,25313.400390625,212100,4.550829989491412e-05,0.001695950113232314,25199.749609375,24682.444921875,24510.189921875,0.002258203245412826,-0.048025134649910206,0.0
2024-09-04,25198.69921875,25198.69921875,25216.0,25083.80078125,25089.94921875,253800,-0.0032100820170585243,4.550829989491412e-05,25229.01953125,24742.75234375,24543.4069140625,0.002839347335162611,0.19660537482319662,0.0
2024-09-05,25145.099609375,25145.099609375,25275.44921875,25127.75,25250.5,222200,-0.0021270784221717465,-0.0032100820170585243,25227.649609375,24785.13232421875,24571.882890625,0.003089696482494197,-0.12450748620961383,0.0
2024-09-06,24852.150390625,24852.150390625,25168.75,24801.30078125,25093.69921875,311700,-0.011650350298901935,-0.0021270784221717465,25150.899609375,24821.88984375,24591.5498828125,0.005155758955927256,0.40279027902790276,1.0
2024-09-09,24936.400390625,24936.400390625,24957.5,24753.150390625,24823.400390625,254400,0.003390048695012693,-0.011650350298901935,25082.43984375,24850.33486328125,24609.387890625,0.0046313620834457754,-0.18383060635226178,1.0
2024-09-10,25041.099609375,25041.099609375,25130.5,24896.80078125,24999.400390625,251300,0.0041986500501236534,0.003390048695012693,25034.68984375,24885.03984375,24629.997890625,0.004845506520100923,-0.01218553459119498,0.0
2024-09-11,24918.44921875,24918.44921875,25113.69921875,24885.150390625,25034.0,279200,-0.004897963449619458,0.0041986500501236534,24978.63984375,24924.0123046875,24645.527890625,0.005063463553657521,0.11102268205332266,1.0
2024-09-12,25388.900390625,25388.900390625,25433.349609375,24941.44921875,25059.650390625,380100,0.01887963282727112,-0.004897963449619458,25027.4,24986.26982421875,24670.82890625,0.007921804048097574,0.36138968481375366,0.0
2024-09-13,25356.5,25356.5,25430.5,25292.44921875,25430.44921875,250800,-0.0012761636040355961,0.01887963282727112,25128.269921875,25027.0373046875,24692.22890625,0.007902671507371981,-0.34017363851618,1.0
2024-09-16,25383.75,25383.75,25445.69921875,25336.19921875,25406.650390625,168700,0.0010746751326089488,-0.0012761636040355961,25217.73984375,25067.59228515625,24713.8608984375,0.00789470492240106,-0.3273524720893142,1.0
2024-09-17,25418.55078125,25418.55078125,25441.650390625,25352.25,25416.900390625,216000,0.0013709866056039743,0.0010746751326089488,25293.230078125,25103.57734375,24735.754921875,0.007898421715464853,0.2803793716656786,0.0
2024-09-18,25377.55078125,25377.55078125,25482.19921875,25285.55078125,25402.400390625,215700,-0.0016129951842196455,0.0013709866056039743,25385.050390625,25133.944921875,24756.894921875,0.007829220525835422,-0.001388888888888884,1.0
2024-09-19,25415.80078125,25415.80078125,25611.94921875,25376.05078125,25487.05078125,314500,0.0015072376499098983,-0.0016129951842196455,25390.43046875,25164.1599609375,24776.546953125,0.007765698684139535,0.45804357904496995,1.0
2024-09-20,25790.94921875,25790.94921875,25849.25,25426.599609375,25525.94921875,533100,0.014760441377741573,0.0015072376499098983,25477.3203125,25212.54990234375,24805.876953125,0.007432090398656858,0.6950715421303657,1.0
2024-09-23,25939.05078125,25939.05078125,25956.0,25847.349609375,25872.55078125,209200,0.005742385099666292,0.014760441377741573,25588.38046875,25258.9724609375,24838.338984375,0.0074569878097970185,-0.607578315513037,1.0
2024-09-24,25940.400390625,25940.400390625,26011.55078125,25886.849609375,25921.44921875,384100,5.2030021699067674e-05,0.005742385099666292,25692.750390625,25305.10498046875,24867.103984375,0.007557760184096035,0.8360420650095601,1.0
2024-09-25,26004.150390625,26004.150390625,26032.80078125,25871.349609375,25899.44921875,278500,0.0024575565157058943,5.2030021699067674e-05,25818.0703125,25352.69501953125,24895.4530078125,0.006978897776017127,-0.27492840406144237,1.0
2024-09-26,26216.05078125,26216.05078125,26250.900390625,25998.400390625,26005.400390625,370900,0.008148714241454025,0.0024575565157058943,25978.1203125,25405.90009765625,24927.5140234375,0.005044049119279022,0.33177737881508085,0.0
2024-09-27,26178.94921875,26178.94921875,26277.349609375,26151.400390625,26248.25,490300,-0.0014152231703233875,0.008148714241454025,26055.7203125,25453.0525390625,24955.076015625,0.005058001891503796,0.3219196548935024,0.0
2024-09-30,25810.849609375,25810.849609375,26134.69921875,25794.099609375,26061.30078125,343100,-0.014060900852023384,-0.0014152231703233875,26030.080078125,25479.66005859375,24980.675,0.0074611834493306705,-0.3002243524372833,0.0
2024-10-01,25796.900390625,25796.900390625,25907.599609375,25739.19921875,25788.44921875,247400,-0.0005404401234794243,-0.014060900852023384,26001.380078125,25505.51259765625,25006.4280078125,0.007494815005053832,-0.27892742640629553,0.0
2024-10-03,25250.099609375,25250.099609375,25639.44921875,25230.30078125,25452.849609375,423400,-0.021196375260987388,-0.0005404401234794243,25850.569921875,25508.0826171875,25021.848984375,0.010396506303971034,0.7113985448666127,0.0
2024-10-04,25014.599609375,25014.599609375,25485.05078125,24966.80078125,25181.900390625,374900,-0.009326695880144675,-0.021196375260987388,25610.2796875,25501.5576171875,25033.8709765625,0.010728555072423243,-0.11454888993859236,0.0
2024-10-07,24795.75,24795.75,25143.0,24694.349609375,25084.099609375,374300,-0.008748875168602677,-0.009326695880144675,25333.63984375,25498.73759765625,25041.663984375,0.009231665273032253,-0.001600426780474784,1.0
2024-10-08,25013.150390625,25013.150390625,25044.0,24756.80078125,24832.19921875,333200,0.00876764730346924,-0.008748875168602677,25174.1,25502.57509765625,25045.23,0.009623601763147947,-0.10980496927598182,0.0
2024-10-09,24981.94921875,24981.94921875,25234.05078125,24947.69921875,25065.80078125,290600,-0.0012473907279866303,0.00876764730346924,25011.109765625,25499.617578125,25048.1469921875,0.009577680730628549,-0.1278511404561825,1.0
2024-10-10,24998.44921875,24998.44921875,25134.05078125,24979.400390625,25067.05078125,261400,0.0006604768849507447,-0.0012473907279866303,24960.7796875,25503.617578125,25050.9699609375,0.009465168902564615,-0.10048176187198898,0.0
2024-10-11,24964.25,24964.25,25028.650390625,24920.05078125,24985.30078125,210500,-0.0013680536120755926,0.0006604768849507447,24950.709765625,25482.38505859375,25051.231953125,0.008554174223682098,-0.1947207345065034,1.0
2024-10-14,25127.94921875,25127.94921875,25159.75,25017.5,25023.44921875,206400,0.006557345754428789,-0.0013680536120755926,25017.149609375,25470.95751953125,25053.5729296875,0.009252628402407764,-0.019477434679334937,0.0
2024-10-15,25057.349609375,25057.349609375,25212.05078125,25008.150390625,25186.30078125,257200,-0.0028096049048969007,0.006557345754428789,25025.989453125,25454.6375,25060.3659375,0.00855809434189012,0.24612403100775193,0.0
2024-10-16,24971.30078125,24971.30078125,25093.400390625,24908.44921875,25008.55078125,226800,-0.0034340754096676696,-0.0028096049048969007,25023.859765625,25432.275,25078.6799609375,0.008517324767196398,-0.11819595645412129,0.0
2024-10-17,24749.849609375,24749.849609375,25029.5,24728.900390625,25027.400390625,252800,-0.008868227322834543,-0.0034340754096676696,24974.13984375,25400.88994140625,25093.8259375,0.006203254917883899,0.11463844797178124,1.0
2024-10-18,24854.05078125,24854.05078125,24886.19921875,24567.650390625,24664.94921875,290900,0.004210173941240125,-0.008868227322834543,24952.1,25372.80244140625,25104.956953125,0.005891521448668644,0.15071202531645578,0.0
2024-10-21,24781.099609375,24781.099609375,24978.30078125,24679.599609375,24956.150390625,242000,-0.00293518237799828,0.004210173941240125,24882.730078125,25322.3099609375,25118.2389453125,0.00525341664101942,-0.16809900309384673,0.0
2024-10-22,24472.099609375,24472.099609375,24882.0,24445.80078125,24798.650390625,279500,-0.012469180337869368,-0.00293518237799828,24765.680078125,25248.96240234375,25120.3309375,0.005576846553954274,0.1549586776859504,0.0
2024-10-23,24435.5,24435.5,24604.25,24378.099609375,24378.150390625,284600,-0.001495564743491773,-0.012469180337869368,24658.519921875,25173.7173828125,25122.1009375,0.00557283359842481,0.018246869409660027,0.0
2024-10-24,24399.400390625,24399.400390625,24480.650390625,24341.19921875,24412.69921875,216700,-0.0014773427748562273,-0.001495564743491773,24588.430078125,25093.4798828125,25127.3089453125,0.005491525958726872,-0.23858046380885456,0.0
2024-10-25,24180.80078125,24180.80078125,24440.25,24073.900390625,24418.05078125,372600,-0.008959220549493163,-0.0014773427748562273,24453.780078125,24991.7173828125,25128.0499609375,0.005844954063964381,0.7194277803414859,1.0
2024-10-28,24339.150390625,24339.150390625,24492.599609375,24134.900390625,24251.099609375,278600,0.0065485676346082045,-0.008959220549493163,24365.390234375,24899.72744140625,25124.0099609375,0.005843331616230619,-0.2522812667740204,1.0
2024-10-29,24466.849609375,24466.849609375,24484.5,24140.849609375,24328.849609375,332000,0.0052466588480091225,0.0065485676346082045,24364.340234375,24832.52744140625,25121.8939453125,0.006424812811213475,0.1916726489590812,0.0
2024-10-30,24340.849609375,24340.849609375,24498.19921875,24307.30078125,24371.44921875,285200,-0.005149825253829232,0.0052466588480091225,24345.41015625,24759.72490234375,25114.7339453125,0.006479262863612319,-0.14096385542168677,0.0
2024-10-31,24205.349609375,24205.349609375,24372.44921875,24172.599609375,24349.849609375,287000,-0.005566773640794054,-0.005149825253829232,24306.6,24707.48740234375,25103.436953125,0.006198736276549005,0.006311360448807868,1.0
2024-11-01,24304.349609375,24304.349609375,24368.25,24280.19921875,24302.75,38800,0.004090004961616156,-0.005566773640794054,24331.309765625,24671.97490234375,25093.2939453125,0.006185019761792442,-0.864808362369338,0.0
2024-11-04,23995.349609375,23995.349609375,24316.75,23816.150390625,24315.75,285500,-0.0127137736646451,0.004090004961616156,24262.549609375,24631.9548828125,25076.7379296875,0.007026922832602352,6.358247422680412,1.0
2024-11-05,24213.30078125,24213.30078125,24229.05078125,23842.75,23916.5,289500,0.00908305881860727,-0.0127137736646451,24211.83984375,24591.96240234375,25060.791953125,0.007169951979155731,0.014010507880910739,1.0
2024-11-06,24484.05078125,24484.05078125,24537.599609375,24204.05078125,24308.75,351100,0.011181870759630508,0.00908305881860727,24240.480078125,24567.06748046875,25050.11796875,0.008136024632869238,0.21278065630397247,0.0
2024-11-07,24199.349609375,24199.349609375,24503.349609375,24179.05078125,24489.599609375,322200,-0.011628025706147627,0.011181870759630508,24239.280078125,24527.1125,25033.05796875,0.00896359386060075,-0.08231273141555118,0.0
2024-11-08,24148.19921875,24148.19921875,24276.150390625,24066.650390625,24207.69921875,298700,-0.002113709312467793,-0.011628025706147627,24208.05,24486.3099609375,25012.98296875,0.008520560232094255,-0.0729360645561763,0.0
2024-11-11,24141.30078125,24141.30078125,24336.80078125,24004.599609375,24087.25,273400,-0.00028567088740283353,-0.002113709312467793,24237.240234375,24436.9775390625,24991.0909765625,0.008195729666442999,-0.08470036826247074,0.0
2024-11-12,23883.44921875,23883.44921875,24242.0,23839.150390625,24225.80078125,255800,-0.010680930776533315,-0.00028567088740283353,24171.269921875,24378.28251953125,24963.1859765625,0.008437284229761994,-0.06437454279444033,0.0
2024-11-13,23559.05078125,23559.05078125,23873.599609375,23509.599609375,23822.44921875,304600,-0.013582562322921432,-0.010680930776533315,23986.269921875,24307.67001953125,24928.77,0.009137417678687367,0.19077404222048466,0.0
2024-11-14,23532.69921875,23532.69921875,23675.900390625,23484.150390625,23542.150390625,257700,-0.0011185324376894457,-0.013582562322921432,23852.93984375,24246.8125,24895.45,0.009118823270791672,-0.15397242284963886,0.0
2024-11-18,23453.80078125,23453.80078125,23606.80078125,23350.400390625,23605.30078125,263300,-0.0033527151631265184,-0.0011185324376894457,23714.06015625,24176.8,24861.6240234375,0.008794033946386559,0.021730694606131085,1.0
2024-11-19,23518.5,23518.5,23780.650390625,23464.80078125,23529.55078125,297500,0.002758581406631766,-0.0033527151631265184,23589.5,24113.67001953125,24834.951015625,0.00834668956978741,0.12988985947588305,0.0
2024-11-21,23349.900390625,23349.900390625,23507.30078125,23263.150390625,23488.44921875,420300,-0.007168807933116472,0.002758581406631766,23482.790234375,24057.56005859375,24803.221015625,0.0074931423326903826,0.4127731092436975,1.0
2024-11-22,23907.25,23907.25,23956.099609375,23359.0,23411.80078125,367600,0.023869464111237804,-0.007168807933116472,23552.430078125,24031.14755859375,24780.5440234375,0.010673283315803712,-0.12538662859862004,1.0
2024-11-25,24221.900390625,24221.900390625,24351.55078125,24135.44921875,24253.55078125,687200,0.013161295867362366,0.023869464111237804,23690.2703125,24022.27255859375,24766.613046875,0.011142317395104706,0.869423286180631,0.0
2024-11-26,24194.5,24194.5,24343.30078125,24125.400390625,24343.30078125,230700,-0.0011312238174179257,0.013161295867362366,23838.41015625,24022.95751953125,24742.7250390625,0.011124469670942938,-0.664289871944121,1.0
2024-11-27,24274.900390625,24274.900390625,24354.55078125,24145.650390625,24204.80078125,295000,0.003323085437806128,-0.0011312238174179257,23989.690234375,24019.74501953125,24721.093046875,0.011163738300599454,0.27871694841785866,0.0
2024-11-28,23914.150390625,23914.150390625,24345.75,23873.349609375,24274.150390625,366700,-0.014861029054492936,0.003323085437806128,24102.540234375,23992.11005859375,24691.7010546875,0.011698827549315303,0.24305084745762717,1.0
2024-11-29,24131.099609375,24131.099609375,24188.44921875,23927.150390625,23927.150390625,282100,0.009072001940535257,-0.014861029054492936,24147.31015625,23981.62255859375,24665.95203125,0.01090187407292712,-0.2307062994273248,1.0
2024-12-02,24276.05078125,24276.05078125,24301.69921875,24008.650390625,24140.849609375,220400,0.006006820004948565,0.009072001940535257,24158.140234375,23985.1576171875,24643.92203125,0.010875165028528545,-0.2187167671038639,1.0
2024-12-03,24457.150390625,24457.150390625,24481.349609375,24280.0,24367.5,339500,0.007460011144599932,0.006006820004948565,24210.6703125,23992.79765625,24624.7490234375,0.010690798344419184,0.5403811252268602,1.0
2024-12-04,24467.44921875,24467.44921875,24573.19921875,24366.30078125,24488.75,348000,0.00042109681465385407,0.007460011144599932,24249.180078125,24016.40263671875,24598.2790234375,0.01075238334325566,0.025036818851251752,1.0
2024-12-05,24708.400390625,24708.400390625,24857.75,24295.55078125,24539.150390625,361500,0.009847825562885104,0.00042109681465385407,24408.030078125,24041.1576171875,24573.666015625,0.010113259735318911,0.0387931034482758,0.0
2024-12-06,24677.80078125,24677.80078125,24751.05078125,24620.5,24729.44921875,226700,-0.0012384293961259507,0.009847825562885104,24517.3703125,24050.8451171875,24548.4140234375,0.008002252053812709,-0.37289073305670817,0.0
2024-12-09,24619.0,24619.0,24705.0,24580.05078125,24633.900390625,248100,-0.0023827399277279726,-0.0012384293961259507,24585.96015625,24071.82763671875,24520.711015625,0.0073355546367802485,0.09439788266431415,0.0
2024-12-10,24610.05078125,24610.05078125,24677.80078125,24510.650390625,24652.650390625,261000,-0.0003635086213900074,-0.0023827399277279726,24616.540234375,24094.92021484375,24488.591015625,0.007307155202073368,0.051995163240628806,1.0
2024-12-11,24641.80078125,24641.80078125,24691.75,24583.849609375,24620.5,187300,0.0012901233029631864,-0.0003635086213900074,24651.410546875,24119.94521484375,24457.848046875,0.007286112259143739,-0.28237547892720305,0.0
2024-12-12,24548.69921875,24548.69921875,24675.25,24527.94921875,24604.44921875,266100,-0.003778196379659149,0.0012901233029631864,24619.4703125,24153.20771484375,24432.6050390625,0.005001345357420494,0.4207154297917779,1.0
2024-12-13,24768.30078125,24768.30078125,24792.30078125,24180.80078125,24498.349609375,310100,0.008945547808588916,-0.003778196379659149,24637.5703125,24213.67021484375,24412.033046875,0.004983385058873648,0.16535137166478764,0.0
2024-12-16,24668.25,24668.25,24781.25,24601.75,24753.400390625,187600,-0.004039468921733236,0.008945547808588916,24647.4203125,24270.44775390625,24400.3960546875,0.005231416889473974,-0.39503386004514673,0.0
2024-12-17,24336.0,24336.0,24624.099609375,24303.44921875,24584.80078125,264900,-0.013468730047733413,-0.004039468921733236,24592.61015625,24314.55771484375,24386.8240625,0.006632532306788662,0.4120469083155651,0.0
2024-12-18,24198.849609375,24198.849609375,24394.44921875,24149.849609375,24297.94921875,235300,-0.005635699812006956,-0.013468730047733413,24504.019921875,24348.5751953125,24374.8860546875,0.006815470593928173,-0.11174027935069841,0.0
2024-12-19,23951.69921875,23951.69921875,24004.900390625,23870.30078125,23877.150390625,271100,-0.010213311567061067,-0.005635699812006956,24384.619921875,24378.66513671875,24353.65703125,0.006161867058009152,0.1521461963450914,0.0
2024-12-20,23587.5,23587.5,24065.80078125,23537.349609375,23960.69921875,442700,-0.01520556915080562,-0.010213311567061067,24148.459765625,24362.67763671875,24325.768046875,0.007192678323678538,0.632976761342678,1.0
2024-12-23,23753.44921875,23753.44921875,23869.55078125,23647.19921875,23738.19921875,189800,0.0070354729729729115,-0.01520556915080562,23965.499609375,24339.255078125,24300.868046875,0.008062575035238752,-0.5712672238536255,0.0
2024-12-24,23727.650390625,23727.650390625,23867.650390625,23685.150390625,23769.099609375,177700,-0.0010861087115143775,0.0070354729729729115,23843.8296875,24315.91259765625,24276.1360546875,0.008034097455501713,-0.06375131717597471,1.0
2024-12-26,23750.19921875,23750.19921875,23854.5,23653.599609375,23775.80078125,177700,0.0009503186263191132,-0.0010861087115143775,23754.099609375,24289.6775390625,24248.5810546875,0.008011730610790276,0.0,1.0
2024-12-27,23813.400390625,23813.400390625,23938.849609375,23800.599609375,23801.400390625,176800,0.002661079652128029,0.0009503186263191132,23726.43984375,24284.6400390625,24223.7020703125,0.008255313651168758,-0.005064715813168252,0.0
2024-12-30,23644.900390625,23644.900390625,23915.349609375,23599.30078125,23796.900390625,364900,-0.007075847935867907,0.002661079652128029,23737.919921875,24260.330078125,24197.1740625,0.0071602203580223055,1.0639140271493215,0.0
2024-12-31,23644.80078125,23644.80078125,23689.849609375,23460.44921875,23560.599609375,193600,-4.212721278373799e-06,-0.007075847935867907,23716.190234375,24228.767578125,24175.0730859375,0.007307989368572155,-0.4694436832008769,1.0
2025-01-01,23742.900390625,23742.900390625,23822.80078125,23562.80078125,23637.650390625,154900,0.004148887118253564,-4.212721278373799e-06,23719.240234375,24193.055078125,24152.850078125,0.006940757452981653,-0.199896694214876,1.0
2025-01-02,24188.650390625,24188.650390625,24226.69921875,23751.55078125,23783.0,283200,0.018774033191665485,0.004148887118253564,23806.93046875,24179.11513671875,24141.00109375,0.00950980916934964,0.828276307295029,0.0
2025-01-03,24004.75,24004.75,24196.44921875,23976.0,24196.400390625,312300,-0.007602755327609123,0.018774033191665485,23845.200390625,24143.9326171875,24131.6541015625,0.009230052699996034,0.1027542372881356,0.0
2025-01-06,23616.05078125,23616.05078125,24089.94921875,23551.900390625,24045.80078125,278100,-0.016192595996625703,-0.007602755327609123,23839.43046875,24090.8451171875,24115.2651171875,0.009417186363336402,-0.10951008645533145,1.0
2025-01-07,23707.900390625,23707.900390625,23795.19921875,23637.80078125,23679.900390625,262300,0.0038892874268343647,-0.016192595996625703,23852.050390625,24045.29013671875,24101.4351171875,0.009212319065700515,-0.05681409564904716,0.0
2025-01-08,23688.94921875,23688.94921875,23751.849609375,23496.150390625,23746.650390625,266400,-0.0007993610384197103,0.0038892874268343647,23841.26015625,23999.23505859375,24091.5980859375,0.009209540495951803,0.015630956919557848,0.0
2025-01-09,23526.5,23526.5,23689.5,23503.05078125,23674.75,269200,-0.006857594959147506,-0.0007993610384197103,23708.830078125,23943.47001953125,24075.345078125,0.009436419261003784,0.010510510510510551,0.0
2025-01-10,23431.5,23431.5,23596.599609375,23344.349609375,23551.900390625,261000,-0.004037999702463213,-0.006857594959147506,23594.180078125,23887.61005859375,24054.6380859375,0.009392744874734743,-0.03046062407132244,0.0
2025-01-13,23085.94921875,23085.94921875,23340.94921875,23047.25,23195.400390625,316500,-0.014747275302477436,-0.004037999702463213,23488.159765625,23803.49248046875,24029.540078125,0.010172756731686997,0.21264367816091956,1.0
2025-01-14,23176.05078125,23176.05078125,23264.94921875,23134.150390625,23165.900390625,311200,0.003902874499386977,-0.014747275302477436,23381.78984375,23728.88251953125,24008.9541015625,0.010346115655906634,-0.016745655608214838,1.0
2025-01-15,23213.19921875,23213.19921875,23293.650390625,23146.44921875,23250.44921875,228000,0.0016028803979861728,0.003902874499386977,23286.63984375,23672.74248046875,23987.13109375,0.010209722193583818,-0.26735218508997427,1.0
2025-01-16,23311.80078125,23311.80078125,23391.650390625,23272.05078125,23377.25,299400,0.004247650725383689,0.0016028803979861728,23243.7,23628.3900390625,23973.4601171875,0.007590252279513647,0.3131578947368421,0.0
2025-01-17,23203.19921875,23203.19921875,23292.099609375,23100.349609375,23277.099609375,272900,-0.004658651792672774,0.004247650725383689,23198.03984375,23590.9650390625,23953.2580859375,0.00747655274818619,-0.08851035404141616,1.0
2025-01-20,23344.75,23344.75,23391.099609375,23170.650390625,23290.400390625,301500,0.006100485537167577,-0.004658651792672774,23249.8,23578.8275390625,23930.4720703125,0.006484538202226324,0.10480029314767325,0.0
2025-01-21,23024.650390625,23024.650390625,23426.30078125,22976.849609375,23421.650390625,312900,-0.013711845677293555,0.006100485537167577,23219.519921875,23542.38759765625,23906.9780859375,0.007305778497522073,0.037810945273631935,1.0
2025-01-22,23155.349609375,23155.349609375,23169.55078125,22981.30078125,23099.150390625,276000,0.0056764909144164655,-0.013711845677293555,23207.95,23513.77255859375,23887.12109375,0.007783644739711705,-0.11792905081495686,1.0
2025-01-23,23205.349609375,23205.349609375,23270.80078125,23090.650390625,23128.30078125,275600,0.0021593282262408753,0.0056764909144164655,23186.659765625,23486.530078125,23868.4020703125,0.007712307614683322,-0.0014492753623188692,0.0
2025-01-24,23092.19921875,23092.19921875,23347.30078125,23050.0,23183.900390625,264300,-0.004876047658393667,0.0021593282262408753,23164.459765625,23450.47001953125,23852.5770703125,0.007749267522717411,-0.04100145137880984,0.0
2025-01-27,22829.150390625,22829.150390625,23007.44921875,22786.900390625,22940.150390625,257400,-0.011391241935562957,-0.004876047658393667,23061.33984375,23409.68251953125,23837.9790625,0.007158625771407215,-0.026106696935300766,1.0
2025-01-28,22957.25,22957.25,23137.94921875,22857.650390625,22960.44921875,361900,0.005611229817278129,-0.011391241935562957,23047.859765625,23375.30498046875,23826.470078125,0.007309929094978329,0.4059829059829059,1.0
2025-01-29,23163.099609375,23163.099609375,23183.349609375,22976.5,23026.75,226300,0.008966649288351114,0.005611229817278129,23049.409765625,23346.31494140625,23820.6560546875,0.007936781251395958,-0.3746891406465874,1.0
2025-01-30,23249.5,23249.5,23322.05078125,23139.19921875,23169.5,361900,0.003730087599762788,0.008966649288351114,23058.23984375,23299.357421875,23815.2760546875,0.007906273982499662,0.5992045956694654,1.0
2025-01-31,23508.400390625,23508.400390625,23546.80078125,23277.400390625,23296.75,304900,0.011135740150325812,0.003730087599762788,23141.480078125,23274.53994140625,23818.4460546875,0.00848199878185833,-0.15750207239568936,0.0
2025-02-01,23482.150390625,23482.150390625,23632.44921875,23318.30078125,23528.599609375,281000,-0.0011166221250199504,0.011135740150325812,23272.080078125,23267.844921875,23809.9440625,0.008337759492877848,-0.0783863561823549,0.0
2025-02-03,23361.05078125,23361.05078125,23381.599609375,23222.0,23319.349609375,329700,-0.005157091976693451,-0.0011166221250199504,23352.840234375,23250.50244140625,23792.7270703125,0.007042304558696681,0.17330960854092536,1.0
2025-02-04,23739.25,23739.25,23762.75,23423.150390625,23509.900390625,376700,0.016189306820631133,-0.005157091976693451,23468.0703125,23253.01748046875,23783.6220703125,0.0083942902786812,0.1425538368213528,0.0
2025-02-05,23696.30078125,23696.30078125,23807.30078125,23680.44921875,23801.75,267000,-0.001809207062143936,0.016189306820631133,23557.43046875,23261.50751953125,23772.050078125,0.008506564481276476,-0.2912131669763738,0.0
2025-02-06,23603.349609375,23603.349609375,23773.55078125,23556.25,23761.94921875,307000,-0.003922602634608197,-0.001809207062143936,23576.4203125,23270.1,23765.8340625,0.008424279869525444,0.14981273408239693,0.0
2025-02-07,23559.94921875,23559.94921875,23694.5,23443.19921875,23649.5,368100,-0.0018387386257991967,-0.003922602634608197,23591.980078125,23293.8,23754.4110546875,0.0071548708383314275,0.1990228013029316,0.0
2025-02-10,23381.599609375,23381.599609375,23568.599609375,23316.30078125,23543.80078125,234200,-0.007570033692307909,-0.0018387386257991967,23596.08984375,23304.07744140625,23736.52203125,0.007838492705638852,-0.3637598478674273,0.0
2025-02-11,23071.80078125,23071.80078125,23390.05078125,22986.650390625,23383.55078125,268000,-0.013249684936046169,-0.007570033692307909,23462.6,23297.00751953125,23708.8150390625,0.008701548682256461,0.14432109308283514,0.0
2025-02-12,23045.25,23045.25,23144.69921875,22798.349609375,23050.80078125,279700,-0.0011507892904301098,-0.013249684936046169,23332.38984375,23283.67998046875,23680.3710546875,0.008582657868022158,0.04365671641791047,0.0
2025-02-13,23031.400390625,23031.400390625,23235.5,22992.19921875,23055.75,265700,-0.0006009745771905495,-0.0011507892904301098,23218.0,23275.0900390625,23646.8310546875,0.007495267150648323,-0.05005362888809439,0.0
2025-02-14,22929.25,22929.25,23133.69921875,22774.849609375,23096.44921875,254500,-0.004435266153706374,-0.0006009745771905495,23091.86015625,23254.3150390625,23611.8600390625,0.0075241079087109055,-0.04215280391418896,1.0
2025-02-17,22959.5,22959.5,22974.19921875,22725.44921875,22809.900390625,207400,0.0013192755977626813,-0.004435266153706374,23007.440234375,23251.05751953125,23578.6700390625,0.00753479098312829,-0.1850687622789784,0.0
2025-02-18,22945.30078125,22945.30078125,22992.5,22801.5,22963.650390625,210600,-0.0006184463402948426,0.0013192755977626813,22982.140234375,23240.555078125,23545.3750390625,0.004263789292105553,0.015429122468659573,0.0
2025-02-19,22932.900390625,22932.900390625,23049.94921875,22814.849609375,22847.25,207000,-0.0005404326900405598,-0.0006184463402948426,22959.6703125,23226.9326171875,23511.19703125,0.004334272583030184,-0.017094017094017144,0.0
2025-02-20,22913.150390625,22913.150390625,22923.849609375,22812.75,22821.099609375,240800,-0.0008612081186238907,-0.0005404326900405598,22936.0203125,23217.98017578125,23478.4860546875,0.004390088919473896,0.16328502415458934,0.0
2025-02-21,22795.900390625,22795.900390625,22921.0,22720.30078125,22857.19921875,242800,-0.005117148798882476,-0.0008612081186238907,22909.350390625,23216.31767578125,23439.038046875,0.004419808994459185,0.008305647840531671,0.0
2025-02-24,22553.349609375,22553.349609375,22668.05078125,22518.80078125,22609.349609375,214300,-0.010640105330068539,-0.005117148798882476,22828.1203125,23196.12265625,23396.7400390625,0.004837601100294288,-0.11738056013179576,0.0
2025-02-25,22547.55078125,22547.55078125,22625.30078125,22513.900390625,22516.44921875,250300,-0.00025711604818956513,-0.010640105330068539,22748.5703125,23165.34521484375,23360.9710546875,0.003520192778919185,0.16798880074661682,0.0
2025-02-27,22545.05078125,22545.05078125,22613.30078125,22508.400390625,22568.94921875,289200,-0.00011087678764998277,-0.00025711604818956513,22671.000390625,23130.12275390625,23327.895078125,0.0035725638155326496,0.15541350379544538,0.0
2025-02-28,22124.69921875,22124.69921875,22450.349609375,22104.849609375,22433.400390625,551300,-0.018644959666695105,-0.00011087678764998277,22513.31015625,23060.9376953125,23291.355078125,0.0062422139978723125,0.9062932226832643,0.0
2025-03-03,22119.30078125,22119.30078125,22261.55078125,22004.69921875,22194.55078125,282400,-0.00024400049223838316,-0.018644959666695105,22377.990234375,22992.79521484375,23261.99109375,0.006348840382321566,-0.4877562125884274,0.0
2025-03-04,22082.650390625,22082.650390625,22105.05078125,21964.599609375,21974.44921875,253300,-0.0016569416451024388,-0.00024400049223838316,22283.850390625,22928.8751953125,23228.5751171875,0.006161078707180112,-0.1030453257790368,1.0
2025-03-05,22337.30078125,22337.30078125,22394.900390625,22067.80078125,22073.05078125,305900,0.011531695069225467,-0.0016569416451024388,22241.800390625,22858.777734375,23200.768125,0.007842092526398071,0.20765890248716934,1.0
2025-03-06,22544.69921875,22544.69921875,22556.44921875,22245.849609375,22476.349609375,372100,0.009284847776867,0.011531695069225467,22241.730078125,22801.19765625,23176.658125,0.008704425396464632,0.2164105916966328,1.0
2025-03-07,22552.5,22552.5,22633.80078125,22464.75,22508.650390625,289800,0.00034601398645017767,0.009284847776867,22327.290234375,22748.65517578125,23151.4401171875,0.008725259888652222,-0.22117710292932002,0.0
2025-03-10,22460.30078125,22460.30078125,22676.75,22429.05078125,22521.849609375,293900,-0.004088203913091726,0.00034601398645017767,22395.490234375,22693.67275390625,23127.748125,0.008684502576683212,0.014147688060731634,1.0
2025-03-11,22497.900390625,22497.900390625,22522.099609375,22314.69921875,22345.94921875,347900,0.0016740474556060647,-0.004088203913091726,22478.540234375,22649.48779296875,23104.8101171875,0.008088901448679294,0.18373596461381414,0.0
2025-03-12,22470.5,22470.5,22577.400390625,22329.55078125,22536.349609375,369700,-0.0012179087892316698,0.0016740474556060647,22505.180078125,22619.42275390625,23079.362109375,0.008095140534580401,0.06266168439206665,0.0
2025-03-13,22397.19921875,22397.19921875,22558.05078125,22377.349609375,22541.5,287500,-0.003262089461738671,-0.0012179087892316698,22475.680078125,22587.02021484375,23043.5330859375,0.008147578394746993,-0.22234243981606705,1.0
2025-03-17,22508.75,22508.75,22577.0,22353.150390625,22353.150390625,251100,0.004980568336268254,-0.003262089461738671,22466.930078125,22560.8876953125,23013.6130859375,0.0052542483849849185,-0.12660869565217392,1.0
2025-03-18,22834.30078125,22834.30078125,22857.80078125,22599.19921875,22662.25,272600,0.01446329899483545,0.004980568336268254,22541.730078125,22556.140234375,22997.9780859375,0.006539899939450619,0.08562325766626833,1.0
2025-03-19,22907.599609375,22907.599609375,22940.69921875,22807.94921875,22874.94921875,324000,0.0032100316461272094,0.01446329899483545,22623.669921875,22553.54521484375,22981.9720703125,0.006315063479540921,0.18855465884079248,1.0
2025-03-20,23190.650390625,23190.650390625,23216.69921875,22973.94921875,23036.599609375,313700,0.012356195589090069,0.0032100316461272094,22767.7,22565.8126953125,22972.00609375,0.006433068626857126,-0.03179012345679011,1.0
2025-03-21,23350.400390625,23350.400390625,23402.69921875,23132.80078125,23168.25,541000,0.0068885519512889015,0.012356195589090069,22958.340234375,22586.6876953125,22968.4841015625,0.006246949252137925,0.7245776219317819,1.0
2025-03-24,23658.349609375,23658.349609375,23708.75,23433.5,23515.400390625,311900,0.013188177230298859,0.0068885519512889015,23188.26015625,22623.94765625,22973.02109375,0.006812897561846409,-0.42347504621072085,1.0
2025-03-25,23668.650390625,23668.650390625,23869.599609375,23601.400390625,23751.5,338200,0.00043539728764163677,0.013188177230298859,23355.130078125,22667.58515625,22984.6751171875,0.006285513665635111,0.08432189804424506,0.0
2025-03-26,23486.849609375,23486.849609375,23736.5,23451.69921875,23700.94921875,278600,-0.007681079328545448,0.00043539728764163677,23470.980078125,22714.26015625,22990.89109375,0.007465828239816027,-0.17622708456534597,1.0
2025-03-27,23591.94921875,23591.94921875,23646.44921875,23412.19921875,23433.94921875,510300,0.004474827877002596,-0.007681079328545448,23551.23984375,22766.480078125,22998.46609375,0.007207855784908197,0.8316582914572865,0.0
2025-03-28,23519.349609375,23519.349609375,23649.19921875,23450.19921875,23600.400390625,295400,-0.0030773044101545244,0.004474827877002596,23585.0296875,22815.19501953125,23002.6170703125,0.007184790576205582,-0.421124828532236,0.0
2025-04-01,23165.69921875,23165.69921875,23565.150390625,23136.400390625,23341.099609375,314300,-0.015036571865236992,-0.0030773044101545244,23486.499609375,22867.24501953125,23001.8670703125,0.009562300024116219,0.06398104265402837,1.0
2025-04-02,23332.349609375,23332.349609375,23350.0,23158.44921875,23192.599609375,341000,0.0071938424586863725,-0.015036571865236992,23419.239453125,22927.8974609375,23001.6190625,0.008836181984542035,0.08495068405981554,0.0
2025-04-03,23250.099609375,23250.099609375,23306.5,23145.80078125,23150.30078125,283200,-0.0035251486188494496,0.0071938424586863725,23371.889453125,22986.269921875,23006.128046875,0.009005303008613881,-0.16950146627565987,0.0
2025-04-04,22904.44921875,22904.44921875,23214.69921875,22857.44921875,23190.400390625,466800,-0.014866619775066536,-0.0035251486188494496,23234.389453125,23014.62734375,23001.1100390625,0.00946890404533847,0.6483050847457628,0.0
2025-04-07,22161.599609375,22161.599609375,22254.0,21743.650390625,21758.400390625,647100,-0.03243254628305536,-0.014866619775066536,22962.839453125,22995.47236328125,22980.2350390625,0.013175427800983321,0.38624678663239065,1.0
2025-04-08,22535.849609375,22535.849609375,22697.19921875,22270.849609375,22446.75,468300,0.016887318902814252,-0.03243254628305536,22836.86953125,22994.63984375,22969.108046875,0.01378479606725959,-0.27630968938340283,0.0
2025-04-09,22399.150390625,22399.150390625,22468.69921875,22353.25,22460.30078125,383800,-0.006065856008070525,0.016887318902814252,22650.2296875,22991.58232421875,22960.508046875,0.013665185469200302,-0.18043988896006835,1.0
2025-04-11,22828.55078125,22828.55078125,22923.900390625,22695.400390625,22695.400390625,402200,0.019170387409190415,-0.006065856008070525,22565.919921875,23008.11484375,22957.9340625,0.015662161185302944,0.04794163626889003,1.0
2025-04-15,23328.55078125,23328.55078125,23368.349609375,23207.0,23368.349609375,388300,0.02190239778210845,0.019170387409190415,22650.740234375,23051.0173828125,22961.2430859375,0.017423245210515005,-0.03455992043759326,1.0
2025-04-16,23437.19921875,23437.19921875,23452.19921875,23273.05078125,23344.099609375,348400,0.004657316201027051,0.02190239778210845,22905.86015625,23103.0173828125,22964.9970703125,0.017491588381855393,-0.10275560133917072,1.0
2025-04-17,23851.650390625,23851.650390625,23872.349609375,23298.55078125,23401.849609375,505300,0.017683476937954135,0.004657316201027051,23169.0203125,23170.16240234375,22971.8620703125,0.01747058289845833,0.4503444316877152,1.0
2025-04-21,24125.55078125,24125.55078125,24189.55078125,23903.650390625,23949.150390625,406100,0.011483498464016417,0.017683476937954135,23514.300390625,23234.72490234375,22984.730078125,0.017635236316500446,-0.19631901840490795,1.0
2025-04-22,24167.25,24167.25,24242.599609375,24072.0,24185.400390625,440900,0.0017284255654137493,0.011483498464016417,23782.040234375,23297.707421875,23000.8540625,0.017480627173747182,0.08569317901994578,1.0
2025-04-23,24328.94921875,24328.94921875,24359.30078125,24119.94921875,24357.599609375,415000,0.006690840652122221,0.0017284255654137493,23982.119921875,23354.62236328125,23012.648046875,0.016173821695340204,-0.058743479246994745,0.0
2025-04-24,24246.69921875,24246.69921875,24347.849609375,24216.150390625,24277.900390625,358800,-0.0033807460922566923,0.006690840652122221,24144.019921875,23399.4373046875,23023.656015625,0.009837352149041781,-0.13542168674698796,0.0
2025-04-25,24039.349609375,24039.349609375,24365.44921875,23847.849609375,24289.0,387700,-0.00855166336268387,-0.0033807460922566923,24181.559765625,23418.4873046875,23032.376015625,0.010831795518689135,0.08054626532887399,1.0
2025-04-28,24328.5,24328.5,24355.099609375,24054.05078125,24070.25,320500,0.012028211882747275,-0.00855166336268387,24222.149609375,23451.47978515625,23047.74703125,0.009970623206850639,-0.17332989424812995,1.0
2025-04-29,24335.94921875,24335.94921875,24457.650390625,24290.75,24370.69921875,357600,0.0003061930965739812,0.012028211882747275,24255.889453125,23493.934765625,23066.8340234375,0.00946587289046252,0.11575663026521066,0.0
2025-04-30,24334.19921875,24334.19921875,24396.150390625,24198.75,24342.05078125,424500,-7.191007773188485e-05,0.0003061930965739812,24256.939453125,23531.047265625,23092.0819921875,0.007902933196848358,0.18708053691275173,1.0
2025-05-02,24346.69921875,24346.69921875,24589.150390625,24238.5,24311.900390625,421100,0.0005136803511647248,-7.191007773188485e-05,24276.939453125,23572.41474609375,23118.1109765625,0.007987806084735634,-0.008009422850412284,1.0
2025-05-05,24461.150390625,24461.150390625,24526.400390625,24400.650390625,24419.5,291500,0.004700890697612925,0.0005136803511647248,24361.299609375,23637.1873046875,23146.7059765625,0.006381987270744267,-0.30776537639515555,0.0
2025-05-06,24379.599609375,24379.599609375,24509.650390625,24331.80078125,24500.75,302400,-0.0033338898599493128,0.004700890697612925,24371.51953125,23689.5498046875,23175.71296875,0.005766467269682956,0.03739279588336197,1.0
2025-05-07,24414.400390625,24414.400390625,24449.599609375,24220.0,24233.30078125,330100,0.0014274549954715887,-0.0033338898599493128,24387.209765625,23747.76484375,23204.8109765625,0.005763392932607802,0.09160052910052907,0.0
2025-05-08,24273.80078125,24273.80078125,24447.25,24150.19921875,24431.5,411400,-0.005758880297096702,0.0014274549954715887,24375.130078125,23816.232421875,23231.3809765625,0.005750042221601742,0.2462890033323235,0.0
2025-05-09,24008.0,24008.0,24164.25,23935.75,23935.75,335600,-0.0109501096942064,-0.005758880297096702,24307.390234375,23908.55244140625,23252.88296875,0.006642476063511224,-0.18424890617403988,1.0
2025-05-12,24924.69921875,24924.69921875,24944.80078125,24378.849609375,24420.099609375,368700,0.038183073090219954,-0.0109501096942064,24400.1,24027.994921875,23293.1139453125,0.013556782176729076,0.09862932061978547,0.0
2025-05-13,24578.349609375,24578.349609375,24973.80078125,24547.5,24864.05078125,423000,-0.01389583907654357,0.038183073090219954,24439.85,24136.9548828125,23328.7629296875,0.014249201612239772,0.14727420667209112,1.0
2025-05-14,24666.900390625,24666.900390625,24767.55078125,24535.55078125,24613.80078125,345500,0.0036027960647213586,-0.01389583907654357,24490.35,24228.87236328125,23371.0339453125,0.01426660928008525,-0.18321513002364065,1.0
2025-05-15,25062.099609375,25062.099609375,25116.25,24494.44921875,24694.44921875,500800,0.01602143814146184,0.0036027960647213586,24648.009765625,24315.5498046875,23421.324921875,0.014967381458364843,0.4494934876989869,0.0
2025-05-16,25019.80078125,25019.80078125,25070.0,24953.05078125,25064.650390625,432700,-0.0016877607536591732,0.01602143814146184,24850.369921875,24394.6798828125,23470.819921875,0.015024927687704822,-0.13598242811501593,0.0
2025-05-19,24945.44921875,24945.44921875,25062.94921875,24916.650390625,25005.349609375,255300,-0.0029717088137536374,-0.0016877607536591732,24854.519921875,24449.36982421875,23527.234921875,0.015114462756069712,-0.409983822509822,0.0
2025-05-20,24683.900390625,24683.900390625,25010.349609375,24669.69921875,24996.19921875,414800,-0.010484831354666824,-0.0029717088137536374,24875.630078125,24477.2873046875,23578.5269140625,0.01556077803155987,0.6247551899725812,1.0
2025-05-21,24813.44921875,24813.44921875,24946.19921875,24685.349609375,24744.25,332700,0.00524831270888626,-0.010484831354666824,24904.93984375,24509.597265625,23633.142890625,0.01560976276866712,-0.1979267116682739,0.0
2025-05-22,24609.69921875,24609.69921875,24737.5,24462.400390625,24733.94921875,403300,-0.008211272774042211,0.00524831270888626,24814.459765625,24523.634765625,23678.590859375,0.01575905235390172,0.21220318605350164,1.0
2025-05-23,24853.150390625,24853.150390625,24909.05078125,24614.05078125,24639.5,270500,0.009892488718005854,-0.008211272774042211,24781.1296875,24553.95732421875,23724.7598828125,0.015303322158373794,-0.3292834118522192,1.0
2025-05-26,25001.150390625,25001.150390625,25079.19921875,24900.5,24919.349609375,302800,0.005954979456279652,0.009892488718005854,24792.269921875,24602.04736328125,23773.732890625,0.009495390820079434,0.11940850277264325,0.0
2025-05-27,24826.19921875,24826.19921875,25062.900390625,24704.099609375,24956.650390625,525700,-0.0069977248703164685,0.005954979456279652,24820.7296875,24626.93232421875,23821.050859375,0.008549152460984219,0.7361294583883751,0.0
2025-05-28,24752.44921875,24752.44921875,24864.25,24737.05078125,24832.5,684400,-0.0029706520659956714,-0.0069977248703164685,24808.5296875,24647.75732421875,23866.1418359375,0.008582570820892577,0.3018832033479171,1.0
2025-05-29,24833.599609375,24833.599609375,24892.599609375,24677.30078125,24825.099609375,345400,0.003278479228775888,-0.0029706520659956714,24853.309765625,24672.72734375,23913.403828125,0.006753072020790361,-0.4953243717124488,0.0
2025-05-30,24750.69921875,24750.69921875,24863.94921875,24717.400390625,24812.599609375,853900,-0.00333823496911434,0.003278479228775888,24832.81953125,24692.92734375,23960.473828125,0.006794642158900715,1.4722061378112334,0.0
2025-06-02,24716.599609375,24716.599609375,24754.400390625,24526.150390625,24669.69921875,311100,-0.0013777230725331435,-0.00333823496911434,24775.909375,24705.6998046875,24004.6308203125,0.006763437237848668,-0.6356716243119803,0.0
2025-06-03,24542.5,24542.5,24845.099609375,24502.150390625,24786.30078125,349300,-0.007043833380258491,-0.0013777230725331435,24719.16953125,24713.84482421875,24038.7948046875,0.006292805871394484,0.12279009964641596,1.0
2025-06-04,24620.19921875,24620.19921875,24644.25,24530.44921875,24560.44921875,280900,0.003165904807986175,-0.007043833380258491,24692.71953125,24724.134765625,24073.046796875,0.006111204472356802,-0.19582021185227594,1.0
2025-06-05,24750.900390625,24750.900390625,24899.849609375,24613.099609375,24691.19921875,388400,0.005308696762106768,0.003165904807986175,24676.1796875,24747.98974609375,24104.251796875,0.005766557974803977,0.38269846920612327,1.0
2025-06-06,25003.05078125,25003.05078125,25029.5,24671.44921875,24748.69921875,335600,0.01018752395450262,0.005308696762106768,24726.65,24797.74228515625,24137.3048046875,0.0058199638482925205,-0.1359423274974253,1.0
2025-06-09,25103.19921875,25103.19921875,25160.099609375,25077.150390625,25160.099609375,279200,0.004005448710087123,0.01018752395450262,24803.969921875,24806.66728515625,24166.201796875,0.005651492410128521,-0.16805721096543502,1.0
2025-06-10,25104.25,25104.25,25199.30078125,25055.44921875,25196.05078125,307300,4.18584595869298e-05,0.004005448710087123,24916.319921875,24832.9623046875,24194.9137890625,0.005028738441806596,0.10064469914040108,1.0
2025-06-11,25141.400390625,25141.400390625,25222.400390625,25081.30078125,25134.150390625,301200,0.0014798446727146697,4.18584595869298e-05,25020.56015625,24856.6873046875,24228.0048046875,0.004818461049496256,-0.01985030914415875,0.0
2025-06-12,24888.19921875,24888.19921875,25196.19921875,24825.900390625,25164.44921875,328300,-0.010071084662786611,0.0014798446727146697,25048.019921875,24847.99228515625,24253.9298046875,0.005997723952843219,0.08997343957503312,0.0
2025-06-13,24718.599609375,24718.599609375,24754.349609375,24473.0,24473.0,318700,-0.006814458847919758,-0.010071084662786611,24991.1296875,24832.9322265625,24277.9148046875,0.006319972952971849,-0.02924154736521478,1.0
2025-06-16,24946.5,24946.5,24967.099609375,24703.599609375,24732.349609375,305800,0.00921979376770854,-0.006814458847919758,24959.78984375,24832.984765625,24313.5308203125,0.006942009730069525,-0.04047693755883275,0.0
2025-06-17,24853.400390625,24853.400390625,24982.05078125,24813.69921875,24977.849609375,242400,-0.0037319707924959866,0.00921979376770854,24909.619921875,24841.459765625,24343.9518359375,0.006588370029552503,-0.2073250490516677,0.0
2025-06-18,24812.05078125,24812.05078125,24947.55078125,24750.44921875,24788.349609375,237600,-0.0016637405234334324,-0.0037319707924959866,24843.75,24841.38984375,24375.190859375,0.006611671878299469,-0.01980198019801982,0.0
2025-06-19,24793.25,24793.25,24863.099609375,24733.400390625,24803.25,274600,-0.0007577278241026608,-0.0016637405234334324,24824.76015625,24850.5673828125,24412.966875,0.0064273690123609045,0.1557239057239057,1.0
2025-06-20,25112.400390625,25112.400390625,25136.19921875,24783.650390625,24787.650390625,574700,0.01287247095983779,-0.0007577278241026608,24903.5203125,24863.5298828125,24471.982890625,0.006928008898289983,1.0928623452294248,0.0
2025-06-23,24971.900390625,24971.900390625,25057.0,24824.849609375,24939.75,248500,-0.0055948454872697395,0.01287247095983779,24908.600390625,24862.0673828125,24520.70390625,0.007045980572701147,-0.5676004872107187,1.0
2025-06-24,25044.349609375,25044.349609375,25317.69921875,24999.69921875,25179.900390625,450200,0.0029012296868362597,-0.0055948454872697395,24946.790234375,24872.97490234375,24573.607890625,0.007128043911748966,0.8116700201207243,1.0
2025-06-25,25244.75,25244.75,25266.80078125,25125.05078125,25150.349609375,260600,0.008001820520425307,0.0029012296868362597,25033.330078125,24897.58994140625,24621.931875,0.007584229222114473,-0.4211461572634385,1.0
2025-06-26,25549.0,25549.0,25565.30078125,25259.900390625,25268.94921875,428900,0.012052010814129765,0.008001820520425307,25184.480078125,24933.3599609375,24666.340859375,0.007403212225541047,0.6458173445894091,1.0
2025-06-27,25637.80078125,25637.80078125,25654.19921875,25523.55078125,25576.650390625,564000,0.003475704773181043,0.012052010814129765,25289.56015625,24977.7150390625,24710.352890625,0.00661493891671146,0.3149918395896478,0.0
2025-06-30,25517.05078125,25517.05078125,25669.349609375,25473.30078125,25661.650390625,271000,-0.004709842354665206,0.003475704773181043,25398.590234375,25017.73759765625,24743.6608984375,0.0067826826816899605,-0.5195035460992907,1.0
2025-07-01,25541.80078125,25541.80078125,25593.400390625,25501.80078125,25551.349609375,260700,0.0009699396772837598,-0.004709842354665206,25498.08046875,25067.70263671875,24771.9858984375,0.006475271833461276,-0.03800738007380078,0.0
2025-07-02,25453.400390625,25453.400390625,25608.099609375,25378.75,25588.30078125,309800,-0.0034610085397696055,0.0009699396772837598,25539.810546875,25109.3626953125,24797.70890625,0.006634520110679396,0.1883390870732642,0.0
2025-07-03,25405.30078125,25405.30078125,25587.5,25384.349609375,25505.099609375,293400,-0.00188971251922454,-0.0034610085397696055,25511.070703125,25142.08271484375,24819.2359375,0.006706962402281482,-0.05293737895416395,1.0
2025-07-04,25461.0,25461.0,25470.25,25331.650390625,25428.849609375,193500,0.0021924250859925998,-0.00188971251922454,25475.710546875,25164.98017578125,24843.521953125,0.005628634731419531,-0.3404907975460123,1.0
2025-07-07,25461.30078125,25461.30078125,25489.80078125,25407.25,25450.44921875,196100,1.1813410706551508e-05,0.0021924250859925998,25464.560546875,25182.88525390625,24871.9609765625,0.005110548256727313,0.013436692506459957,1.0
2025-07-08,25522.5,25522.5,25548.05078125,25424.150390625,25427.849609375,210400,0.0024036171315751087,1.1813410706551508e-05,25460.700390625,25203.79775390625,24895.8409765625,0.0051027216809892174,0.07292197858235605,0.0
2025-07-09,25476.099609375,25476.099609375,25548.69921875,25424.349609375,25514.599609375,239100,-0.00181801902732881,0.0024036171315751087,25465.240234375,25220.53271484375,24918.643984375,0.00473028416791382,0.13640684410646386,0.0
2025-07-10,25355.25,25355.25,25524.05078125,25340.44921875,25511.650390625,219600,-0.004743646446198069,-0.00181801902732881,25455.230078125,25243.88525390625,24939.065,0.003007704311220369,-0.081555834378921,0.0
2025-07-11,25149.849609375,25149.849609375,25322.44921875,25129.0,25255.5,250000,-0.008100901810276007,-0.004743646446198069,25393.0,25265.44775390625,24955.1280078125,0.0033999155599604963,0.1384335154826959,0.0
2025-07-14,25082.30078125,25082.30078125,25151.099609375,25001.94921875,25149.5,259500,-0.002685854157148504,-0.008100901810276007,25317.2,25272.23779296875,24967.551015625,0.0032728914099717362,0.038000000000000034,1.0
2025-07-15,25195.80078125,25195.80078125,25245.19921875,25088.44921875,25089.5,241300,0.004525103218794291,-0.002685854157148504,25251.86015625,25289.3578125,24983.8750390625,0.0037542873103972993,-0.07013487475915225,1.0
2025-07-16,25212.05078125,25212.05078125,25255.30078125,25121.05078125,25196.599609375,228800,0.0006449487413033861,0.004525103218794291,25199.050390625,25309.3578125,24999.828046875,0.003722961533770655,-0.05180273518441769,0.0
2025-07-17,25111.44921875,25111.44921875,25238.349609375,25101.0,25230.75,243400,-0.003990217351728331,0.0006449487413033861,25150.290234375,25325.2677734375,25016.581015625,0.0038395506399244088,0.06381118881118875,0.0
2025-07-18,24968.400390625,24968.400390625,25144.599609375,24918.650390625,25108.55078125,317000,-0.0056965580472427835,-0.003990217351728331,25114.000390625,25318.0677734375,25035.7890234375,0.003885289917588511,0.3023829087921117,1.0
2025-07-21,25090.69921875,25090.69921875,25111.400390625,24882.30078125,24999.0,305200,0.004898144302865282,-0.0056965580472427835,25115.680078125,25324.00771484375,25039.1090234375,0.004428078374192569,-0.037223974763406886,0.0
2025-07-22,25060.900390625,25060.900390625,25182.0,25035.55078125,25166.650390625,483700,-0.0011876443882732346,0.004898144302865282,25088.7,25324.83525390625,25048.7600390625,0.004221033667849712,0.584862385321101,1.0
2025-07-23,25219.900390625,25219.900390625,25233.5,25085.5,25139.349609375,271500,0.006344544590244583,-0.0011876443882732346,25090.269921875,25323.5927734375,25059.8200390625,0.004947245297643488,-0.4387016745916891,0.0
2025-07-24,25062.099609375,25062.099609375,25246.25,25018.69921875,25243.30078125,338700,-0.006256994627491075,0.006344544590244583,25080.4,25299.24775390625,25059.8200390625,0.005095440255525635,0.24751381215469603,0.0
2025-07-25,24837.0,24837.0,25010.349609375,24806.349609375,25010.349609375,278100,-0.008981674037030651,-0.006256994627491075,25054.119921875,25259.20771484375,25056.1640234375,0.005234640520584205,-0.1789193976970771,0.0
2025-07-28,24680.900390625,24680.900390625,24889.19921875,24646.599609375,24782.44921875,262100,-0.006284962329387578,-0.008981674037030651,24972.16015625,25217.4001953125,25050.873046875,0.00546391066087373,-0.05753326141675652,1.0
2025-07-29,24821.099609375,24821.099609375,24847.150390625,24598.599609375,24609.650390625,284700,0.005680474234370125,-0.006284962329387578,24924.2,25181.36513671875,25053.61703125,0.005617832819705801,0.08622663105684847,1.0
2025-07-30,24855.05078125,24855.05078125,24902.30078125,24771.94921875,24890.400390625,243900,0.001367835124523431,0.005680474234370125,24851.230078125,25151.44765625,25054.4490625,0.005652799110655878,-0.1433087460484721,0.0
2025-07-31,24768.349609375,24768.349609375,24956.5,24635.0,24642.25,346300,-0.0034882717656889994,0.001367835124523431,24792.480078125,25119.60009765625,25057.6220703125,0.00562952973246955,0.4198441984419845,0.0
2025-08-01,24565.349609375,24565.349609375,24784.150390625,24535.05078125,24734.900390625,263400,-0.008195943742782208,-0.0034882717656889994,24738.15,25074.817578125,25051.8660546875,0.005892760063620316,-0.2393878140340745,1.0
2025-08-04,24722.75,24722.75,24736.25,24554.0,24596.05078125,259300,0.006407415043054421,-0.008195943742782208,24746.519921875,25037.8900390625,25046.298046875,0.006093878153224825,-0.015565679574791158,0.0
2025-08-05,24649.55078125,24649.55078125,24733.099609375,24590.30078125,24720.25,251800,-0.0029608040671041946,0.006407415043054421,24712.21015625,24994.242578125,25042.765078125,0.006110861720725823,-0.02892402622445045,0.0
2025-08-06,24574.19921875,24574.19921875,24671.400390625,24539.19921875,24641.349609375,225100,-0.003056914228121266,-0.0029608040671041946,24656.03984375,24949.14755859375,25039.200078125,0.005431994532532765,-0.10603653693407467,1.0
2025-08-07,24596.150390625,24596.150390625,24634.19921875,24344.150390625,24464.19921875,616700,0.0008932609229541644,-0.003056914228121266,24621.6,24911.192578125,25034.45109375,0.005363939142729785,1.7396712572190136,0.0
2025-08-08,24363.30078125,24363.30078125,24585.5,24337.5,24544.25,312600,-0.009466912735407229,0.0008932609229541644,24581.190234375,24871.86513671875,25026.703125,0.005437197216010826,-0.4931084806226691,1.0
2025-08-11,24585.05078125,24585.05078125,24600.849609375,24347.44921875,24371.5,241100,0.009101804471857822,-0.009466912735407229,24553.650390625,24847.00263671875,25024.0721484375,0.006187147511158495,-0.2287268074216251,0.0
2025-08-12,24487.400390625,24487.400390625,24702.599609375,24465.650390625,24563.349609375,237000,-0.003971941790719136,0.009101804471857822,24521.2203125,24811.5826171875,25022.97015625,0.005883509188840096,-0.017005391953546223,1.0
2025-08-13,24619.349609375,24619.349609375,24664.55078125,24535.25,24586.19921875,236000,0.005388453516712133,-0.003971941790719136,24530.250390625,24781.94755859375,25022.9531640625,0.006216828043204986,-0.00421940928270037,1.0
2025-08-14,24631.30078125,24631.30078125,24673.650390625,24596.900390625,24607.25,270200,0.00048543816407109475,0.005388453516712133,24537.28046875,24757.94013671875,25020.561171875,0.006162249348905802,0.14491525423728824,1.0
2025-08-18,24876.94921875,24876.94921875,25022.0,24852.849609375,24938.19921875,363100,0.009973019276634965,0.00048543816407109475,24640.01015625,24753.367578125,25018.039140625,0.006329579108382126,0.3438193930421909,1.0
2025-08-19,24980.650390625,24980.650390625,25012.650390625,24873.94921875,24891.349609375,252300,0.004168564680625764,0.009973019276634965,24719.130078125,24747.86513671875,25015.5881640625,0.00616550534444681,-0.3051500963921785,1.0
2025-08-20,25050.55078125,25050.55078125,25088.69921875,24929.69921875,24965.80078125,287100,0.0027981813736617234,0.004168564680625764,24831.76015625,24747.34765625,25014.5141796875,0.006015830435540507,0.13793103448275867,1.0
2025-08-21,25083.75,25083.75,25153.650390625,25054.900390625,25142.0,226500,0.0013252889742787488,0.0027981813736617234,24924.640234375,24740.54013671875,25013.361171875,0.005791813213416997,-0.21107628004179724,0.0
2025-08-22,24870.099609375,24870.099609375,25084.849609375,24859.150390625,25064.150390625,210200,-0.008517482060098724,0.0013252889742787488,24972.4,24730.94013671875,25012.9991796875,0.006697849077137268,-0.07196467991169975,1.0
2025-08-25,24967.75,24967.75,25021.55078125,24894.349609375,24949.150390625,213000,0.003926417350905487,-0.008517482060098724,24990.56015625,24737.47763671875,25017.9821875,0.005591458284959037,0.013320647002854402,0.0
2025-08-26,24712.05078125,24712.05078125,24919.650390625,24689.599609375,24899.5,750500,-0.010241179872034878,0.003926417350905487,24936.840234375,24739.03515625,25013.293203125,0.006337469798049731,2.523474178403756,0.0
2025-08-28,24500.900390625,24500.900390625,24702.650390625,24481.599609375,24695.80078125,326600,-0.008544430103923584,-0.010241179872034878,24826.91015625,24723.0251953125,25006.243203125,0.006843411555349794,-0.5648234510326449,0.0
2025-08-29,24426.849609375,24426.849609375,24572.44921875,24404.69921875,24466.69921875,325500,-0.0030223697933294824,-0.008544430103923584,24695.530078125,24701.61513671875,24998.5391796875,0.006631556665576498,-0.003368034292712818,1.0
2025-09-01,24625.05078125,24625.05078125,24635.599609375,24432.69921875,24432.69921875,229300,0.008114070174605414,-0.0030223697933294824,24646.5203125,24694.4501953125,24995.1751953125,0.007205324990505101,-0.29554531490015357,0.0
2025-09-02,24579.599609375,24579.599609375,24756.099609375,24522.349609375,24653.0,271600,-0.0018457290617897026,0.008114070174605414,24568.890234375,24695.1626953125,24984.5191796875,0.00629974081589984,0.18447448757086793,1.0
2025-09-03,24715.05078125,24715.05078125,24737.05078125,24533.19921875,24616.5,340300,0.0055107151470170646,-0.0018457290617897026,24569.490234375,24694.777734375,24979.3821875,0.00643919747519662,0.25294550810014726,1.0
2025-09-04,24734.30078125,24734.30078125,24980.75,24708.19921875,24980.75,314100,0.0007788776228048189,0.0055107151470170646,24616.1703125,24699.015234375,24973.1812109375,0.006335958386922581,-0.07699089039083162,1.0
2025-09-05,24741.0,24741.0,24832.349609375,24621.599609375,24818.849609375,210100,0.00027084730671167456,0.0007788776228048189,24679.000390625,24707.3552734375,24963.1062109375,0.00629696276027125,-0.33110474371219356,1.0
2025-09-08,24773.150390625,24773.150390625,24885.5,24751.55078125,24802.599609375,213200,0.0012994782193525012,0.00027084730671167456,24708.6203125,24716.2052734375,24947.58921875,0.005802425539395311,0.0147548786292242,1.0
2025-09-09,24868.599609375,24868.599609375,24891.80078125,24814.0,24864.099609375,226900,0.003852930178235292,0.0012994782193525012,24766.4203125,24741.47021484375,24932.2051953125,0.005796415492403535,0.06425891181988752,1.0
2025-09-10,24973.099609375,24973.099609375,25035.69921875,24915.05078125,24991.0,244100,0.0042020862308871365,0.003852930178235292,24818.030078125,24760.87265625,24921.326171875,0.004776739157142287,0.07580431908329666,1.0
2025-09-11,25005.5,25005.5,25037.30078125,24940.150390625,24945.5,224600,0.0012974116602184615,0.0042020862308871365,24872.269921875,24786.77763671875,24910.60015625,0.0033903097833214305,-0.07988529291274071,1.0
2025-09-12,25114.0,25114.0,25139.44921875,25038.05078125,25074.44921875,225700,0.004339045410009845,0.0012974116602184615,24946.869921875,24811.51015625,24903.8121484375,0.0029363795205257634,0.004897595725734671,0.0
2025-09-15,25069.19921875,25069.19921875,25138.44921875,25048.75,25118.900390625,185400,-0.0017838966811339896,0.004339045410009845,25006.0796875,24833.405078125,24897.0901171875,0.0025867151797892536,-0.178555604785113,1.0
2025-09-16,25239.099609375,25239.099609375,25261.400390625,25070.44921875,25073.599609375,240100,0.006777256391098607,-0.0017838966811339896,25080.1796875,24851.51259765625,24892.652109375,0.0026750064141960127,0.2950377562028048,1.0
2025-09-17,25330.25,25330.25,25346.5,25275.349609375,25276.599609375,268900,0.003611475529465391,0.006777256391098607,25151.609765625,24868.992578125,24890.03109375,0.0025121474994632713,0.11995002082465644,1.0
2025-09-18,25423.599609375,25423.599609375,25448.94921875,25329.75,25441.05078125,272200,0.0036853015416349333,0.003611475529465391,25235.2296875,24887.64501953125,24888.0530859375,0.0024631048968645334,0.012272220156191782,0.0
2025-09-19,25327.05078125,25327.05078125,25428.75,25286.30078125,25410.19921875,380400,-0.0037976065391384095,0.0036853015416349333,25277.83984375,24899.81005859375,24885.072109375,0.0031572483257105493,0.3975018368846437,0.0
2025-09-22,25202.349609375,25202.349609375,25331.69921875,25151.05078125,25238.099609375,254500,-0.004923635718664832,-0.0037976065391384095,25304.469921875,24916.42255859375,24882.0141015625,0.003910425666036695,-0.3309674027339643,0.0
2025-09-23,25169.5,25169.5,25261.900390625,25084.650390625,25209.0,299200,-0.0013034343973540308,-0.004923635718664832,25290.55,24926.51005859375,24882.407109375,0.003938669695590379,0.17563850687622784,0.0
2025-09-24,25056.900390625,25056.900390625,25149.849609375,25027.44921875,25108.75,244400,-0.00447365300760838,-0.0013034343973540308,25235.880078125,24943.7525390625,24881.8991015625,0.004155979676466653,-0.1831550802139037,0.0
2025-09-25,24890.849609375,24890.849609375,25092.69921875,24878.30078125,25034.5,342500,-0.006626948212322681,-0.00447365300760838,25129.330078125,24963.25,24875.800078125,0.004676614173240961,0.4013911620294599,0.0
2025-09-26,24654.69921875,24654.69921875,24868.599609375,24629.44921875,24818.55078125,291500,-0.009487437927231501,-0.006626948212322681,24994.859765625,24974.64248046875,24864.653046875,0.005125865151065121,-0.1489051094890511,0.0
2025-09-29,24634.900390625,24634.900390625,24791.30078125,24606.19921875,24728.55078125,394400,-0.0008030448049409777,-0.009487437927231501,24881.369921875,24975.1349609375,24855.1220703125,0.005136267296539946,0.3530017152658662,0.0
2025-09-30,24611.099609375,24611.099609375,24731.80078125,24587.69921875,24691.94921875,303000,-0.0009661407544825362,-0.0008030448049409777,24769.68984375,24976.7099609375,24847.9760546875,0.004210840552273166,-0.23174442190669375,1.0
2025-10-01,24836.30078125,24836.30078125,24867.94921875,24605.94921875,24620.55078125,308900,0.009150390492475902,-0.0009661407544825362,24725.569921875,24982.7724609375,24842.8880859375,0.005322785509639122,0.019471947194719563,1.0
2025-10-03,24894.25,24894.25,24904.80078125,24747.55078125,24759.55078125,365900,0.0023332467769816567,0.009150390492475902,24726.25,24990.769921875,24839.555078125,0.005178831796682926,0.18452573648429915,1.0
2025-10-06,25077.650390625,25077.650390625,25095.94921875,24881.650390625,24916.55078125,268800,0.007367178791287232,0.0023332467769816567,24810.840234375,25007.60244140625,24836.710078125,0.005920171546388638,-0.2653730527466521,1.0
2025-10-07,25108.30078125,25108.30078125,25220.900390625,25076.30078125,25085.30078125,288000,0.0012222193924698033,0.007367178791287232,24905.5203125,25024.3599609375,24837.6341015625,0.00578191114440428,0.0714285714285714,0.0
2025-10-08,25046.150390625,25046.150390625,25192.5,25008.5,25079.75,227400,-0.0024752925801897474,0.0012222193924698033,24992.53046875,25033.2375,24841.817109375,0.005814965731043945,-0.2104166666666667,1.0
2025-10-09,25181.80078125,25181.80078125,25199.25,25024.30078125,25074.30078125,286300,0.005416017571936882,-0.0024752925801897474,25061.63046875,25043.67255859375,24851.8351171875,0.0058998822611740186,0.25901495162708876,1.0
2025-10-10,25285.349609375,25285.349609375,25330.75,25156.849609375,25167.650390625,232900,0.0041120501676790155,0.005416017571936882,25139.850390625,25057.6650390625,24861.1201171875,0.005413140225282385,-0.1865176388403772,0.0
2025-10-13,25227.349609375,25227.349609375,25267.30078125,25152.30078125,25177.30078125,234300,-0.0022938183927065925,0.0041120501676790155,25169.790234375,25063.33251953125,24868.56609375,0.004095562818204414,0.006011163589523472,0.0
2025-10-14,25145.5,25145.5,25310.349609375,25060.55078125,25277.55078125,292100,-0.003244479132464395,-0.0022938183927065925,25177.230078125,25067.14755859375,24876.1091015625,0.004365390175757753,0.24669227486128897,1.0
2025-10-15,25323.55078125,25323.55078125,25365.150390625,25159.349609375,25181.94921875,289900,0.007080820872521931,-0.003244479132464395,25232.71015625,25071.3701171875,24891.273125,0.004485173615320431,-0.007531667237247519,1.0
2025-10-16,25585.30078125,25585.30078125,25625.400390625,25376.849609375,25394.900390625,372800,0.010336228211479837,0.007080820872521931,25313.41015625,25084.12265625,24908.524140625,0.004681158323551081,0.28596067609520515,1.0
2025-10-17,25709.849609375,25709.849609375,25781.5,25508.599609375,25546.849609375,422100,0.004867983737610659,0.010336228211479837,25398.31015625,25098.43515625,24929.7301171875,0.00471045445762237,0.13224248927038618,1.0
2025-10-20,25843.150390625,25843.150390625,25926.19921875,25788.5,25824.599609375,301100,0.005184813729964155,0.004867983737610659,25521.4703125,25124.24013671875,24955.109140625,0.0045456085479339825,-0.2866619284529732,1.0
2025-10-21,25868.599609375,25868.599609375,25934.349609375,25825.80078125,25901.19921875,42500,0.0009847568259027106,0.005184813729964155,25666.090234375,25157.55263671875,24980.558125,0.004556654294402613,-0.858850880106277,1.0
2025-10-23,25891.400390625,25891.400390625,26104.19921875,25862.44921875,26057.19921875,448400,0.0008814076368377499,0.0009847568259027106,25779.66015625,25193.64765625,25011.1201171875,0.0042199460701013375,9.550588235294118,0.0
2025-10-24,25795.150390625,25795.150390625,25944.150390625,25718.19921875,25935.099609375,284900,-0.0037174505259611745,0.0008814076368377499,25821.630078125,25230.56015625,25035.322109375,0.004682018363116803,-0.3646297948260482,1.0
2025-10-27,25966.05078125,25966.05078125,26005.94921875,25827.0,25843.19921875,266300,0.006625291500029773,-0.0037174505259611745,25872.8703125,25284.32021484375,25064.8951171875,0.0048475117557055195,-0.06528606528606529,0.0
2025-10-28,25936.19921875,25936.19921875,26041.69921875,25810.05078125,25939.94921875,395200,-0.001149638146805021,0.006625291500029773,25891.480078125,25348.39521484375,25091.232109375,0.004729379670705665,0.4840405557641758,1.0
2025-10-29,26053.900390625,26053.900390625,26097.849609375,25960.30078125,25982.0,321900,0.0045381040946781415,-0.001149638146805021,25928.540234375,25419.34521484375,25119.6841015625,0.004242190167381395,-0.18547570850202433,0.0
2025-10-30,25877.849609375,25877.849609375,26032.05078125,25845.25,25984.400390625,257400,-0.0067571756478100875,0.0045381040946781415,25925.830078125,25482.68271484375,25139.702109375,0.0051311029657445445,-0.20037278657968316,0.0
2025-10-31,25722.099609375,25722.099609375,25953.75,25711.19921875,25863.80078125,334400,-0.006018660837397216,-0.0067571756478100875,25911.219921875,25526.97265625,25154.53109375,0.004840582214660416,0.2991452991452992,1.0
2025-11-03,25763.349609375,25763.349609375,25803.099609375,25645.5,25696.849609375,23300,0.0016036793506921665,-0.006018660837397216,25870.6796875,25570.42763671875,25168.7870703125,0.004621703289393917,-0.930322966507177,0.0
2025-11-04,25597.650390625,25597.650390625,25787.400390625,25578.400390625,25744.75,305100,-0.006431586779760301,0.0016036793506921665,25802.969921875,25596.42763671875,25179.065078125,0.004693774153340467,12.094420600858369,0.0
2025-11-06,25509.69921875,25509.69921875,25679.150390625,25491.55078125,25593.349609375,371900,-0.0034359080045569534,-0.006431586779760301,25694.1296875,25616.49755859375,25191.8570703125,0.004700092103035165,0.2189446083251394,0.0
2025-11-07,25492.30078125,25492.30078125,25551.25,25318.44921875,25433.80078125,305600,-0.0006820322478444663,-0.0034359080045569534,25617.019921875,25638.805078125,25202.3480859375,0.004641924708340393,-0.17827372949717668,1.0
2025-11-10,25574.349609375,25574.349609375,25653.44921875,25503.5,25503.5,243600,0.0032185728871263475,-0.0006820322478444663,25587.469921875,25658.43251953125,25219.5940625,0.0047964601700308755,-0.20287958115183247,1.0
2025-11-11,25694.94921875,25694.94921875,25715.80078125,25449.25,25617.0,297700,0.0047156471705849246,0.0032185728871263475,25573.78984375,25678.9125,25243.4750390625,0.004494318744738405,0.22208538587848925,1.0
2025-11-12,25875.80078125,25875.80078125,25934.55078125,25781.150390625,25834.30078125,312600,0.0070384090258497345,0.0047156471705849246,25629.419921875,25711.33505859375,25272.4540625,0.005167556142881059,0.05005038629492775,1.0
2025-11-13,25879.150390625,25879.150390625,26010.69921875,25808.400390625,25906.099609375,385200,0.00012944949620363744,0.0070384090258497345,25703.31015625,25748.017578125,25297.5360546875,0.0048974143906201735,0.23224568138195778,1.0
2025-11-14,25910.05078125,25910.05078125,25940.19921875,25740.80078125,25767.900390625,518900,0.001194026471448284,0.00012944949620363744,25786.86015625,25777.342578125,25324.145078125,0.004420066474869356,0.34709241952232617,1.0
2025-11-17,26013.44921875,26013.44921875,26024.19921875,25906.349609375,25948.19921875,281800,0.0039906690408659795,0.001194026471448284,25874.680078125,25798.75,25350.113046875,0.003983991628252771,-0.4569281171709385,0.0
2025-11-18,25910.05078125,25910.05078125,26029.849609375,25876.5,26021.80078125,280000,-0.003974806902018679,0.0039906690408659795,25917.700390625,25808.76005859375,25373.628046875,0.004289756476151347,-0.0063875088715400485,1.0
2025-11-19,26052.650390625,26052.650390625,26074.650390625,25856.19921875,25918.099609375,250100,0.005503640675154298,-0.003974806902018679,25953.0703125,25819.23505859375,25399.8610546875,0.0037497062931165716,-0.10678571428571426,1.0
2025-11-20,26192.150390625,26192.150390625,26246.650390625,26063.19921875,26132.099609375,240400,0.005354541588221684,0.005503640675154298,26015.6703125,25835.41259765625,25428.2410546875,0.003408600819978196,-0.038784486205517776,0.0
2025-11-21,26068.150390625,26068.150390625,26179.19921875,26052.19921875,26109.55078125,235600,-0.0047342428227803435,0.005354541588221684,26047.290234375,25844.25009765625,25452.2320703125,0.00403236858631799,-0.019966722129783676,0.0
2025-11-24,25959.5,25959.5,26142.80078125,25912.150390625,26122.80078125,464700,-0.004167936312968079,-0.0047342428227803435,26036.500390625,25852.467578125,25471.960078125,0.004485049284433564,0.9724108658743633,0.0
2025-11-25,25884.80078125,25884.80078125,26032.599609375,25857.5,25998.5,260500,-0.002877529180069005,-0.004167936312968079,26031.450390625,25848.405078125,25489.54609375,0.004523675530189757,-0.43942328383903595,1.0
2025-11-26,26205.30078125,26205.30078125,26215.150390625,25842.94921875,25842.94921875,275300,0.012381783530362567,-0.002877529180069005,26061.98046875,25861.86015625,25511.372109375,0.005548960694143119,0.056813819577735014,1.0
2025-11-27,26215.55078125,26215.55078125,26310.44921875,26141.900390625,26261.25,240300,0.0003911422381892571,0.012381783530362567,26066.660546875,25869.94267578125,25534.299140625,0.005543546373764083,-0.12713403559753,0.0
2025-11-28,26202.94921875,26202.94921875,26280.75,26172.400390625,26237.44921875,202500,-0.0004806903583736144,0.0003911422381892571,26093.6203125,25886.19765625,25553.5761328125,0.00557253030317905,-0.1573033707865169,0.0
2025-12-01,26175.75,26175.75,26325.80078125,26124.19921875,26325.80078125,213800,-0.0010380212747401751,-0.0004806903583736144,26136.8703125,25908.88017578125,25570.4861328125,0.005513146211307265,0.05580246913580256,0.0
2025-12-02,26032.19921875,26032.19921875,26154.599609375,25997.849609375,26087.94921875,254800,-0.005484113396941881,-0.0010380212747401751,26166.35,25922.32265625,25582.658125,0.005671770621341033,0.19176800748362965,0.0
2025-12-03,25986.0,25986.0,26066.44921875,25891.0,26004.900390625,265700,-0.0017746951904364927,-0.005484113396941881,26122.48984375,25941.74013671875,25595.837109375,0.0054174698263773115,0.04277864992150704,1.0
2025-12-04,26033.75,26033.75,26098.25,25938.94921875,25981.849609375,248100,0.0018375278996383138,-0.0017746951904364927,26086.1296875,25967.94267578125,25612.4651171875,0.005119680630719496,-0.06624012043658256,1.0
2025-12-05,26186.44921875,26186.44921875,26202.599609375,25985.349609375,25999.80078125,249300,0.005865433091659877,0.0018375278996383138,26082.8296875,26002.65009765625,25632.8041015625,0.0052626765730345035,0.0048367593712213,0.0
2025-12-08,25960.55078125,25960.55078125,26178.69921875,25892.25,26159.80078125,320700,-0.00862653945989178,0.005865433091659877,26039.78984375,26021.96015625,25650.877109375,0.005854424215001106,0.286401925391095,0.0
2025-12-09,25839.650390625,25839.650390625,25923.650390625,25728.0,25867.099609375,276000,-0.004657081109092687,-0.00862653945989178,26001.280078125,26029.19521484375,25669.853125,0.005978008293466306,-0.13938260056127216,0.0
2025-12-10,25758.0,25758.0,25947.650390625,25734.55078125,25864.05078125,207900,-0.0031598875909956137,-0.004657081109092687,25955.680078125,26023.30517578125,25691.919140625,0.004071905384281126,-0.24673913043478257,1.0
2025-12-11,25898.55078125,25898.55078125,25922.80078125,25693.25,25771.400390625,206100,0.0054565875164998,-0.0031598875909956137,25928.640234375,26024.2751953125,25717.1921484375,0.004638370200385469,-0.008658008658008698,1.0
2025-12-12,26046.94921875,26046.94921875,26057.599609375,25938.44921875,25971.19921875,216300,0.005729990019651465,0.0054565875164998,25900.740234375,26031.1201171875,25745.909140625,0.005135462433427668,0.04949053857350805,0.0
2025-12-15,26027.30078125,26027.30078125,26047.150390625,25904.75,25930.05078125,181600,-0.0007543469807149705,0.005729990019651465,25914.090234375,26031.8126953125,25769.729140625,0.00513346556127901,-0.1604253351826167,0.0
2025-12-16,25860.099609375,25860.099609375,25980.75,25834.349609375,25951.5,264400,-0.006424068837574293,-0.0007543469807149705,25918.180078125,26029.31513671875,25789.0461328125,0.005241187918271064,0.45594713656387675,0.0
2025-12-17,25818.55078125,25818.55078125,25929.150390625,25770.349609375,25902.400390625,206500,-0.001606677033445636,-0.006424068837574293,25930.290234375,26017.61015625,25803.864140625,0.005237452346659453,-0.21898638426626327,0.0
2025-12-18,25815.55078125,25815.55078125,25902.349609375,25726.30078125,25764.69921875,197600,-0.00011619552256891819,-0.001606677033445636,25913.690234375,25998.78017578125,25818.009140625,0.005171035764269156,-0.043099273607748234,1.0
2025-12-19,25966.400390625,25966.400390625,25993.349609375,25880.44921875,25911.5,382900,0.005843362036054733,-0.00011619552256891819,25897.58046875,25993.69267578125,25836.414140625,0.005167864566389541,0.9377530364372471,1.0
2025-12-22,26172.400390625,26172.400390625,26180.69921875,26047.80078125,26055.849609375,253000,0.00793332910611566,0.005843362036054733,25926.600390625,26004.3376953125,25856.2261328125,0.0050442223080455735,-0.3392530686863411,1.0
2025-12-23,26177.150390625,26177.150390625,26233.55078125,26119.05078125,26205.19921875,216600,0.00018148889399149937,0.00793332910611566,25990.010546875,26018.95517578125,25874.0621484375,0.004678819329548266,-0.1438735177865612,0.0
2025-12-24,26142.099609375,26142.099609375,26236.400390625,26123.0,26170.650390625,188800,-0.0013389838361685946,0.00018148889399149937,26054.7203125,26015.7951171875,25892.3571484375,0.004518281179698874,-0.1283471837488458,0.0
2025-12-26,26042.30078125,26042.30078125,26144.19921875,26008.599609375,26121.25,142200,-0.0038175521330050532,-0.0013389838361685946,26100.0703125,26007.1326171875,25910.2931640625,0.004565296989712107,-0.24682203389830504,0.0
2025-12-29,25942.099609375,25942.099609375,26106.80078125,25920.30078125,26063.349609375,234300,-0.003847631310177624,-0.0038175521330050532,26095.21015625,25994.09013671875,25922.664140625,0.004360949072497098,0.6476793248945147,0.0
2025-12-30,25938.849609375,25938.849609375,25976.75,25878.0,25940.900390625,396900,-0.00012527898855285713,-0.003847631310177624,26048.5,25982.2451171875,25929.7351171875,0.0043597221505433355,0.6939820742637643,1.0
